:020000040000FA
:1000000058B70120052C00007B750000F12B000083
:10001000F12B0000F12B0000F12B0000F12B000070
:10002000000000000000000000000000A92C0000FB
:10003000F12B000000000000F12B0000F12B00006C
:10004000192E0000192E0000192E0000192E000094
:10005000192E0000192E0000192E0000192E000084
:10006000192E0000192E0000192E0000192E000074
:10007000192E0000192E0000192E0000192E000064
:10008000192E0000192E0000192E0000192E000054
:10009000192E0000192E0000192E0000192E000044
:1000A000192E0000192E0000192E0000192E000034
:1000B000192E0000192E0000192E0000192E000024
:1000C000192E0000192E0000192E0000192E000014
:1000D000192E0000192E0000192E0000192E000004
:1000E000192E0000192E0000192E0000192E0000F4
:1000F000192E0000192E0000192E0000192E0000E4
:10010000192E0000192E0000192E0000192E0000D3
:10011000192E0000192E0000192E0000192E0000C3
:10012000192E0000192E0000192E0000192E0000B3
:10013000192E0000192E0000192E0000192E0000A3
:10014000192E000053B94AB9002908BF00281CBF66
:100150004FF0FF314FF0FF3000F00CB8ADF1080C5C
:100160006DE904CE00F008F8DDF804E0DDE90223D3
:1001700004B07047704700BF2DE9F04786468C46B3
:100180000846089E154674461946002B40F0C1806B
:100190008542B2FA82F245D94AB1C2F1200300FA8F
:1001A00002FC954094402EFA03F343EA0C0C4FEA0C
:1001B000154EA8B2230CBCFBFEF80EFB18CC08FBB6
:1001C00000F943EA0C43994528D9EB1808F1FF37A9
:1001D00004D2994502D9A8F102072B44A3EB0903E5
:1001E000A4B2B3FBFEFC0EFB1C330CFB00F044EA94
:1001F0000344A04214D92C190CF1FF3304D2A042BD
:1002000002D9ACF102032C44241A43EA07401EB180
:10021000D440002334607360BDE8F0874746DDE7D3
:100220006346F1E792BB431B01214FEA154EAFB283
:10023000200CB3FBFEFC0EFB1C330CFB07F840EA62
:100240000343984561D9EB180CF1FF3004D298456F
:1002500002D9ACF102002B44A3EB0803A4B2B3FB18
:10026000FEFC0EFB1C330CFB07F744EA0344A742D9
:100270004DD92C190CF1FF3304D2A74202D9ACF1AD
:1002800002032C44E41B43EA0040C0E7C2F1200310
:100290009540944020FA03F12EFA03F34FEA154EED
:1002A0009040AFB20343B1FBFEFC0EFB1C10190CD7
:1002B0000CFB07F841EA0041884522D969180CF186
:1002C000FF3004D2884502D9ACF102002944A1EBE9
:1002D00008019BB2B1FBFEFC0EFB1C110CFB07F7E7
:1002E00043EA01439F420ED9EB180CF1FF3104D2CF
:1002F0009F4202D9ACF102012B44DB1B41EA0041D1
:1003000093E76046E3E76146F7E76046A4E76346A4
:10031000B8E7834206D916B9002108467CE7C6E94A
:1003200000E0F9E7B3FA83F78FB9834201D372454E
:1003300008D8BEEB020460EB030301209C461EB903
:10034000002169E73846FAE7C6E9004CF8E7C7F14B
:10035000200CBB400EFA07F522FA0CF42EFA0CF131
:10036000BA401C4320FA0CF3B8404FEA1449014349
:100370001FFA84FEB3FBF9F809FB18300B0C08FBDD
:100380000EFA43EA00439A4540D9E31808F1FF30DA
:1003900004D29A4502D9A8F102002344A3EB0A0330
:1003A00089B2B3FBF9F809FB183308FB0EFE41EAEA
:1003B00003418E452CD9611808F1FF3304D28E45D4
:1003C00002D9A8F10203214443EA0040A1EB0E0147
:1003D000A0FB02984145CE46434602D306D14D4587
:1003E00004D20138B9EB020E68EB0403002EA7D04B
:1003F000B5EB0E0261EB030101FA0CFC22FA07F3E4
:10040000F9404CEA0303C6E9003199E74046C5E7E5
:100410004346D9E7F0B5344B344A4921C3F80026A6
:100420003348C3F8042685B0C3F80826C3F80C2661
:10043000C3F81026C3F81426C3F81826C3F81C26E0
:1004400007F00DF806F098F800F096FA054601A8B6
:1004500000F038FD0446284600F09EFA254B1B6844
:10046000A34205D04521244806F0F9FF06F086F99D
:10047000039A4921214806F0F2FF4921204806F05D
:10048000EEFF4FF48031002003F022FC044620B13F
:1004900045211C4806F0E3FFFEE769469DF8080089
:1004A00000F034F8009B039D1D44019B1E8903F05E
:1004B000F7FBAF1901F0D6F801F0A6F801F0C0F88B
:1004C00084F30B8884F30A88AB5983F3088884F398
:1004D0001488BFF36F8FBFF36F8F7B6898474521F8
:1004E000094806F0BCFFFEE7008001503546526E19
:1004F0005285000070C500206B8500008E850000CD
:10050000BD850000E285000015860000024608B5A2
:1005100038B105480023452106F0A1FF6FF0150012
:1005200008BD0860FCE700BF3886000021B1012942
:1005300006D06FF015007047044B53F83000704739
:10054000024B03EBC0035868704700BF888100006E
:100550002DE9F04FDFF844B2DDB01646DDE96889D9
:100560001C466A9FDBF8005001F018F80122874B07
:100570003CA8C3F8002504F01DFFB8F1000F07D018
:10058000B9F1000F04DD4A4641463CA806F068FB7D
:100590004FF0000833897289D6F80CA013449A44AE
:1005A000C2456AD80FA93CA804F076FF0022774B19
:1005B000C3F80025C3F8002527B1202238460FA92B
:1005C00007F01CF800233146009322464FF6FF73D4
:1005D00009A805F0D2FF064600285FD120460E9FED
:1005E00000F0B4F9874259D84FF0FF37DFF8B0A1D7
:1005F000DFF898810DF11E0307AA08A909A806F0E3
:100600000AF800284ADB40F0B980089909A806F0EA
:100610004EF850B94FF6FF71BDF81E005C4A32F833
:10062000023B8B423AD09842F9D1BDF81E90B9F105
:10063000100F3DD0B9F1220F7DD0B9F1010FD9D102
:10064000BDF81C30202B29D8204608993CAA06F07A
:1006500014FF074610BB9DF81C30202B039309D8CC
:10066000DAF800204B4B0492049A97423FDB0023B8
:10067000C8F800354FF0FF37BCE7679BAAEB0809C5
:10068000994528BF994641464B462046669A06F052
:10069000F4FE30B100223D4BC3F80025DBF80050DA
:1006A0006EE04A4666993CA806F0DAFAC84477E755
:1006B000BDF81C90B9F1200FF0D14B4620460899A7
:1006C0003CAA06F0DAFE0028E8D100F055F94A46C7
:1006D00006463CA90FA800F0E7F88146304600F036
:1006E0005BF92D4B1B684B45D8D1012682E705935A
:1006F00000F054FFC8F800951FA804F05BFE059BAE
:100700001FA85A6853F8081B1268059306F0A8FA48
:1007100017A91FA804F0C0FE0022C8F80025039AFC
:100720003CA917A806F05AFF059B10B9C8F80005A8
:1007300060E7013798E77B1C3FF45CAFDAF80030E4
:10074000BB4297DDBDF81C30802BA7D82046089906
:100750003CAA06F092FE0028A0D100F00DF9FFB2ED
:1007600081462021BDF81C303CAA00970FA800F05C
:1007700019F80546484600F00FF97BE7002E8DD0AA
:1007800000F002F928465DB0BDE8F08F000084500B
:10079000248500009481000070C500206CC50020F5
:1007A000908100002DE9F04796B016461D469DF851
:1007B0007820384B074653F8321003EBC2035B68CE
:1007C00001911868DFF8DC800144302302AA01A8F7
:1007D000D8F8009006F0D2F9002851D1DDE90143A4
:1007E0001C44214606AB03AA01A806F0EFF9002835
:1007F00046D1049A072A43D12749059806F0EEFE10
:1008000000283DD1079A082A3AD12449089806F0D1
:10081000E5FEA8BB214602AA01A806F0C3F978BBF1
:10082000DDE901A30AEB0302944229D1412B27D130
:1008300035443023294603AA02A8029606F09EF901
:10084000E0B9DDE9023213449D4217D32A4602A9DA
:1008500006A805F03AFF88B92A4602A90EA805F0B5
:1008600034FF58B99AF80030042B07D120233846BA
:1008700006AA0AF1010100F0A9FE38B1D8F80090EB
:1008800000F082F8484616B0BDE8F087044BD3F874
:100890000090F5E794810000678600005E86000006
:1008A00070C500206CC5002070B5094B04461D685A
:1008B0000023934205D1074B1D6800F065F82846D8
:1008C00070BDE65CC85C8642F7D10133F1E700BF3A
:1008D0006CC5002070C50020094A40000B7852F812
:1008E00020108B4209D0013052F82000834214BFFF
:1008F0004FF0FF304FF4347070474FF4347070474E
:100900009C8100001FB50F4B0C4613F8300001F01E
:10091000BFFF50B92068102381686A46103906F07D
:10092000ACFD28B1206806F0A7FD4FF0FF3006E0CF
:1009300010226846044906F051FE0028F2D104B0A6
:1009400010BD00BF9C8100004285000013B5044625
:1009500005F0ECFE6A460146204605F0F4FD30B194
:100960000448452106F07BFD002002B010BD009830
:10097000FBE700BF6F860000024B1868421C1A603C
:10098000704700BF20C70020024A1368013B136074
:10099000704700BF20C70020034B1B68834201D073
:1009A00005F0ECBE704700BF20C700202DE9F043E2
:1009B000434F89B0064600200D463C68FFF7B6FD60
:1009C00006A9C0B201F064FF28B1FFF7DDFF2046A1
:1009D00009B0BDE8F0832946FFF7A8FD2C2407A93C
:1009E000C0B204FB056401F053FF90B12C236B43AC
:1009F000F2181169DDF818C0C8061AD51DB13046C5
:100A0000069905F0B0FF2F4B1C68069806F034FDE0
:100A1000DBE7079806F07CFD8046079806F02CFD82
:100A2000631EE21C13F8011F4145DFD19342F9D147
:100A3000E4E7F058244B98423ED1D06813891B1844
:100A40003AD25289D21837D2DCF808309A4233D2DF
:100A500040F60C6311EA03062ED1FFF78DFFDDF897
:100A600018900746FFF788FF4FF480730193174BE8
:100A7000224680463146009330464B46CDE9036618
:100A80000296FFF765FD04464046FFF785FFFFF736
:100A90007BFF3846FFF780FF0D4B1B68A342B4D0A5
:100AA00065B106980021826806F011FD094A4521CA
:100AB000094806F0D4FCA6E73C68EDE7074AF6E7EC
:100AC0006CC5002068C500203DB8F396CC3D0120E0
:100AD00070C50020B2860000BC860000AA86000017
:100AE0007FB50D46002104462846CDE9021105F0E8
:100AF000D9FE28B32368194EB34203D1204603AA76
:100B000005F065FEE36AB34204D10121204602AA42
:100B100005F05DFEDDE90232934288BF0393039B3B
:100B2000AB60039A2946204600F09AFB0C4B1A68EA
:100B3000002A03DD57210B4806F091FC04B070BD7C
:100B400001A9FFF7DFFE019805F1080105F0F9FDA5
:100B5000AB680198039306F08FFCE2E73DB8F3968B
:100B600084DA0020E48600002DE9F84F884691469B
:100B70009A460026DFF870B0194C1A4D0B9B9E4226
:100B800001D300200FE00B9B40469F1BB7F5806F01
:100B900028BF4FF48067144A3B4606EB0A0106F073
:100BA0006CFC10B10120BDE8F88F0A993B465A460B
:100BB0004846711806F076FC0028F3D1C4F80056B8
:100BC0003E44C4F80456C4F80856C4F80C56C4F899
:100BD0001056C4F81456C4F81856C4F81C56CDE77D
:100BE000008001503546526E24C700202DE9F041A7
:100BF0000E460021A94B0446436203F5F06388B01A
:100C000003650846FFF792FC04F120010546C0B2D7
:100C100001F03EFE48B100232A4645210190009391
:100C20009F4806F01CFC05F0A9FD01210020FFF7FC
:100C30007DFC04F14C010546C0B201F029FE50B123
:100C400001232A464521019000939548002306F090
:100C500006FC05F093FD204605F0FAFD054668B94F
:100C600000222046114605F09CFD074600B30022F5
:100C700057218C4806F0F3FB01239DE0F022572119
:100C8000894806F0ECFB01239D4284F85830E7D1F7
:100C900094F85830042B8DF8173000F29080012B17
:100CA00000F2948000F0A680FF2384F85830A1E081
:100CB000204605F015FF0028DED004A805F0E9FD68
:100CC0000146204605F0A4FE054618B13A465721D4
:100CD0007648CFE79DF817309DF8152000930499CA
:100CE0009DF81430724802F0BBF804A805F0DAFD54
:100CF000074660BB204604A9FFF7F2FE9DF81730B7
:100D000084F85830033B012B06D8384600F00AF926
:100D100010B1FF2384F858309DF81730023B022BA6
:100D20000BD8002000F0E8F838B1FF2384F85830E1
:100D30004521604806F093FBFEE794F85830FF2BFE
:100D4000F6D00021204604AA05F02BFD94E79DF87B
:100D50001770012F1ED1284603F04EF8831E022B78
:100D6000054614D8FFF708FE394680462046FFF7AF
:100D70001DFE07464046FFF70FFE4F4B1B689F4284
:100D800005D04E4B1D68AF4214BF0525012584F8E0
:100D900058507DE7FFF7F0FD012107462046FFF799
:100DA00005FE05463846FFF7F7FD434B1B689D429D
:100DB00014BF05239DF8173084F8583068E7052BD9
:100DC0007FF472AF002000F0ADF810E0204604A9D7
:100DD000FFF786FE94F85830023B022B0AD8002019
:100DE00000F0A0F800287FF45FAF00F085F800283D
:100DF0007FF45AAF94F85830FF2B05D145212D4888
:100E000006F02DFB05F0BAFC002294F858302C4F68
:100E1000012B039217D01146204605F0C2FC90B179
:100E20003D68102200210DEB020006F0F2FBE06CA1
:100E300006F022FB206A06F01FFBFFF7A5FD2846FF
:100E400008B0BDE8F081FFF797FD002180462046FD
:100E5000FFF7ACFD05464046FFF79EFDDFF85880E2
:100E6000D8F800309D42DBD13B689D42D8D0134B6F
:100E70001B689D42D4D0039B01330393039B012B3A
:100E800001D005F07BFC206A05F05BFB3071236A22
:100E90005B683460D8F80050B360C2E724CB002010
:100EA00013870000A287000060870000CE87000043
:100EB000F88700003788000070C5002068C5002052
:100EC0006CC5002070B50B4E0446602200213046F0
:100ED00006F09FFBFFF750FD214605463046FFF721
:100EE00085FE04462846FFF757FDFFF74DFD2046D7
:100EF00070BD00BF24DA002013B5094B01A913F817
:100F0000300001F0C5FC48B9019806F044FE0446E3
:100F1000019806F0B1FA204602B010BD0124FAE7AC
:100F2000A48100001FB50F4B01A913F8300001F098
:100F3000AFFCA8B9019802A902F008FF044668B9FD
:100F40009DF80B30032B03D1019806F0F2FD044607
:100F5000019806F091FA204604B010BD0124F7E78D
:100F60000124F8E7A48100002DE9F34106460C4670
:100F700017461D460BB9002628E0184605F092FCDE
:100F80000028F8D16946FFF7BDFC009838B9012464
:100F9000009806F071FA204602B0BDE8F08101A980
:100FA00005F0CFFB0028F2D1009806F065FA304634
:100FB000019905F077FD736A5E686B79012B21D189
:100FC000002CD8D12B68834298BF002621460020F0
:100FD000FFF7ACFA6946C0B201F05AFC0028D6D13E
:100FE00020233A463146009806F047FA0446002886
:100FF000CDD1002DCCD03C680D4BE41A18BF4FF07A
:10100000FF34C5E7022BB6D12B68012B05D98342EB
:10101000B1D8B4FA84F46409ADE7ACD1002CD5D0D2
:10102000012CA8D12C79023C18BF0124A3E700BFF2
:101030003DB8F3962DE9F04F07460C4685B00146C2
:1010400000201646FFF748FC051E50DB3846E46DCD
:1010500005F06CFB5FFA84F94FF0000A4FF0010BCA
:101060004FF0FF346B1E09FB03089DB9BAF1010F65
:1010700003DD4521204806F0F2F9631C06D0EF2C71
:101080002ADC40F2011301343460B380284605B0F5
:10109000BDE8F08F6B1E00934146012338460DF1E9
:1010A0000F0206F0EAF9031E019322DB0122384603
:1010B0000DF10F0106F0D8FC019B40B15B4501D05A
:1010C0000AF1010A9B46009DA8EB0908CDE7B4F19F
:1010D000FF3F08BF2C46F5E70223F03C7371631015
:1010E00004F001040133013433603471CEE7072585
:1010F000CCE70125CAE700BF4388000000B589B0EE
:10110000032004A906F022FD9DF81020012A41D0F9
:10111000254B2649032A08BF0B469DF81320492179
:1011200002929DF81220224801929DF8112000920F
:10113000204A06F094F9092006A906F007FD9DF85B
:101140001820012A28D0184B1849032A08BF0B463B
:101150009DF81B20492102929DF81A201448019203
:101160009DF819200092144A06F079F99DF8103084
:10117000012B13D19DF81230032B0FD19DF818309D
:10118000012B0BD00D48492106F069F9022009B066
:101190005DF804FB0A4BC0E7094BD9E70948492130
:1011A00006F05DF90020F2E7668800006F88000015
:1011B0008388000075880000C4880000D48800007F
:1011C0006A880000F388000070B54B6814461E4A18
:1011D00003F0FF23934206460D4686B02FD10B68DD
:1011E000012B2CD1204604A902F0B0FD9DF810205F
:1011F000012A26D0154B1649032A08BF0B469DF835
:101200001320492102929DF81220124801929DF864
:1012100011200092104A06F022F99DF81030032B9D
:101220000DD12146304605F09EFB204606F081FC9C
:101230002046A96805F093FA204602F067FD06B043
:1012400070BD064BDBE700BF0001000466880000AC
:101250006F88000083880000C48800006A8800004E
:101260002DE9F04F16460546ADF54B7D0C46B448CA
:10127000492106F0F4F83146284605F013FC6B6A64
:1012800081465E6805F001FC334600904A46AD4851
:10129000492106F0E4F8204605F004FBF0B1E86DC2
:1012A00005F03FFA0023AF6A013F3344984201D969
:1012B000013FFAE7B94511D35721A34806F0CFF80B
:1012C00007FB06F3572109FB0662A04806F0C7F8A2
:1012D0000123E3710DF54B7DBDE8F08F002707A9D1
:1012E000032001F0D5FA08A9092001F0D1FA1C2247
:1012F00039460AA8DFF888B2099706F08AF9944BB4
:10130000944A09A907981A6005F00DFB5946924ABC
:1013100009A800F0FDFB011E08DA904801F0A0FDCD
:1013200008983946826806F0D2F8D3E7DBF8001057
:101330008B4AB1F5005F34BF0123C1F3473313700B
:10134000884A894812680092834A127801F088FD21
:101350002146089A2846FFF737FF05F096FB4921FA
:101360000246824806F07BF86379012B51D14F4643
:10137000DFF810A247E02168C1F101034B44BB42F2
:1013800040D3774A6B6A127818683A44013A53F8A6
:10139000322003EBC70353F8083C121A1B1A012929
:1013A000DDF81C800392059311D1089B0493E36838
:1013B000022B08D04146284605F0D5FA2246414680
:1013C000284605F006FB2846049905F0CCFA32467B
:1013D0000399404605F0A5FA039B42464146009317
:1013E0002846059B0196FFF7BFFB2146284605F0DE
:1013F00066FA23680133236020B1DAF80030013344
:10140000CAF80030013F002FB5D101232360032328
:101410006371514F4FF43972002111A806F0F9F8A9
:101420003B780A2B07D1524911A800F0F5FA0028A1
:1014300024DD02233B7005F028FB492102464D487C
:1014400006F00DF83B78022B10D111A800F05CFEDD
:10145000002813DB464ADBF8001011A800F0E6FD77
:1014600000280BDB424911A800F03CFB05F00DFB06
:1014700049210246404805F0F2FF01E00423637170
:101480006379042B10D1DFF8D8A03C489AF80010FB
:1014900001F0E6FC0127DFF8ECB0B945DDF81C806F
:1014A00009D2012323606371079805F0E5FF0898CE
:1014B00005F0E2FF0EE721688F423ED39AF8002044
:1014C0006B6A3A44013A186853F8322003EBC703B9
:1014D00053F8083C121A1B1A01290592039311D1E3
:1014E000089B0493E368022B08D04146284605F088
:1014F0003AFA22464146284605F06BFA28460499F6
:1015000005F031FA32460399404605F00AFA039B8A
:101510004246414600932846059B0196FFF724FB6F
:101520002146284605F0CBF923680133236020B11A
:10153000DBF800300133CBF800300137ADE700BFF6
:101540000A890000338900006A8900009989000037
:10155000043D0120407F0000CD3E0120CA890000EB
:1015600068C60020FC3C0120068A0000518A000069
:10157000943A01207E8A0000A38A0000C88A0000F5
:10158000003D012084DA00200A4619B1024B0021F7
:101590001B681847704700BF74C5002070B5094D1F
:1015A0002B780BB1002070BD0126074CC4F80065F4
:1015B00003F0A2FF18B92E70C4F80005F2E74FF04F
:1015C000FF30F0E7CC3E0120000084502DE9F041CF
:1015D000ACB01F4606460C461546FFF7DFFF012359
:1015E000DFF820802A46C8F80035214633460097A8
:1015F00003A806F025FC0023C8F800352CB0BDE890
:10160000F08100BF00008450BFF36F8F72B60023DB
:101610004FF0FF30094A03F120010133102B42F84B
:101620002100F8D100234FF0FF30044A03F160019C
:101630000133102B42F82100F8D1704700E100E09F
:10164000002318460649D1F89020C2F3072293429E
:1016500000DB7047C1F89830C1F8A0000133F6E70D
:1016600000ED00E02DE9F8434FF0FF3501274FF082
:101670000008204BDFF884905F60C3F84853C3F83C
:10168000085303F580535F60C3F84853C3F8085309
:1016900059F8044B002644F30730C4F8085301F00E
:1016A00021FB80226760C4F84C61D4F84C31C4F847
:1016B0001061D4F81031C4F844613146D4F8443193
:1016C000A018C4F8006505F0A4FF8022314604F597
:1016D000C07005F09EFFB8F1000F08D0064BC3F8AC
:1016E00008554FF05023C3F80853BDE8F8834FF076
:1016F0000108CDE70040015000700150B0810000AA
:101700002DE9F34100F5177704460DF1060138463F
:1017100005F0C1FA00284BD19DF8063003F00F0206
:1017200013F0700FA2613DD138460DF1070105F0AD
:10173000B2FA054600283BD14FF006089DF8076035
:1017400006F03F069DF90730002B18DB4FF6FF73BC
:1017500027630027A4F84430676304F1460005F0CE
:101760005FFCBE4214BF01230723144AC4E9087674
:10177000C4F85422124A2375C4F8582214E038469B
:101780000DF1070105F087FA90B9B8F11B0F12D0DF
:101790009DF8073003F07F0303FA08F31E4308F1B6
:1017A0000708CFE76FF00205284602B0BDE8F081D8
:1017B0006FF01105F8E76FF01805F5E7596D0000B7
:1017C000B16C0000002370B50546C0E99833284687
:1017D00005F06BFB0028FAD0286900F085FA044672
:1017E00040B9D5F854326E6A33B9344621460648BA
:1017F00001F036FB204670BD05F1300098470446E5
:101800000028F3D1F1E700BF828B00002DE9F047FB
:10181000ADF5007D0646894617461D46DDF820A237
:1018200023B1C369D0F860229B1AC3610024AF4280
:1018300004D86CB33046FFF7C5FF2DE0002CF9D17A
:10184000A7EB0508B8F5007F28BF4FF4007869467C
:1018500042465046C847C0B942466946304605F040
:1018600089FB41460446504605F004FD0D4B4544B6
:101870001B78022BDBD164236B433A46B3FBF7F3AF
:101880002946094801F0ECFAD1E76FF00904D1E7E5
:101890003046FFF797FF044620460DF5007DBDE872
:1018A000F08700BFCD3E01209F8B00000346F0B5BE
:1018B00060B342B3174D286840BBD3F8C872D3F861
:1018C000D8128F4213DA144C04F5C046318844F81C
:1018D000217001F50057013189B2B1F5805F24F81C
:1018E0001720318003D96FF01E002860F0BDD3F8B7
:1018F000C8120A44C3F8C822D3F8CC329A42A8BF0F
:101900006FF01D00F2E76FF02100EFE76FF02000AD
:10191000ECE700BF88DA002090DA002008B5134613
:1019200060B172B10A46D0F8C0120748006805F0ED
:1019300060FC002818BF6FF01C0008BD6FF020008D
:10194000FBE76FF02100F8E7043D01202DE9F743A4
:101950000F4615460446002855D0002A50D0DFF81F
:10196000B080D8F80060002E4DD1D0F8C812D4F85D
:10197000D832DFF8A0909942D9F8000039DA06236E
:101980006A46D4F8DC1205F034FC88B9D4F8DC12CD
:10199000BDF800300631AB42C4F8DC1205D1DDF8E9
:1019A0000220D4F8C8329A420CD0184801F058FAF4
:1019B0006FF01D03C8F800306FF01D06304603B00D
:1019C000BDE8F0832B463A46D9F8000005F011FC3B
:1019D0000028EDD1D4F8DC322B44C4F8DC32D4F842
:1019E000C8321D44D4F8CC32C4F8C8529D42E5DB5D
:1019F000E2E713463A4605F0FCFB0028EFD0DBE7B0
:101A00006FF02106DAE76FF02006D7E7DC8B0000E5
:101A10008CDA0020043D0120F0B5294D0F46044624
:101A20002B6887B0002848D0264A4FF42F2112781F
:101A3000002610321203C0F8C82202F51F22C0F897
:101A4000CC224FF48032C0E9B421C0F8D8224FF440
:101A50007F221D49C0E9B766C0E9B0121B490E805C
:101A60001B4A384600921B491B4A019405F072FA42
:101A700086191FD1D4F8DC324FF400710493D4F8E6
:101A8000C43216480393D4F8C03202934FF4A02313
:101A90000193D4F8D0320093D4F8C8224FF4202315
:101AA00001F0DEF90094334638462A680C49FFF706
:101AB000ADFE0646304607B0F0BD6FF02306CFE717
:101AC000003D012068C6002028020B00903A01204A
:101AD0001D720000AD18000053720000F78B00006B
:101AE0001D19000007B50246D2F8C0320092064A1E
:101AF000A3F53023084612680449A3F50A73FFF7DB
:101B000085FE03B05DF804FB003D01201D190000B7
:101B10002DE9F041DFF8B4808CB007460E4615463B
:101B200028232549D8F8000002AA05F062FB0446E4
:101B3000B0B9029B214A934231D12022394604A8F0
:101B400005F04CFD28BB0A232B700E2301930423C0
:101B50001949D8F800000DEB030205F051FB28B13C
:101B60006FF0240420460CB0BDE8F081144801F069
:101B700077F9039B336003F5312203F5302303F536
:101B80000A73C3F30B0302F50A72D21A0D4B1A60E3
:101B9000E8E70D4805F07DFB6FF02504E2E70E2B2A
:101BA00002D10A232B70E4E70A2B01D10223F9E7C3
:101BB000022B08BF2870DCE700020B004E4557508F
:101BC000898C0000FC3C0120C08C0000043D0120F9
:101BD0004FF0A53330B5ADF50B5D8BB00DF500546E
:101BE0000434D0F8E052036001464FF439722046C5
:101BF00005F004FD4FF40052264901A805F0FEFC53
:101C000001AB03F50850EAB223493D3005F0F6FC7C
:101C10002249234D0B7D04F12C0084F83C32CB6922
:101C20004FF4047263600B6A4431A36051F81C3CAA
:101C3000E36051F8183C2361D1F82032A361D1F858
:101C40001C32636111F8043C84F8283051F8083CD8
:101C5000636251F8103CE36151F80C3C2362114C73
:101C600005F0CCFC4FF440522968206805F0CFFA0B
:101C700042F2E4232968206801AA05F0C1FA20B1E4
:101C8000094805F006FB6FF01E000DF50B5D0BB06B
:101C900030BD00BFCE3E0120CE5E0120943A01202F
:101CA000FC3C0120043D0120F38C00004FF0A533E3
:101CB00070B504460D460A4E03604FF480523068FA
:101CC00005F0A5FA4FF4397322462946306805F02D
:101CD00097FA20B1034805F0DCFA6FF01E0070BDE2
:101CE000043D0120058D00002DE9F04F0446A7B00A
:101CF000002800F0D080D0F8DC32002B40F0A38028
:101D00000A221D46DFF8C0916448B9F8001003921A
:101D10009AB2914263D8DFF8B4812A46604805F050
:101D2000B8FAD8F8003003F580432B44B3F57F2F81
:101D30005BD801262D0B6F1C5A4DD4F8C4124FF4FA
:101D40008052A1EB063101362868B6B205F05FFA81
:101D5000B742F2D2731ED4F8C4620027A6EB033652
:101D6000B246DFF86CB1B9F80020BBB29A4242D853
:101D70004D4B4FF42F221B78D8F8001010331B0363
:101D8000C4F8C83203F51F23C4F8CC324FF48033B3
:101D9000C4E9B432C4F8D8324FF47F23434A01F582
:101DA0004051C4E9B02300232046C4F8E032A9F82A
:101DB0000030C4F8DC62FFF779FF4FF44052D8F8E6
:101DC0000010286805F023FA042303AA384928687C
:101DD00005F016FA002818BF6FF0240023E030F851
:101DE000022F01330632154492E7324805F051FACA
:101DF0006FF01E0017E0BAB202F500533BF8133043
:101E00002868991D01915BF822100DF11602ADF8BA
:101E10001030CDF8121005F0ECF938B1264805F075
:101E200038FA6FF01D0027B0BDE8F08F5146019BD6
:101E3000286804AA05F0E4F9013708B11F48D5E77E
:101E4000019B9A448FE70223164DD0F8D0124FF42D
:101E500000522868049305F0DAF9C8B9D4F8D01212
:101E6000D4F8E032164A286805F0CAF9014618B1DC
:101E7000144805F00EFABBE7D4F8E022D4F8D032CB
:101E8000C4F8E0021344C4F8D03204AA04239DE746
:101E90006FF02200C7E76FF02000C4E78E1A012020
:101EA000178D0000043D012068C6002028020B00A9
:101EB00000020B003C8D0000658D0000758D000058
:101EC000CE3E0120868D0000903A0120FC3C01208E
:101ED00090DA002038B5244D0446D0F8D0124FF4E3
:101EE0000052286805F093F9C0BBD4F8D0122868D6
:101EF00001F50053C4F8D8321C4A4FF4005305F0E2
:101F00007FF9054630B11A4805F0C3F96FF01E0598
:101F1000284638BDD4F8D032D4F8D42203F5005383
:101F20009342C4F8D0321CDAD4F8E0221149A2F569
:101F30000052C4F8E022A1F5005005F05FFBD4F890
:101F4000E0220C4904F23D2005F058FB0A4B2046E4
:101F5000196801F54051FFF7A9FED9E76FF0220596
:101F6000D6E76FF01B05D3E7043D0120CE3E0120EC
:101F70009D8D0000CE5E0120FC3C012038B5154649
:101F80000446002848D0B2F5805F05D9244800F007
:101F900067FF6FF01E0038BDD0F8E03221481844CA
:101FA00005F02CFBD4F8E0321D44B5F5005FC4F811
:101FB000E05201D20020EEE72046FFF709FE1A4961
:101FC0004FF404720B7D04F12C0084F83C32CB6991
:101FD0004431636051F8243CA36051F81C3CE36039
:101FE00051F8183C2361D1F82032A361D1F81C329A
:101FF000636111F8043C84F8283051F8083C6362AE
:1020000051F8103CE36151F80C3C236205F0F6FAFC
:102010002046FFF75FFFCDE76FF02000BBE700BF72
:10202000AF8D0000CE3E0120943A012070B51446D9
:1020300005462F4AADF5027D0B46019000922046E1
:102040002C4A2D4904F086FFD5F8C0222B4B0646BA
:102050009A4245DD2A4802AE4FF4007332462949C0
:10206000006805F0C6F800283ED14FF40073C4F8AC
:102070005C62C4E998302046256904F069FF95F850
:102080003C32064623756B684FF40472E361AB681B
:1020900005F12C012362EB6804F14400A3622B6973
:1020A000E362EB6963636B6AE3632B6AA36395F88E
:1020B000283084F8403005F0A1FA6B69C4F860322A
:1020C000AB69C4F86432D5F8E032B3F5005F03D3EE
:1020D0002846FFF7FFFE0646002E01DA0823237587
:1020E00030460DF5027D70BD6FF01C06F8E700BFAD
:1020F0007D1F0000537200004D19000027020B00E5
:10210000043D012028020B0070B5374EADF50B5D84
:10211000364D8AB0044642F2E4233168286801AAA9
:1021200005F067F848B1324805F0B3F86FF01E05C6
:1021300028460DF50B5D0AB070BD316828684FF474
:102140003973224601F5405105F053F80546002841
:10215000E9D1D4F8C032013318D0BAAB03F5E85353
:10216000D3F8E412D4F8C8221C33914205D1D3F835
:10217000DC22D4F8DC329A422ED0BAAB03F5E85315
:10218000D3F8EC22D4F8D0329A4225D1BAAB03F579
:10219000E8514FF439721C31204605F02FFA4FF404
:1021A000005201A9134805F029FA80220DF50951C2
:1021B0001148013105F022FA6369002BB8D0A269F9
:1021C0009342B5D8D4F8C03203F50073C4F8C032D6
:1021D0000023C4E90533ABE7D4F8E022802AEBD82A
:1021E000044804F23D21E5E7FC3C0120043D0120C8
:1021F000BB8D0000CE3E0120CE5E0120014B1B684E
:10220000184700BF78C50020014B1860704700BF19
:1022100078C5002007B50B4600210246009103480F
:1022200000F006F803B05DF804FB00BFFD210000DC
:102230002DE9F04F82464FF000098DB01D46531E28
:1022400001910393039B58785C1C252819D1002029
:102250004FF0FF381E46444603460236029031785E
:102260000396392955D81F2914D8002900F0EF8189
:1022700001992520D04701993078D04709F102090A
:10228000E0E7002800F0E3810199D04709F1010956
:102290000394D7E7A1F12002192AE9D801A757F83A
:1022A00022F000BF0D230000712200007122000007
:1022B0000D230000712200008D2300007122000018
:1022C000712200007122000071220000D923000059
:1022D0000D23000071220000ED230000992300006F
:1022E00071220000A7230000C7230000C7230000BD
:1022F000C7230000C7230000C7230000C723000036
:10230000C7230000C7230000C7230000084601368A
:10231000A5E7582900F0EB80A1F16302D7B2172F8F
:10232000A6D8172AA4D801A757F822F095250000AF
:1023300013240000712200007122000071220000AD
:10234000F32300001324000071220000712200001A
:10235000F3230000712200007122000071220000AE
:10236000C9240000712200007122000069250000CC
:10237000712200001324000071220000712200006D
:10238000C924000071220000F323000025200199D8
:10239000D04709F1010955E7029A4FF0000802F011
:1023A000FE020292B3E7002C0DDAB8F1000F0DDA4D
:1023B000029A002A00F043810A2224EAE47402FB14
:1023C0000414303CA3E7B8F1000FF5DB0A2202FB4E
:1023D0000812A2F130089AE7B8F1000F55F8042B63
:1023E00080F22F81002A80F22E8154420222029232
:1023F0008DE7682903D1682B06D1482387E76C292C
:1024000002D16C2B00F02181002B7FF431AF0B4601
:102410007DE77A2B06D1752955F8046B14D14FF05E
:10242000000B0CE06C2BF6D04C2BF4D1073525F0CB
:102430000703752903F10805D3E9006B06D12028AD
:102440003BD1854F013C09E04FEAE67BBBF1000F31
:10245000F5DA7642814F6BEB4B0B013C0DF12D030E
:10246000059300230493304659460A220023FDF7C2
:1024700069FE059BB446303203F8012D5A46059398
:10248000049BBCF10A0F8B4672F1000203F1FF318D
:1024900006460491E7D2C3F1010B30330DEB03067E
:1024A000B8F1000FA6F104066DDA029BD9077DD4BE
:1024B000A8EB0B03A4EB0B0413E02B280ABF684F17
:1024C000684F04F1FF34C9E770290FD155F8042B88
:1024D0000023FAB96FF004034FF0050B614F624E11
:1024E000053C029A920770D4A04666E078216C2BD6
:1024F00003D1002355F8042B08E04C2BF9D1073504
:1025000025F007031D465B6855F8082B232825D1C5
:10251000880621D5554F023C002601F06001A1F14B
:10252000390B0DF12D0E02F00F01092988BF594416
:1025300030310EF8011D102A4FEA121141EA0371E1
:102540004FEA131C73F1000306F1FF3008D2C6F105
:10255000010B06F13003A1E7454FDCE7414FDBE714
:1025600006460A466346DEE755F8046B304605F03A
:102570002EF8B8F1000F834602DB4045A8BFC346E2
:102580004FF00008374FA8EB0B03002B92DDA4EBB4
:102590000804A6E755F8043B4FF0010B8DF81830FE
:1025A000304F4FF0FF33013C06AE9AE7A046EAE712
:1025B000029320200199D047029BB8F10108F7D57A
:1025C00024EAE472013C9144A41AB84606E004935C
:1025D00002920199D047029A049B9046424612F813
:1025E000010B0028F3D11A46013A15D5002BACBFD8
:1025F000C7EB03077F425B46013B15D5BBF1000FDC
:10260000A8BF5F4426464F44013E14D5002CA8BF06
:102610003F1907EB080915E604930292302001994F
:10262000D047049B029ADFE70293019916F8010B49
:10263000D047029BE0E701992020D047E4E7012240
:10264000D5E6904663E6144661E64C235FE64846CD
:102650000DB0BDE8F08F00BFCE8D0000CC8D000026
:10266000D08D000069890000D88D0000D28D000057
:10267000D58D00002DE9F047058B044628079046CC
:1026800011D4022905F0070540F0CC80204604F063
:102690000DFE78B10138218B042811D8DFE800F055
:1026A000C2106D85950001290CBF45F0100545F05D
:1026B0002005258388F31188BFF36F8FBDE8F0876D
:1026C00001F0070AAA4500F0A5800027B9463E465A
:1026D000A368002B00F0BC8041F00801218388F33F
:1026E0001188BFF36F8FA168002900F0BA800D68D0
:1026F000002900F0B680334652462046D1F80480C7
:10270000C047002D76D02B6829461D46F0E701F022
:1027100007035A1F012A1BD8002221F00701062BAC
:10272000276889B2C4E9002209D13B4603E0628BE5
:10273000013262831B68002BF9D141F0020120466F
:10274000218304F0B3FD00287AD041F0200176E027
:10275000042B0AD121F0070189B22046218304F01D
:10276000A5FD10B141F020012183218B01F0070A62
:10277000AA454FD00027B946AAE7236921F00701EF
:1027800041F00601062DD3F8009021832DD1B9F137
:10279000000F3FD041F00801218388F31188BFF377
:1027A0006F8F20463949C84729E021F00701236986
:1027B00041F0040189B2042DD3F804902183E6D0BE
:1027C00000274FF0040A3E4682E721F00701236903
:1027D00041F0050189B2052DD3F808902183D6D0A8
:1027E00000274FF0050A3E4672E700274FF0060A21
:1027F0003E466DE72B4687E7B9F1000FD1D1EFF3E5
:102800001188202383F31288BFF36F8F238B23F06B
:1028100008032383258BEA062ED525F01003238396
:1028200005F007056669218B002EBFF670AF002307
:102830002768C4E9003321F0070141F00101218339
:10284000218B4FF0000901F0070AAA457FF440AF41
:10285000002F9CD041F00801218388F31188BFF339
:102860006F8F002FC8D03D68394633465246204608
:1028700004F048FD2F46F4E7AB067FF51BAF25F0CB
:102880002003238305F0070500E700BF3173000034
:1028900070B5114B0D461C68DCB1104B1968002354
:1028A0008B4202DB6FF0010070BD224612F8106B04
:1028B000864202D014460133F2E7E06810B96FF0A7
:1028C0001200F1E705F072FA0028F8D000202C6021
:1028D000EAE76FF00C00E7E77CC50020B881000054
:1028E00070B588B005460C46C0B269461646FFF77B
:1028F000CFFF00281BDB0098C8B143682268029311
:1029000083680195CDE903360023CDE906230593BD
:10291000C56804F0B1FD6DB12846084901AA04F06C
:1029200083FF079808B9059B236008B070BD6FF05E
:102930001500FAE76FF01200F7E700BF1F750000FF
:1029400008B5054804F0A5FC044804F0A2FCBDE865
:102950000840034804F09DBCDE8D00000F8E00008F
:10296000428E0000014802F077BA00BF5C8200008E
:1029700030BFFFF7FDBF00BF154B9A6A12F0007F12
:102980009A6A14BF1E201D2012F0807F9A6A18BF19
:102990001F2012F4801F9A6A18BF022012F4002F21
:1029A0009A6A18BF212012F4802F9A6A18BF222039
:1029B00012F4003F9A6A18BF232012F4803F9A6AEB
:1029C00018BF24206FEA02426FEA12429A627047EF
:1029D00000ED00E010B5194B0246986A9C6A10F4AD
:1029E000805F14BF1720162014F4006F9C6A18BF74
:1029F0001820A40509D5986B986A000404D51AB16B
:102A00009A6A22F400429A6219200C4B9A6A12F4D4
:102A1000806F9A6A18BF1A20D2050CD49B6A13F4EF
:102A2000005F18BF1C20054A936A43F47F439362FA
:102A300000230B7010BD1B20F5E700BF00ED00E088
:102A400010B51C4B0246986A9C6A10F0100F14BF18
:102A50001120102014F0080F9C6A18BF1220A40740
:102A600009D5586B986A000604D51AB19A6A22F003
:102A700080029A6213200F4B9A6A12F0010F9A6A31
:102A800018BF142012F0200F9A6A18BF1520D40620
:102A900058BF9B6A074B9A6A920642BF5A6A22F451
:102AA00000525A629A6A42F0FF029A6200230B7047
:102AB00010BD00BF00ED00E070B5444B06465B68FA
:102AC00000258AB0C3F3080385F31188BFF36F8F25
:102AD00002F07F40B0F17F4F11D102F00C000828C6
:102AE0000DD010074CBF0E4601250022033B8DF888
:102AF0000720032B05D8DFE803F01E5C60592E4643
:102B0000F3E700249DF807309BB92022314602A844
:102B100004F074FD099B002D53D0C3F3080222B9C1
:102B20006FEA53236FEA43230993204602A904F076
:102B30001AFD0AB070BD254BDA6A9107E1D4DA6A52
:102B4000002ADEDBDA6A5200DBD55A69B16942F449
:102B500080725A61BFF34F8FBFF36F8F5A6931F89C
:102B6000021C22F480725A61BFF34F8FBFF36F8F44
:102B70004DF60272914209D09A6AD2B242B1012056
:102B80000DF10701FFF75CFF0446BBE73468B9E7C6
:102B90009A6A12F47F4F05D001200DF10701FFF76B
:102BA00019FFF1E79B6AB3F5803FAAD3FFF7E4FE74
:102BB000EAE700200DF10701E4E700200DF107012D
:102BC000EDE723F4FF7323F00103ADE700ED00E030
:102BD000064B5A6942F010025A615A6942F4806207
:102BE0005A615A6922F008025A61704700ED00E00C
:102BF000EFF30880EFF3098101B57246FFF75CFF40
:102C000001BD00BF002080F31488BFF36F8F002048
:102C100080F30A8880F30B8801F0ACF900200E499C
:102C20000860BFF34F8F0D4880F3088800F01AF852
:102C3000202080F311880A484FF40061401880F387
:102C40000988EFF314800221084380F31488BFF34E
:102C50006F8F00F07FF8000094ED00E058B701207E
:102C6000585F012072B6002383F313884FF0FF30C2
:102C70000C4A03F120010133102B42F82100F8D156
:102C800000234FF0FF30074A03F160010133102B9E
:102C900042F82100F8D162B6BFF34F8FBFF36F8FB8
:102CA000704700BF00E100E01EF0040F0CBFEFF31F
:102CB0000880EFF30980816911F8021C0229FFD016
:102CC00001B504F056FC01BD40B2002807DB01232A
:102CD0004109034A00F01F00834042F82130704749
:102CE00000E100E040B200280CDB01220649430964
:102CF00000F01F008240203341F82320BFF34F8FA4
:102D0000BFF36F8F704700BF00E100E0054B420941
:102D100053F82220012300F01F0003FA00F01040B6
:102D2000704700BF00E100E040B2002801F101015E
:102D3000ACBF00F16040064B4FEA4111C9B2ABBFD6
:102D400000F5614000F00F0080F80013195470473F
:102D500014ED00E0144A08B5144B22F07F029A608B
:102D6000BFF34F8FBFF36F8FD3F8882022F4700228
:102D7000C3F88820D3F8882042F4A002C3F8882042
:102D80004FF04042C3F83422BFF34F8FBFF36F8F31
:102D90000023E1EE103A01F0F5FE01F037FF00F0FC
:102DA0002FF801F0FBFE00BF0000000000ED00E086
:102DB000154606460C46002280B5E1EE102A82F345
:102DC0000B88094FA7F5A04888F30B8887F309887B
:102DD0004FF0000005498847204629461A46B0476B
:102DE00003488047FEE700BF58B7012093750000F5
:102DF000A17500001022014B1A61704700ED00E040
:102E0000002320210348C2180133412B82F800130C
:102E1000F9D1704700E100E008B5EFF30583064AF9
:102E2000103B02EBC30152F8330049688847BDE804
:102E3000084004F0A9BB00BF547F0000014B18609C
:102E4000704700BF80C500200239012902D8034B1A
:102E50001B6818474FF0FF30704700BF80C5002047
:102E60000FB41FB5002106AB53F8042B05480091A1
:102E700002210393FFF7DCF905B05DF804EB04B021
:102E8000704700BF2B7600000122024B0020C3F8E0
:102E9000402570470090035020B1034B800143F060
:102EA00001031847704700BF80810000084B70B5D0
:102EB000C31A0D4607499B10044659434022064851
:102EC00004F0BEFB2B4601462046BDE87040184783
:102ED0001C3D0120B76DDBB6F07E0000402373B5CA
:102EE0000B4C0093041B0B460D460A49A41061438A
:102EF0000646094A094804F0CEFB011E05DA3046B1
:102F00002B4602B0BDE87040184702B070BD00BF4C
:102F10001C3D0120B76DDBB605770000F07E000098
:102F200010B5EFF31184202383F31288BFF36F8F62
:102F3000074A136823F00201DB07116002D4012065
:102F400004F0B5FE84F31188BFF36F8F10BD00BF8E
:102F50006C3D012070B50022012104460520FFF7D9
:102F6000E3FE0F4801F036F90E4B984215D101F0FF
:102F700041F926690C49304604F0E8F900280BDBDA
:102F8000012535642469084904F11C0004F0DEF9C8
:102F9000002801DB0020E56470BD6FF00400FBE752
:102FA000753000000000AD0B648200000C22104B55
:102FB000014602FB0033002030B4D3E90E5298637F
:102FC000EFF31180202484F31288BFF36F8F1C6C01
:102FD00004F0C00444F002041C6480F31188BFF3C1
:102FE0006F8F1DB12B4630BC0248184730BC70476C
:102FF0001C3D0120F07E000010B4EFF3118220236D
:1030000083F31288BFF36F8F1848016841F0020400
:103010000460C80708D482F31188BFF36F8F0120C2
:103020005DF8044B01F0FAB84FF05021D1F80C04D0
:10303000D1F80C14C907EED5EFF3118083F3128891
:10304000BFF36F8F0A490B6C03F0C00343F0020318
:103050000B6480F31188BFF36F8F82F31188BFF385
:103060006F8F00205DF8044BFFF7A0BF6C3D01207F
:103070001C3D012010B1012804D07047034B1B6C8C
:103080005B0701D1FFF792BF704700BF1C3D0120D5
:103090002DE9F843012207463449D1E8EF3FC1E862
:1030A000E02F0028F9D133B9314932484B60CB6069
:1030B0008A6004F05EF97B1E012B2DD8012F07D109
:1030C0004FF05023D3F81C3403F00303022B23D01A
:1030D00004F0AEFE054608BB274B1B78F3B14FF05A
:1030E000502302220646C3F808234FF050244FF025
:1030F0000008DFF88890D4F81824D4F81834D203E4
:1031000015D503F00303022B01D0012F0FD135B3E6
:1031100086F31188BFF36F8FBDE8F883EFF3118654
:10312000202383F31288BFF36F8F0125DDE730463C
:1031300004F03EFAD4F81835DBB2012BDBD1D4F819
:103140000421002AD7D0C4F80481D4F80421022233
:10315000C4F818252022C9F88021A360CBE74FF0DE
:1031600050230222C3F80423D6E700BF183D0120F4
:10317000083D0120383D0120525F012000E100E0C0
:1031800008B5074804F012FE38B10648FFF756FEAE
:103190000448FFF739F8002008BD6FF01200FBE784
:1031A0002C7F0000A93100000A2838B50446074DDD
:1031B00004D1AB680D2128465B689847AB6803488B
:1031C0005B68E1B29847204638BD00BF2C7F000005
:1031D000024B0B6001231360704700BF703D01205C
:1031E00000487047B882000010B504F0D7FD034CCA
:1031F000206004F0D0FD6060002010BD703D012013
:103200002DE9F0410D461946284616461C4604F0A5
:1032100089FA78B314B90020BDE8F08115F00307EE
:103220000CD0C7F10407A74228BF274631462846DD
:103230003A4601F035FC3D443E44E41B002724F0AF
:103240000308B84507EB05000FD16FF00302A30890
:1032500002FB03421AB106EB080101F021FC074A08
:10326000D2F80034DB07FBD5D5E7F15901F008FCB3
:103270000437E6E76FF01500CEE700BF009003507B
:1032800038B545682B69B3B11035284601F0B6FA58
:10329000044680B90146284601F07EFA084B984260
:1032A0000BD122462846074901F05EFA2246052145
:1032B0000D20FFF739FD002038BD6FF00400FBE75B
:1032C0000000AD0BC9320000430970B507D10B4BAC
:1032D000596821B101250C68094E854001B970BDBE
:1032E0008A682A4002D030464B6898471CB1236850
:1032F00021461C46F2E72346FAE700BF783D01204D
:10330000047F00002DE9F04340F206354668D00600
:1033100048BF0320337B02EA050558BFC2F34010C3
:1033200087B001F01F07B5F5837F144647EA4317BE
:103330008DF8030042D00FD8062D18D007D8B5B1AC
:10334000022D3DD06FF0150007B0BDE8F083B5F554
:10335000807FF7D101250AE040F20222954231D068
:10336000B5F5407F30D0B5F5007FEBD102250123C4
:10337000220303FA01F129D573689960326952BBBF
:1033800007F01F037F0973D13B4A84F4803102EBBD
:103390008302D2F80032C1F30041C4F3404423F465
:1033A000E16344EA410423F007031C4344EA800438
:1033B00044EA0524C2F800420020C5E70725D6E705
:1033C0000425D4E70525D2E70325D0E7630344BFEE
:1033D0007368D960D2E71036394630460DF10202E3
:1033E00001F0C8F914F4403F80460CD1394630460C
:1033F00004F0B7FC214B9845DED130469DF8021011
:1034000001F006FAD8E74FF0000901AB3946304623
:1034100003AACDE90439CDE90199CDF80C9001F06A
:103420007DF8164B98428DD114F4003315D09DF8D9
:10343000033084F48034C4F300448DF80E303946F0
:103440004B46304603AA8DF80C508DF80D4001F024
:1034500013F90A4B9842CDD074E7CDE904333946CD
:103460000DF10303304603AA039301F057F8F0E788
:10347000803352F82330FFDE002584500000AD0B6E
:10348000F0B5406801F01F04057B87B044EA45149D
:103490000569002D5FD0B2F5001F00F1100506D1BF
:1034A0002146284604F05FFC002007B0F0BD00274D
:1034B000B2F5800F01AE0197776037D1B3F1007F8D
:1034C00014BF052304238DF804300023CDE90463E1
:1034D0000393836823FA01F111F0010118D1B2F1CD
:1034E000A07F15D104F01F03620903F1800338D1D6
:1034F0001D4A52F82330DB070AD40DF10306324689
:103500002146284601F036F9184B984219D0029608
:103510002146284603AA01F001F8154B98421DD117
:1035200001222146284601F07FF9BDE7B3F1C06FC3
:1035300005D0B3F1007F14BF01230223C3E70323A7
:10354000C1E73146284601F069F9094B9842DED0BF
:103550006FF00B00A9E76FF08500A6E76FF015008C
:10356000A3E751F82330FFDE002584500400AD0BA3
:103570000000AD0B2DE9F04740F2FF16594FDFF880
:1035800068C1DFF868E100EB8101814202D10020CF
:10359000BDE8F087046814F4804FC4F3C325C4F376
:1035A000080340F08C80240EB34208BF4FF0FF3375
:1035B0007D5D192C00F28680DFE804F00D13191CE4
:1035C0001F251C8484848436608484848484848459
:1035D000848463787B7EC2F80C355C1C5BD104303C
:1035E000D3E7C2F814355C1CF9D000245CE0C2F8C3
:1035F0000835F2E7C2F81035F5E75C1CC2F808356B
:10360000EDD0002404E05C1CC2F80C35E7D00124A6
:103610005FEA531859D14FF00109DFF8CC8009FA5D
:1036200003FAC8F80CA008E0C2F80835002DDAD17A
:103630005C1CD4D000240625A146D0F800A00AF4D2
:103640000048B8F1000F1CBF4FF00009012403F03F
:103650001F085B093FD10CEB8808D8F80032CAF389
:10366000412A03EA0E0343EA8A0343EA052343EAB5
:10367000090343EA4403C8F80032B0E7C2F80C3546
:10368000D4E7C2F86035B3F1FF3F0468A7D0C4F3B4
:103690000044002CBBD05C091AD10124DFF848801B
:1036A00004FA03F9C8F80890A146C6E7C2F86435E1
:1036B000E9E7C2F86835E6E7C2F86C35E3E76FF092
:1036C000150065E76FF0850062E70023DB60FFDE31
:1036D00000239B60FBE7002308F1800853F82830A3
:1036E000F5E700BFAA8E000000258450F0F8FCFF2B
:1036F0002DE9F04104460D46476804F099FB4FF070
:10370000200868B9244B1B7853B16426606804F024
:1037100031F9D0B9012004F068FA013EF6D1F4E79E
:10372000EFF31186314688F31288BFF36F8F60681C
:1037300004F020F9A8B986F31188BFF36F8FEFE783
:1037400086F31188BFF36F8FDFE7EFF31186314601
:1037500088F31288BFF36F8F606804F00BF90028BC
:10376000EED0BB6900201D706368BA691B68C3F89E
:1037700044250122C3F84825C3F82001D3F820418D
:10378000C3F85801D3F858019A6081F31188BFF348
:103790006F8FBDE8F08100BF525F0120F7B505468D
:1037A000426813691168C1F82435137D507D927DFC
:1037B00003431343C1F86C356E68D6E9004313F038
:1037C000010348D02F6907F1080000F0FDFC304BE1
:1037D00098425AD1387A04F10C0204F5907104F041
:1037E00006FA387A012707FA00F000F0E7FC082310
:1037F000C4F80035B369C4F844350023C4F848352B
:10380000A760D4F85831002BFBD00021C4F8001574
:103810006B6801AADC68204604F07FF8002805DB0D
:10382000019B226819791868FFF7A4FE08216A68CD
:103830001368C3F80015117A51B9D269C3F8342559
:103840000122C3F83825C3F81011D3F810111A60FB
:10385000002003B0F0BD0822C4F80025B269C4F806
:103860004425C4F848350123A360D4F82031002B47
:10387000FBD00023C4F82031D4F820310123E360C9
:103880004FF48073C4F80433BBE76FF00400E0E743
:103890000000AD0B0123834070B5DC430B4AD2E836
:1038A000EF1F01EA0405C2E8E65F002EF7D14FF4EE
:1038B000803282400648C0F80823BFF35F8FBFF311
:1038C0006F8F0B4214BF0120002070BDA03D01206E
:1038D0000050015070B40E4922F07F46D1E9003407
:1038E000D01AC31844F10004C1E90034A6F500134E
:1038F000B3F5400F09D2074B1B681A0A1B069C1927
:10390000054B42F10005C3E9004570BC01F0DEB98A
:1039100088C60020A43D012090C60020D9B1012313
:103920000D4A8340D2E8EFCF4CEA030CC2E8E1CF66
:103930000029F7D14FF48033084A8340C2F804339A
:10394000074BD3E8AF3FC340DB0742BF4FF4001241
:10395000044BC3F800217047A03D012000500150E6
:103960009C3D012000E100E00D4B1868010A0006B3
:10397000BFF35F8F0B4BD3F80435181841F10001EA
:10398000B3F5801F0AD2084BD3E90023904271EBB4
:10399000030303D210F1807041F10001704700BFB2
:1039A000A43D01200050015090C600202DE9F04FA9
:1039B00085B016461F4604469DF840A0FFF76AFFF3
:1039C0000190FFF7D1FFB04271EB070352D23B4B9E
:1039D000301A67EB0101984271F100014DD2384B6A
:1039E00003EB0413D3E902239F4208BF964258D049
:1039F0004FF48038334908FA04F8204626F07F4B0C
:103A0000C1F8488304F005F84FF00309584604F163
:103A10005005AD00ADB205F1502504F5A87305F5CC
:103A200080350293029A20F07F4341F82230C1F89A
:103A30004483D1F80435244AC01A033820F07F406B
:103A400090422ED9286868B1D1F80435A3EB0B0059
:103A500020F07F40B0F5000F039322D9204603F0F9
:103A6000D8FF039BBAF1000F07D109EB030009F15E
:103A70000109D7E7BAF1000F09D06FF0150520460C
:103A80000199FFF74BFF284605B0BDE8F08F0123F1
:103A90000E4AA340D2E8EF0F1843C2E8E10F002915
:103AA000F8D107490E982301C8500F9B01EB04126F
:103AB0000025C2E902675360E1E700BF0100800012
:103AC00078C6002000500150FDFF7F009C3D012082
:103AD0007FB500254FF0FF304FF0FF31194C1A4BE6
:103AE0000226C4F80833C4F84833184BC4F8085504
:103AF000C3E902014FF480334FF40012C4F80433D9
:103B0000134B0121C4F804631520C3F880212A4611
:103B1000FFF70AF91520FFF7D7F801230D4AA36034
:103B2000236013600C4B0D4A009328460023CDE917
:103B30000155FFF73BFF3046FFF7AAFA284604B0CD
:103B400070BD00BF0050015003000F0078C6002078
:103B500000E100E0A03D0120D5380000FFFF7F001C
:103B60002DE9F7432E4BD3F8042390070BD5D3F858
:103B7000042142B10022C3F804212A4AD3F80431B7
:103B8000136801331360264AD2F80433D90326D5CB
:103B9000254BD3E8EF1F21F00100C3E8E40F002C10
:103BA000F7D1CB0702D4D2F84031C3B100251C4C69
:103BB000C4F84051D4F84031FFF7D6FEEFF311823C
:103BC000202383F31288BFF36F8F184BD3E902676A
:103BD000B042B94106D282F31188BFF36F8F03B0B0
:103BE000BDE8F0834FF0FF38D3E900104FF0FF3904
:103BF0001D60C3E902894FF48033C4F84833C4F828
:103C00004051D4F8403182F31188BFF36F8F0029FF
:103C1000E5D0009032463B4628468847DFE700BFA4
:103C200000500150A43D01209C3D012078C6002099
:103C300030B5431C124C85B005D08442A8BF044661
:103C4000012CB8BF0124FFF78FFE0E4B0C4DD3E9BA
:103C50000013401AB0F5000F0FD22218AA4228BF55
:103C60002A46002052180849CDE90100009143F18D
:103C70000003FFF79BFE05B030BD2A46F1E700BF09
:103C8000FFFF7F0088C60020D538000008B5FFF789
:103C90006BFE024B1B68C01A08BD00BF88C600201F
:103CA000012310B5074C15206360FFF71BF84FF494
:103CB0000012054BC4F80833C4F84833034BC3F86B
:103CC000802110BD0050015003000F0000E100E012
:103CD00040EA0103C3F30E0330B58BB940F215156A
:103CE000094CC90BC0F3C730994201D1002030BD47
:103CF000C218D2B202F5C07244F822500133F3E781
:103D00006FF01500F3E700BF0030005030B5816858
:103D100085B0103921F00704054603F0F9FB1022A5
:103D20000146684603F075FC10226846064903F018
:103D300065FC10236A462146284603F0B3FB003891
:103D400018BF012005B030BD4285000030B50D46DA
:103D5000816887B0102302AA1039044603F08DFB56
:103D6000002802DA012007B030BD1022204602A947
:103D700003F07AFE00283AD110221E4902A803F06F
:103D80002DFC00280CBF012302232B70204603F0DA
:103D900057FE012301460DF10702204603F06DFB9B
:103DA0000028DFDB9DF80730204603F00F021B09D7
:103DB0006A702B7101220DF1070103F055FE10B955
:103DC0006B78042B03D901236B7000232B71A2683D
:103DD0002046183A22F00702083AA91C03F057FEC1
:103DE0000028BFD12046E91C03F0AAFEBBE703234D
:103DF000CBE700BF42850000F0B5354F85B04600E7
:103E00000546694657F8260003F0A0FE044610B1A7
:103E1000FF2005B0F0BD013657F8260002A903F0D7
:103E200095FE012837D12A4649212A4803F017FB7D
:103E3000294B8DF80C40029300229DF800609DF8FC
:103E40000870264C3146207803F000FE50B3394606
:103E5000607803F0FBFD28B3A378042B03D09DF812
:103E6000031099421ED1E378042B03D09DF80B1068
:103E7000994217D12379042B10D16279022A1DD1DE
:103E8000174B18482A46492103F0E9FA6079831E46
:103E9000022BBED9BCE70028CED0B9E79DF80210AE
:103EA0009942EAD00132032A04F10604CAD10E482D
:103EB0002A46492103F0D3FA0120AAE7032A05D0B4
:103EC0000A4B0B49042A08BF0B46DAE7094BD8E72F
:103ED00090830000E98E0000030103037E8F000041
:103EE000CB8E0000348F0000588F0000D08E000071
:103EF000E28E0000C68E000008B5EFF31083012BA0
:103F00000C4A07D1126ABFF34F8F511C4A424A41F3
:103F1000104608BD03F047FE00B172B6126ABFF347
:103F20004F8F531C5A425A4103F03DFE0028EFD0F8
:103F300062B6EDE70080FF0008B5EFF31083012BB8
:103F40000B4A06D1D269BFF34F8F02F0010210462F
:103F500008BD03F028FE00B172B6D269BFF34F8FDF
:103F600002F0010203F01FFE0028F0D062B6EEE777
:103F70000080FF0010B503F016FE30B14FF0502363
:103F80000022C3F81421C3F8182103F01BFE28B146
:103F90000122644BC3F8382AC3F878254FF47F0216
:103FA000D2F83031D2F83421BFF34F8FC3F30B0373
:103FB000092B05D1012A1EBF01225A4BC3F87825CF
:103FC00003F000FE18B10E22574BC3F8E42E03F0A5
:103FD000EAFD30B10022534BC3F80C270122C3F88D
:103FE00010270022D30003F57F03D3F80013BFF39B
:103FF0004F8F013108D0D3F800130132D3F80433C6
:10400000B2F5807F0B60EDD1EFF31084FFF794FFE2
:1040100000284DD0BFF34F8F444BD3F80024012A22
:10402000FBD1C3F80425D3F80024012AFBD1012CCD
:1040300003D003F0B8FD00B172B6FFF77DFF58B1B1
:104040003B4AD36923F00103D361BFF34F8F374A53
:10405000D2F80034012BFBD1FFF74EFF68B1344A90
:10406000136A23F0FF0343F020031362BFF34F8F63
:104070002E4AD2F80034012BFBD1012C03D003F0DF
:1040800092FD00B162B60022284BC3F80425D3F894
:104090000024012AFBD1BFF34F8F2649264BCA6863
:1040A00002F4E0621343CB60BFF34F8F00BFFDE724
:1040B000FFF722FF0028ADD11E4AD2F88C3043F41E
:1040C0004063C2F88C304FF47F03D3F83021D3F82B
:1040D0003431BFF34F8FC2F30B02092A16D1013BD3
:1040E000022B02D8154AD35C83B1114814490368E6
:1040F0000E4A8B420CBF5A230023C2F8103EC36AFB
:104100008B420CBF5A230023C2F8003E094AD2F862
:10411000883043F47003C2F88830BFF34F8FBFF389
:104120006F8F10BD0040005000A00350009003505E
:104130000080FF0000ED00E00400FA05908F000011
:10414000FA50FA5030B50468ACB1B4FA84F30122E5
:10415000C3F11F03DBB29A4024EA0202D0E8EF5F0A
:10416000A54204D1C0E8EC2FBCF1000FF6D1EAD192
:1041700002480B7030BD0248FCE700BF0000AD0BE9
:104180000200AD0B10B50368CB40DB0710D4012350
:104190008B40026843EA0201D0E8EF4F944204D119
:1041A000C0E8EC1FBCF1000FF6D1F2D1014810BD00
:1041B0000148FCE70000AD0B0400AD0B014BC3F858
:1041C00004057047007001500146014800F0B0B886
:1041D00084C50020044B1A7922B9012218601A7193
:1041E0000248704702487047A83D01200000AD0B0F
:1041F0000C00AD0B08B5084B1B6833B10520FEF76A
:1042000085FD10B90520FEF75FFD4FF05023012218
:10421000C3F8182508BD00BFA83D012010B510B196
:10422000012847D010BD4FF05023D3F81814D3F80D
:104230001824C90322D502F00303022B05D0012B59
:1042400002D0002003F0DAFC01234FF050220220BC
:10425000C2F8183508224FF48273002103F150236D
:1042600019601C68012402F150221460164A126879
:1042700022B34FF05023C3F80403D3E7D3F8142438
:10428000D207E1D5D3F81C2402F00302013A012A37
:10429000D7D80D4A12681AB10222C3F80423C1E725
:1042A000D3F80421002AFBD00022C3F80421D3F85C
:1042B0000431B7E700224FF48073CEE71A68002A72
:1042C000FCD019601B68ADE7A83D01204FF05023DA
:1042D00010B5D3F8002152B10020C3F80001D3F883
:1042E00000210122C3F80823104B1B6898474FF0A8
:1042F0005023D3F8042182B10022C3F80421D3F85B
:104300000421D3F81824D3F81824022102F0030260
:10431000012A03D1C3F818159A6010BDC3F8081319
:10432000024B0120BDE810401B681847A83D012042
:104330000079024B03EB0010FFF704BF8CC500208F
:10434000036803F01F025B090260024818BF0020E7
:10435000704700BF0025845070B50D4C00F1080374
:1043600034F813300546DA050E4607D5C3F3432368
:1043700004EBC302526854F833309847A3682BB15A
:1043800031462846E268BDE87040184770BD00BF5E
:104390009CC50020024611F0010004D003490B6ABD
:1043A00013600B6203B90020704700BF00258450E2
:1043B00010B4134AC0B2083032F81030D9051CD5F9
:1043C000C3F3432123F4F85322F81030002002F104
:1043D0000E0434F8023F13F4807F03D0C3F3432369
:1043E00099420AD001302028F3D1002342F831301D
:1043F00004485DF8044BFFF7C5BE5DF8044B7047F9
:104400009CC50020F4C50020F0B50546002001261B
:10441000044607468C420BD1114BD3F87C2132B1B4
:104420000022C3F87C21D3F87C3140F00040F0BD7D
:10443000E3B29B0003F580729B0806FA03F31D426A
:104440000BD002F1A04202F55042D2F800C0BCF1FC
:10445000000F02D01760126818430134DAE700BF7A
:1044600000D00050CBB2024608460D49083331F85F
:104470001330990611D599070FD4012110685B0BF1
:104480009940C0F80813126802EB8303D3F8102593
:1044900022F00302C3F810257047002103F052BC3C
:1044A0009CC50020F7B5194ECDB2083536F8153049
:1044B0000746DB070C4626D5FFF7D4FF36F8153044
:1044C0009A0608D55A0B3B6803EB82030022C3F817
:1044D0001025C3F810252046FFF76AFF002301A826
:1044E00026F815300194FFF72BFF019B00EB8300AA
:1044F000D0F80022064B134043F00203C0F800320C
:10450000044803B0F0BD0448FBE700BF9CC5002091
:10451000F0F8FCFF0000AD0B0400AD0B2DE9FF41EE
:10452000136807460C461646FBB1DFF84481CDB24E
:10453000083538F8152002F02202222A22D0002263
:104540002046CDE900228DF80E208DF80F200DF1C8
:104550000E010DF10F0203F0ACFB38F8153023F01B
:10456000020343F0010328F8153073684BB31A783F
:104570005868DFF8FCC0E3B208333CF813108D072D
:1045800002D5B0B138481FE021F02001C904C90CA0
:104590002CF8131068B1032AF4D870683D6840689D
:1045A00090F800E005EB8E058AB9C5F81025C5F82E
:1045B00010253CF8131021F01C0141EA82022CF86E
:1045C0001320B3682BBB294804B0BDE8F081D5F8AF
:1045D000108541EA4E3128F00308C5F810853D6882
:1045E00041F0200105EB8E05D5F810052CF81310CD
:1045F00020F4473020F44070C5F810052002D5F8AB
:10460000107500F4F85040EA02403843C5F8100530
:10461000CFE72046D3E90067FFF7CAFE002ED2D0CD
:10462000134DD5E90023964203D19F4201D10022C8
:1046300009E010480DF10F01FFF784FD0B4B984284
:10464000C2D19DF80F20E4B205EBC20308345F60CD
:1046500035F8143045F8326043EA422343F480735E
:1046600025F81430AFE700BF0400AD0B0000AD0B20
:104670009CC50020F4C500202DE9FF4107460C46EB
:104680001E4612B3DFF8D480CDB2083538F81530A5
:10469000980701D4990621D413F01C0F02D0537847
:1046A000012B1BD001238DF80F3000232046CDE9CC
:1046B00000230DF10F01931C013203F0FAFA38F8D0
:1046C000153043F0030328F81530002E44D0234D55
:1046D000E1B2083135F81120930703D4204804B023
:1046E000BDE8F081002096F800E03B6822F020024F
:1046F000D20403EB8E03D20CC3F8100525F8112069
:10470000C3F8100596F801C04FEA8E08BCF1000FFF
:1047100022D03868B6784044D0F810354FEA0C4CB7
:1047200023F4981323F4F853C0F81035230203F44C
:10473000F8530CF4403C3605D0F8107543EA0C03EE
:1047400006F48016334342EA4E323B4342F02002E5
:10475000C0F8103525F811200248C0E79CC500209C
:104760000400AD0B0000AD0B014BC3E90212704712
:104770009CC50020054BC9B2083133F811309906A9
:1047800043BF5B0B02481370024870479CC5002072
:104790000000AD0B0400AD0B70B5154D064695F845
:1047A00060401CBB2146402205F1100002F031FFA1
:1047B000214630682E6D8E420ED10023C0F87C3128
:1047C000D0F87C3140F30730FEF77EFA0123094828
:1047D00085F86030AB6570BDCBB29B0003F580728D
:1047E0007C2B04BF845083580131E4E70248F2E790
:1047F0009CC500200000AD0B0C00AD0B034B93F8E3
:104800006000003818BF0120704700BF9CC5002021
:104810000148FFF7B7BC00BFF0C500200148FFF713
:1048200091BC00BFF0C5002073B503680C46D3F8F7
:1048300004130029A4BF4FF00041C3F804131E491C
:10484000E3B2083331F8133099061AD513F0020693
:1048500017D15B0B05689C0004F580716E50695898
:1048600001682144D1F8104544F00104C1F8104515
:104870002AB10122016802FA03F3C1F8043302B03D
:1048800070BDC3F38203042B11D0052B11D001A8F6
:104890000194FFF755FD019A0369D34003F001032A
:1048A000991C204602B0BDE8704003F04BBA0321CA
:1048B000F7E70221F5E700BF9CC500202DE9F3478B
:1048C000534B544FD3F80403396DC0B240F000404D
:1048D000FFF79AFD051E18DA00236846F96D00936C
:1048E0004FF00108FFF756FD97F85C30DA0757D410
:1048F000396D4FF00040FFF787FD6846F96DFFF70F
:1049000049FD0028F0D125F000450124002D66D195
:1049100002B0BDE8F08794FAA4F4B4FA84F4E00895
:1049200004F1080337F8139004F007021DF8003073
:1049300008FA02F223EA02030DF8003001A80194FC
:10494000FFF7FEFC019B4FEA9901803350F823608A
:10495000C9F3820A4B07D146C6F3014624D5204647
:104960005146FFF7F9FC01A80194FFF7E9FC019B10
:10497000F6B2803350F82330C3F301439E4207D18F
:104980000021204603F0DEF93146204603F0DAF933
:1049900001A80194FFF7D4FC019B08FA03F303621A
:1049A000009C002CB7D1A3E7022E0CD10321204696
:1049B00003F0C8F90AF00503012BE9D14946204666
:1049C000FFF7CAFCE4E70221204603F0BBF9BAF185
:1049D000030FF3D0032EDBD1BAF1020FEDE795FA06
:1049E000A5F3B3FA83F304FA03F29B0003F1A043A7
:1049F00003F55043D3F81005D3F81015C0F3042085
:104A0000C1F3014125EA0205FFF7A6FC7EE700BFDE
:104A100000D000509CC500200022034BC3F8842521
:104A2000C3F80425704700BF00900350044AD2F831
:104A30000834DB07FBD50160BFF35F8F704700BF11
:104A40000090035008B5C0F30B0383B90222094B51
:104A5000C3F88425C3F804254FF0FF320260D3F871
:104A60000024D207FBD5FFF7D7FF034808BD034852
:104A7000FCE700BF009003500000AD0B0A00AD0B37
:104A8000012208B5054BC3F88425C3F80425FFF7B8
:104A9000CDFFBDE80840FFF7BFBF00BF0090035047
:104AA0002DE9F843154601221D4B0446C3F8842521
:104AB000C3F8042510F003030E4610D0C3F1040719
:104AC000AF4228BF2F463A46A0EB030803F04DF94A
:104AD00001464046FFF7AAFFED1B3C443E443746E3
:104AE00025F00308B044A4EB0609B84511D115F030
:104AF00003020AD025F003052C447119204603F067
:104B000034F901462046FFF791FFBDE8F843FFF76F
:104B100083BF09EB070057F8041BFFF787FFE4E7A3
:104B20000090035038B5094B53F82040013053F83A
:104B30002050A54200D838BD636823B1204603F059
:104B40005AF90834F5E723689847FAE79883000094
:104B5000012208B5094B03201A70FFF7E3FFFDF7A8
:104B6000EFFE03F064F90420FFF7DCFFFBF752FCD3
:104B7000034A137B23F00103137308BD525F012026
:104B800098C6002008B50348034A0021121A03F012
:104B90004AF908BD78C60020545F012008B50020FE
:104BA000FFF7C0FF164B03F5006282F3088883F31A
:104BB0000A880025E023134C84F82230E577257617
:104BC0006576A57684F82050636A43F4E023636237
:104BD00084F82350FDF7FCFFFEF70CF94FF0FF338C
:104BE000A362E36203F0E1F80120FFF79BFF0220DC
:104BF000FFF798FF2B462A4629460348FEF7D8F8C8
:104C0000585F012000ED00E0514B000008B5064858
:104C1000064A0749121A03F008F9BDE80840054A98
:104C20000549064803F001B968C5002073C6002095
:104C3000948F000000000000948F000068C50020E1
:104C4000034B1B680BB9FFF721B80020704700BF6A
:104C5000B03D012030B570B10B4B5B6898420AD073
:104C6000036843B1D3E90421D0E90445121941EBAB
:104C70000501C3E90421D0E9003213605A60002322
:104C8000C0E9003330BD00BF00C6002010B50E4B98
:104C90001C689C4204D1FFF7D3FF6FF0004010BDA9
:104CA000FFF7CEFF002CF8D0D4E904321B1A62EBD8
:104CB000E072B3F1004F72F10001EEDA002AACBFEE
:104CC00018460020EBE700BF00C600202DE9F84F92
:104CD000EFF31186202383F31288BFF36F8FDFF881
:104CE000B4902A4D4FF0000A2860D9F800004FF028
:104CF000000B484508BF0020254C3746D4E9001E6C
:104D00002B6880B3D0E904864FEAE37C43457CEB13
:104D1000060206DAB8EB030266EB0C06C0E90426CD
:104D200021E018EB01014EEBE873C0E904ABC4E9E4
:104D30000013FFF78FFF87F31188BFF36F8F83682E
:104D40009847EFF31187202383F31288BFF36F8F07
:104D50002B68D9F80000A3EB080348453E462B60BA
:104D6000CBD1D4E9001E59184EEBE373C4E900130C
:104D700000242C60FFF78AFF2146FEF759FF87F3D6
:104D80001188BFF36F8FBDE8F88F00BFB03D0120E1
:104D900018C7002000C6002010B5EFF311842023AF
:104DA00083F31288BFF36F8FFFF74AFF0346054A6C
:104DB000D2E90001181841EBE37184F31188BFF3C5
:104DC0006F8F10BD18C7002010B50A4C23681BB1A7
:104DD00001232360002010BD00F046F80028F7D022
:104DE0000138062803D8044B53F8200010BD0348AF
:104DF00010BD00BFB43D0120B0830000FE8FFFFF57
:104E0000BFF34F8F0549064BCA6802F4E0621343B3
:104E1000CB60BFF34F8F00BFFDE700BF00ED00E0A8
:104E20000400FA0530B44FF0FE320025074B084C61
:104E300008494968C3F80024C3F80424C3F80824C7
:104E4000C3F80C24C4F8005530BC08470010845047
:104E50000000845008C60020024BD0E90012C3E9CC
:104E60000012704708C6002038B500F02FF820B1B6
:104E7000032400F063F8204638BD00F031F898B9FB
:104E800000F0ACF898B90F4DD5F828391B0EF02B6F
:104E900008D1D5F8242A0C4B9A420AD0072400F0F6
:104EA00017F8E6E70624FAE70424204638BD002474
:104EB000F5E7012000F092F804460028F7D1C5F884
:104EC0000C0AD8E7001084500000E0200020704752
:104ED00000207047014BC3F8040A7047001084504B
:104EE00010B5114800F048F800B110BD0F4800F0AF
:104EF00043F80028F9D10E4C204600F03DF8002878
:104F0000F3D10C4B0C481C6000F036F80146002829
:104F1000EBD100F02DF8044608B1204610BD00F09A
:104F20003FF82046FAE700BF20C600201CC600203C
:104F300018C6002010C6002014C6002008B5084876
:104F400000F024F8074800F021F8074800F01EF8A8
:104F5000064800F01BF8BDE8084000F00BB800BFA1
:104F600020C600201CC6002018C6002014C6002041
:104F700000207047704700BF08B5034B02681B68EC
:104F800010689847002008BD38C6002008B5034BBC
:104F900002685B6810689847002008BD38C600208A
:104FA00070B5094C094D2069AB68984718B1084B9A
:104FB00008485B6898470021074AEB681160206940
:104FC000BDE87040184700BF24C6002038C6002046
:104FD00008C60020CC830000B83D0120F8B51A4D6A
:104FE0001A4E0446B26828699047E8B9184F3B68E2
:104FF0004CB1A3B1012B19D0013B3B602869F36888
:1050000098470020F8BD43B90121124AC2F80015A3
:105010001149D1F81029002AFBD101333B60F36814
:10502000286998470020F8BD0C48F8BD0A4AD2F814
:105030001039002BFBD1074A6FF07E40C2F80035D3
:10504000FFF748FF3B68D7E724C6002038C600209A
:10505000B83D01200000845000108450E98FFFFF0C
:1050600010B5044650B1636813F0685F05D0064A76
:10507000934202D000236260236010BD034B0448BA
:105080005B689847EFE700BF2C5F5CA908C600206B
:10509000EC830000C8B143680D4A934213D013F06B
:1050A000685F0ED0012350E8002F194640E8001C2D
:1050B0009CF0000FF7D1012AF5D0BFF35F8F0020DD
:1050C000704704487047044870476FF4E0407047E9
:1050D0002C5F5CA9E98FFFFFEA8FFFFF034680B1D9
:1050E000426809498A420AD012F0685F05D0BFF3CE
:1050F0005F8F002210461A607047044870470448CA
:1051000070476FF4E04070472C5F5CA9E98FFFFFA8
:10511000EA8FFFFF10B5044620B10023034A236045
:10512000626010BD0248FFF77DFEF6E73A00003AE4
:105130001484000030B10268034B04489A4208BF4F
:105140000020704702487047DD55AABB8208F00076
:105150007108F00038B50D460446B0B1A022002118
:10516000043002F086FE95B10822294604F164005D
:1051700002F085FE082205F1200104F1840002F00E
:105180007EFE0020034B236038BD0348FCE7034844
:10519000FAE700BFDD55AABB7108F0008308F000F4
:1051A0002DE9F74305460E4699461146FFF7C2FF23
:1051B0000446002840F08480002E00F085800029FD
:1051C00000F08480B9F1200F40F0828005F14404A2
:1051D000082205F10408204602F051FE05F12407DB
:1051E00008223146404602F04AFE06F1200108221C
:1051F000384602F044FE02A941F8049D4FF4807045
:1052000002F031FE002865D14FF48073324A01214B
:10521000136093600823314A00F034FB0121052319
:1052200008462F4A00F02EFB0823424601211C208D
:1052300000F028FB08233A460121032000F022FB5E
:10524000224608230121022000F01CFB0823254AE6
:1052500001211A2000F016FB0523234A01211B20FF
:1052600000F010FB0823214A0121142000F00AFB62
:1052700008231F4A0121152000F004FB082305F133
:1052800064020121162000F0FDFA082305F18402D2
:105290000121172000F0F6FA0823164A01210B20FD
:1052A00000F0F0FA00F04AFB0446019800F0D8FA4A
:1052B000114B002C18BF1C46A421284602F0DBFD30
:1052C000204603B0BDE8F0830C4CF9E70C4CF7E73F
:1052D0000C4CF5E7084CEFE7901084507884000000
:1052E000F084000038840000DC8400009C8400000E
:1052F000BC840000588400008408F0007608F000A8
:105300008008F0008108F000C2690C4B1A608269C5
:1053100043F8042C426943F8082C026943F80C2C2A
:10532000C26843F8102C826843F8142C426843F892
:10533000182C026843F81C2C704700BF5C16845080
:105340000C4B1B68C3610C4B1B6883610B4B1B68C8
:1053500043610B4B1B6803610A4B1B68C3600A4B1C
:105360001B688360094B1B684360094B1B68036023
:10537000704700BF5C1684505816845054168450F1
:10538000501684504C16845048168450441684504D
:105390004016845030B10268034B04489A4208BF5B
:1053A0000020704702487047DD55AABB0202F0009A
:1053B0000002F00038B5044668B1051D702128468A
:1053C00002F059FD28462022044902F050FD002039
:1053D000034B236038BD0348FCE700BF0485000091
:1053E000DD55AABB0002F0002DE9F04385B015465B
:1053F0006F46274B04460E460FCB87E80F002DB9AA
:105400004FF00009484605B0BDE8F0832046FFF79D
:10541000C1FF81460028F5D1231D0193636AA3BB18
:10542000236F8BB1C3F14008A84528BFA84604F1FB
:10543000300031461844424602F019FD236F4644BD
:1054400043442367A5EB0805226F402A06D104F1E7
:105450003001384600F0B4FB0023236705F03F0815
:1054600035F03F0505D031462A46384600F0A8FB06
:105470002E44B8F1000FC3D04246314604F130004B
:1054800002F0F5FCC4F87080BCE7DFF80890B9E7DB
:10549000708100000C02F0002DE9FF4104466F46C8
:1054A000134B0E460FCB87E80F002046FFF772FF25
:1054B0008046B0B9CEB1636A251D01953BB9012381
:1054C000226F636204F13001384600F079FB2B460D
:1054D000043E243453F8042B12BAA34246F8042F96
:1054E000F8D1404604B0BDE8F081DFF80880F8E765
:1054F000708100000502F000084B1B681B0EF02BAA
:1055000008D1074B1A68074B9A4205D10020064B79
:10551000186070470520704706207047281984508E
:10552000241A84500000E0200C1A8450002230B568
:10553000134640F6FC754900023802F1A15404F507
:10554000823490424FEA840402F10102CABF236010
:1055500025605B181E2AF0D1034A13600B44536088
:10556000024B034A1A6030BD781084508410845076
:1055700020F80F001E4B30B51A4685B0196800910F
:105580000099CC07FAD500F1A15000F582308000D7
:10559000016813680193019BD807FAD5154B164C87
:1055A000186820231F3090FBF3F0144D01380028B9
:1055B00010DA00230130400153B14FF00042A0F156
:1055C0002001134204D1013888424FEA5202F8D137
:1055D00005B030BD13680393039BDB07FAD543186E
:1055E00023602B680293029B002BE3D10138DEE796
:1055F000B4108450AC108450E4108450DC108450FB
:10560000F0B51D6885B001F01F040DB91F2C28D11D
:10561000174D2E462F680197019FFF07FAD500F11D
:10562000A15000F582308000006835680395039D25
:10563000ED07FAD51F2C00EB611018BFC9430D4DC3
:1056400018BF01F01F0128600B4800680290029803
:105650001CBF00FA01F111604FF0000108BF10609B
:10566000196010684300C00F136005B0F0BD00BFA3
:10567000B4108450E4108450DC1084500C4B890129
:1056800018603F3020F03F00403058609960094872
:10569000D9601961596199611C3382B0196002683F
:1056A0000192019AD207FAD5196002B0704700BF83
:1056B00090108450B410845038B5A0F12003B3F595
:1056C000426F05462CD88F2826D800F1470300F1F9
:1056D0006604DB064FEA541400D0013464013F3401
:1056E000A409013411B1A1421AD30C464FF48050E1
:1056F000E300B0FBF3F0202828BF202002B11060A7
:105700000122084B21461A60FFF710FF2846214668
:10571000FFF7B4FF002038BD00F11F046409DDE786
:105720000148F8E71C1884502221F000464BF0B5E0
:105730001D4689B01C680194019CE407FAD5434BCF
:10574000002413449B001A680B181E2B88BFC0F15D
:105750001E011F320B1852095343B3F5806F84BFEB
:105760004FF48061B1FBF2F1274688BF091ADFF8D8
:10577000E4E000F1A150DFF8E0C000F58230A14282
:1057800033DC2B680493049BDB07FAD5304B1B6892
:10579000296805910599CF07FAD52E4C2E4923602B
:1057A00000231E46934203F1010040D11946002612
:1057B00020F0010228488A423CD8296806910699BF
:1057C000CE07FAD525490968286807900798C007C9
:1057D000FAD5216000210C461F488B422DD10020B4
:1057E0001D499A422CD809B0F0BD2B680293029B48
:1057F000DB07FAD503199B001B682E680396039EEE
:10580000F607FAD5CEF800300023934203F10103E6
:1058100006D1164623F00103B34204D80134AEE7A3
:10582000CCF80070F1E7CCF800700136F4E70E60B8
:105830000346B7E706600131BDE704600131CCE7FC
:1058400008600133CDE700BFB41084502404211454
:105850007C108450D4108450D81084507810845018
:1058600008B540B1202801464FF0070228BF20218B
:105870000020FFF75BFF0022014B1A6008BD00BF4C
:105880001C188450F0B5294D85B02C462E68009622
:10589000009EF607FAD500F1A15000F58230800095
:1058A0000568206801900198C707FAD52048214F64
:1058B000056002EB8306B24229D100275A1C1D4E17
:1058C00022F001029A4227D823680293029BDE0746
:1058D000FAD5194B0B449B001B681F335B099A4296
:1058E00013D2216803910399C907FAD50021154401
:1058F000056008469B1A0F4A8B4210D800205A1C9C
:105900000C4922F001029A420CD805B0F0BD52F8C1
:1059100004CBC7F800C0CEE737600133D2E7106090
:105920000131E9E708600133EDE700BFB4108450AE
:10593000D4108450D8108450240421142DE9F0414F
:10594000814BA0B01D68986820331E461A680192EA
:10595000019AD707FAD57D4B7D4A1A6032680292C8
:10596000029AD407FAD57B4A1A607B4A144611681A
:1059700003910399C907FAD5784A1168C1F3402108
:1059800037680497049FFF07FAD5754F1F60276893
:105990000597059FFF07FAD51768002900F0CF800B
:1059A000B90540F1CC80316806910699CF07FAD548
:1059B0006C491960216807910799C907FAD51168E0
:1059C000C1F3402137680897089FFF07FAD5664F53
:1059D0001F6027680997099FFF07FAD512680029F9
:1059E00000F0AF80910540F1AC8032680A920A9ACB
:1059F000D207FAD5564A1A6032680B920B9AD7072B
:105A0000FAD55A4A1A6031680C910C99CC07FAD52C
:105A10005749196031680D910D99C907FAD5554953
:105A2000196031680E910E99CF07FAD55249196065
:105A300031680F910F99CC07FAD550491960504B36
:105A40001E46196810911099C907FAD53F4C4D4B65
:105A5000236033681193119BDB07FAD54A4B23600F
:105A600033681293129BDF07FAD5484B23603A4BF9
:105A70009846196813911399C907FAD5324F3860BF
:105A800033681493149BDB07FAD5226033681593AF
:105A9000159BD807FAD53E4B236033681693169BA7
:105AA000D907FAD53B4B236033681793179BDA0766
:105AB000FAD5394B236033681893189BDB07FAD566
:105AC000364B236033681993199BD807FAD5344BAA
:105AD000236033681A931A9BD907FAD5314B236098
:105AE00033681B931B9BDA07FAD52F4B236000F01A
:105AF0001DFC08BBD8F800301C931C9BDB07F9D5B4
:105B00003D6033681D931D9BD907FAD5274B236051
:105B100033681E931E9BDA07FAD5254B2360D8F80D
:105B200000301F931F9BDB07F9D50C4B1B6813F448
:105B3000805F204B08BF184620B0BDE8F0811E48AA
:105B4000FAE71E48F8E700BF901084508010845098
:105B500000100251C01F7229B41084508810845064
:105B6000C0CF0129C01F0E29C03F002940010249B2
:105B7000003184A800001649400108A1804408882B
:105B8000B0108450C044708880077A41C0077E41BD
:105B900000006A498006164940006E490002002153
:105BA00000822021408220218082242140A161A105
:105BB00000C861510308F1000108F1000208F1007A
:105BC000324B2DE9F74F80469246994644681A6851
:105BD000002AFCD12E4B9B461A68002AFCD14FF0BC
:105BE000FF30019100F094FC802000F097FC01232D
:105BF0000720284A284DA2F59E722B60C2F83C016E
:105C00001360636A254F264E3B60A36A20463360CB
:105C1000D8F8003042F8043CD8F808309847019989
:105C2000D9F80030002BFBD1BAF1000F20D10422AB
:105C30001C4B1A60D9F80030002BFBD1DBF800A018
:105C4000BAF1000FFAD1D8F80C30204698473B68DB
:105C500063623368A362144BC3F800A0C3F844A185
:105C6000D9F80030002BFBD12B6003B0BDE8F08FDA
:105C7000236A4020012B04BF0B4A13600B4B1960B1
:105C8000C3F804A000F050FCD4E700BF1019845002
:105C9000201C84500019845018188450CC1784504C
:105CA000D0178450C817845084168450281C845000
:105CB000544B10B5194698B01A680192019AD20750
:105CC000FAD5514B514A1A600A680292029AD407D7
:105CD000FAD54F4A1A600A680392039AD007FAD598
:105CE0004C4818600A680492049AD207FAD54A4AC6
:105CF0001A600A680592059AD407FAD5474A1A60CD
:105D00000A680692069AD207FAD5454A1A600A68C6
:105D10000792079AD407FAD5424A1A600A6808928D
:105D2000089AD207FAD5404A1A600A680992099A75
:105D3000D407FAD53D4A1A600A680A920A9AD2072D
:105D4000FAD53B4A1A600A680B920B9AD407FAD527
:105D5000384A1A600A680C920C9AD207FAD5364A69
:105D60001A600A680D920D9AD407FAD5334A1A6060
:105D70000A680E920E9AD207FAD5314A1A600A685A
:105D80000F920F9AD407FAD52E4A1A600A68109219
:105D9000109AD207FAD52C4A1A601A4B19461C6879
:105DA0001194119CE407FAD5174B186008681290FB
:105DB0001298C407FAD51A600A681392139AD0078A
:105DC000FAD5124A1A600A681492149AD207FAD5C0
:105DD0001E4A1A600A681592159AD407FAD51C4A09
:105DE0001A600A681692169AD007FAD5194A1A60EC
:105DF0000A681792179AD207FAD5174A1A6018B08C
:105E000010BD00BFB01084508010845000936521F5
:105E100000043190409665900083612100C33021D9
:105E200000C364900081619000461021008111211F
:105E30000041442100C320290C4610C800863121AE
:105E400000C3602140C1282940966521001331908C
:105E500040962529594614C840043249494B10B58B
:105E6000194694B01A680092009AD207FAD5464BA8
:105E7000464A1A600A680192019AD407FAD5444A40
:105E80001A600A680292029AD007FAD5414818604F
:105E90000A680392039AD207FAD53F4A1A600A6841
:105EA0000492049AD407FAD53C4A1A600A6805920B
:105EB000059AD207FAD53A4A1A600A680692069AF3
:105EC000D407FAD5374A1A600A680792079AD207A8
:105ED000FAD5354A1A600A680892089AD407FAD5A2
:105EE000324A1A600A680992099AD207FAD5304AEA
:105EF0001A600A680A920A9AD407FAD52D4A1A60DB
:105F00000A680B920B9AD207FAD52B4A1A600A68D4
:105F10000C920C9AD407FAD5284A1A600A680D9296
:105F20000D9AD207FAD5264A1A600A680E920E9A7E
:105F3000D407FAD5234A1A600A680F920F9AD2073B
:105F4000FAD5214A1A600F4B19461C681094109C10
:105F5000E407FAD50C4B1860086811901198C40733
:105F6000FAD51A600A681292129AD007FAD5174A1F
:105F70001A600A681392139AD207FAD5144A1A6063
:105F800014B010BDB01084508010845080906521F2
:105F9000000409904096659080806121802008214E
:105FA00080206490008161900046102100811121C1
:105FB0000041442180202029024610C80086092182
:105FC000802060214021282940966521409625297E
:105FD000594614C8504B10B51C4696B01A68019229
:105FE000019AD207FAD54D4B4D4A1A6022680292A7
:105FF000029AD207FAD54B4A1A604B4A42EA8040CD
:1060000022680392039AD207FAD518602268049294
:10601000049AD007FAD5454A1A60A2F5800242EAEE
:10602000814122680592059AD207FAD51960226843
:106030000692069AD007FAD53D4A1A60226807925E
:10604000079AD107FAD53B4A1A6022680892089A43
:10605000D207FAD5384A1A6022680992099AD007FD
:10606000FAD5364A1A6022680A920A9AD107FAD5F6
:10607000334A1A6022680B920B9AD207FAD5314A3A
:106080001A6022680C920C9AD007FAD52E4A1A6030
:1060900022680D920D9AD107FAD52C4A1A6022680F
:1060A0000E920E9AD207FAD5294A1A6022680F92E8
:1060B0000F9AD007FAD5274A1A60216810911099D3
:1060C000C907FAD51A60144B1A461968119111992B
:1060D000C807FAD5114B204919601168129112991D
:1060E000C907FAD51D491960116813911399CC0796
:1060F000FAD50B491960116814911499C807FAD59B
:1061000017491960116815911599C907FAD5154AEB
:106110001A6016B010BD00BFB010845080108450BB
:106120004004419000862929D81001C840144190AC
:1061300040142129401465210034409000310C9016
:10614000C0400C90C030202940960D9000416090D6
:10615000031645C80086112100416021594644C8F4
:106160004014459040142D90264870B5054688B0DF
:1061700004680094009CE607FAD5234C2348046089
:10618000234C44EA83432C680194019CE407FAD52C
:106190000360930143EA824242F0104444F4C04455
:1061A0002B680293029BDE07FAD504602B680393E9
:1061B000039BDB07FAD5174B03608B0143EA814150
:1061C00041F0104343F4C0432E680496049EF60742
:1061D000FAD503602B680593059BDE07FAD50460AA
:1061E00041F058412B680693069BDC07FAD5016005
:1061F00042F058422B680793079BDB07FAD50260F1
:1062000008B070BDB0108450C021022980108450A5
:106210008071009880611890354B8EB019461A68CD
:106220000092009AD207FAD5324B334A1A600A68B4
:106230000192019AD007FAD5304A1A600A68029290
:10624000029AD207FAD52E4A1A600A680392039A74
:10625000D007FAD52B4A1A600A680492049AD2072A
:10626000FAD5294A1A600A680592059AD007FAD524
:10627000264A1A600A680692069AD207FAD5244A74
:106280001A600A680792079AD007FAD5214A1A605D
:106290000A680892089AD207FAD51F4A1A600A6853
:1062A0000992099AD007FAD51C4A1A600A680A921C
:1062B0000A9AD207FAD51A4A1A6008680B900B9806
:1062C000C007FAD51A600A680C920C9AD007FAD562
:1062D000144A1A600A680D920D9AD207FAD5124A2A
:1062E0000E211A6000200D230F220EB0FFF73CBFD5
:1062F000B0108450801084508043012940633921BC
:10630000807001298020542100D13490C040349005
:10631000C0302029C0530D9000413890832308C815
:1063200080E3102100413821CF4308C801232DE923
:10633000F04192B0CDE90333624B1D461A680592D5
:10634000059AD207FAD5604B604C2360604B194622
:106350001A680692069AD707FAD55E4B1A68D604D1
:1063600000F1A8802A680792079AD007FAD55A4AFE
:1063700022600A680892089AD207FAD51E68C6F306
:106380000036002E40F098801220FFF7F3F8074601
:106390001320FFF7EFF887428CBF12201320FFF77E
:1063A000E9F8471EFFF738FF03AB01AA3946122070
:1063B000FFF726F904AB804602AA39461320FFF7FF
:1063C0001FF900EB4800022832D003283ED00128F4
:1063D00074D12B680993099BDB07FAD53F4B2360E7
:1063E0002B680A930A9BD807FAD53D4B23602B688C
:1063F0000F930F9BD907FAD53A4B23602B68109364
:10640000109BDA07FAD5384B23602B681193119B48
:10641000DB07FAD5354B2360013F25D51023192220
:1064200018210020FFF7A0FE304612B0BDE8F08131
:106430002B680B930B9BD907FAD52D4B23602B6848
:106440000C930C9BDA07FAD52A4BCFE72B680D93F8
:106450000D9BDB07FAD5284B23602B680E930E9B10
:10646000D807FAD5254BC1E703AB01AA394612205C
:10647000FFF7C6F804AB044602AA39461320FFF71B
:10648000BFF810EB440402D1FFF712FCC4E7FFF79A
:10649000E5FC022C08D0032C09D0012C10D11721C7
:1064A0001620FFF797FDB7E715211420F9E70F2114
:1064B0000E20F6E7124EB7E7124EB5E7124EB3E7DD
:1064C000124EB1E7B010845000084A518010845039
:1064D000B41084508810845000084E5100065A4968
:1064E00040065E49000442410014424940042E49DE
:1064F000000652494006564900063A4940063E49C0
:106500000608F1000708F1000408F1000508F10091
:10651000014B1860704700BF081A8450014B186087
:10652000704700BF041A8450034A13681842FCD015
:10653000024A106018467047001A8450081A8450A6
:1065400070470020704730B5836804468B4215467B
:1065500085B00ED96368C068194401AA01F060F9DA
:1065600028B96268019B9B1A2B60029B6B6005B087
:1065700030BD6FF02100FAE770472DE9F7430E4672
:1065800017469946044628B94FF0FF38404603B0F5
:10659000BDE8F0830029F7D0002AF5D0CB680D893B
:1065A00038461D44042329460DEB030200F065FF25
:1065B00080460028E8D146F60812BDF80410738919
:1065C000914225D1BDF806109942DDD10423384609
:1065D0000DEB0302294400F050FF0028D4D146F609
:1065E0000713BDF804209A42CED1C4E900679DF894
:1065F0002830A4F80890A3727389BDF806202B44B4
:10660000E360738913442B44043563612561BDE75E
:10661000002BE4D0B8E72DE9F3410E4617461D469E
:10662000044620B94FF0FF3002B0BDE8F0810368A6
:10663000002BF7D04368002BF4D04FF6FF78D4E955
:1066400004239A4216D223685B8923B1E3689342FC
:1066500004BF043323610423216960680DEB030246
:1066600000F00BFF0028DDD1A37A2BB1D4E903326F
:106670009A4201D30120D7E72389BDF8061043458C
:1066800001F1040203D0BDF804C09C450BD115B143
:10669000BDF804302B8023690433336039802369CB
:1066A00013442361C0E7236913442361C7E748B15A
:1066B00003683BB143682BB1C068884294BF002097
:1066C000012070474FF0FF30704773B50C46064607
:1066D00011460223204601AA00F050FA0546E8B907
:1066E000019A1F2A0ED9A2F12001304620222368E8
:1066F000194400F083FF2368019A1344236028465D
:1067000002B070BD0146C2F12002304600F081FFA8
:10671000019A2168C2F120003044EAE76FF00205D7
:10672000EDE74FF4347358433030704710B50446EA
:1067300000F0E7FE4FF43472A368303B02FB1030E8
:1067400010BD70B50D46044601F07AF92A46A0F155
:10675000080104232046BDE8704000F08EBE13B54A
:106760000446019101F06CF90423A0F108010DEB3E
:106770000302204601F0A7F902B010BDFFF7FEBFEB
:10678000FFF7FCBFFFF7FABFFFF7F8BFFFF7F6BF51
:10679000FFF7F4BFFFF7F2BFFFF7F0BFFFF7EEBF61
:1067A000704770B513460E46154600210246044652
:1067B000FAF7DAFB50B92B460121204604F12C02EE
:1067C000FAF7D2FB10B1002E08BF002070BD73B5E0
:1067D000044600200D461646F9F7A8FE6946C0B2E9
:1067E000FCF756F830BB2C2303FB0544E3682589EE
:1067F00000981D44042329460DEB030200F03DFEE2
:10680000C0B946F60813BDF8042064899A4200987E
:1068100015D1BDF806309C420CD1042361190DEB53
:10682000030200F02AFE28B946F60713BDF804203B
:106830009A4207D0009800F01FFE02B070BD002CF5
:10684000F2D0F7E7BDF80610214429443160F1E7A2
:1068500037B5F0250446426A01A903200195FCF7EB
:106860003FF858B9019B0920226DA36201A9019547
:10687000FCF736F8054628B1092500E00125284631
:1068800003B030BD019B206A636500F03AFEE0650D
:10689000F5E70123036003F1012343600023C0E90E
:1068A000023370474379012B07D10368012B04D1D0
:1068B0000079431E584258417047002070477FB509
:1068C00006460D46032001A9FBF7E2FF38BB0198FD
:1068D000FFF72CFFF16D0446284600F0EDF8044464
:1068E000019800F00EFE0646019800F011FE082205
:1068F00001460DEB020000F08CFE2B7921468DF84D
:1069000008300198334602AA00F0CCFD041E01981D
:1069100018BF012400F0B0FD204604B070BD012472
:10692000FAE700F0D4BD70B59EB00E4620230021DA
:1069300006AA044600F0A1FDFAF71EF84023002144
:1069400001930EAB0546CDE902110846009306AA55
:1069500023460496F9F7FCFD04462846FAF71CF88E
:1069600020461EB070BD2DE9F8430E4600210746B3
:106970000846F9F7DBFD044601210020F9F7D6FDB2
:1069800033789C4221D0984221D101252C2303FB4E
:106990000575F86DAC6AFFF7C4FE4FF000080746B6
:1069A000013C6B6A304603EBC40253F83410D2F852
:1069B00004901B684A46C91AC844FFF7B2FFB8459D
:1069C00004F1FF34EDD3BDE8F8830025DEE70120B4
:1069D000F9E737B515460C460920694601F0B6F8C7
:1069E000E979012903D00022204601F0C3F89DF87F
:1069F0000330012B02D1204601F09BF8A968204604
:106A0000FFF7ADFE2046FDF781F9002003B030BD51
:106A100073B50D460646FAF771FB0446E86058B3B5
:106A200002282ED1032001A9FBF732FF58BB2A46CA
:106A300031460198FAF7FEFA0446D0B9019800F001
:106A4000FFFF012301460DF10302019800F015FD3F
:106A50000446A0B9012201980DF1030101F004F8E8
:106A600010B101238DF803309DF8033003F00F03BC
:106A7000EB71019800F000FD204602B070BD0124CA
:106A8000F7E70724F8E70124F6E708B501F0D6F99F
:106A90004FF47A72A0FB020302FB0133C00B40EA01
:106AA000434008BD436A00205A68034613448B42A2
:106AB00000F10100FAD3704710B543790279012B38
:106AC00013BFF02300230C464B4302F1FF3201FBBE
:106AD0000233026818BF4C00013A04FB023010BDBB
:106AE0000120704770B50368CD1A002D02DC6FF0ED
:106AF0005F0070BD93F900601C78002E0ADB5C1CFF
:106B000004601B7813600368C91A13688B42EED8BF
:106B10000020EEE704F07F04013C032C2BD8DFE8D3
:106B200004F0020A1421012DE1D05B7813600368A0
:106B300002330360E7E7022DD9DDB3F801305BBA19
:106B40009BB2136003680333F3E7032DCFDD9C781A
:106B50005D782402DB7844EA05442343136003682C
:106B60000433E6E7042DC2DDD3F801301BBA13600D
:106B700003680533DDE76FF06300BAE770B40468BB
:106B80000E1B002E07DD26789E4208D101340460DA
:106B900070BCFFF7A7BF6FF05F0070BC70476FF06D
:106BA0006100FAE738B503230446FFF7E7FF18B999
:106BB000136813B96FF0670038BD013B1360236899
:106BC0001A78002AF6D101332360F5E72DE9F34165
:106BD00090461F4601AA302305460E46FFF7CEFF1A
:106BE0000446F0B92B68F61A002E34DD42461B78B5
:106BF000284642F8043B2E68019B1E44314606237A
:106C0000FFF7BCFF044660B92B68D8F80420C8F829
:106C100008309918B142296007D10C213846FAF79B
:106C2000B3FC204602B0BDE8F0819B5C3A4642F8D6
:106C3000043B2B683146013328462B60FFF752FF97
:106C400060B92B687A68BB601344B34218BF6FF019
:106C500065042B60E5E76FF05F04E2E70446E0E7D8
:106C6000F8B5B1F1005F0546144600AF10D26E468C
:106C7000D31D23F00703ADEB030D684600F0BEFC07
:106C8000694622462846FEF7AFFBB546BD46F8BD2D
:106C9000FEF7AAFBFAE7D0E901239A421FBF026878
:106CA000D25C013383601ABF00200A700120704754
:106CB0002DE9F34790F9143004460133884616460F
:106CC000176820D004F1160A3A464146504601ABF7
:106CD00000F0D6F9002839DB019DB7EB0509A8447F
:106CE00032D020680DF10301FFF7D5FF30BB012240
:106CF000504601AB00F0A5F900282ADB019B012BCF
:106D000027D14F46E0E700680DF10301FFF7C3FF0D
:106D100018B1012002B0BDE8F0879DF803301A09D0
:106D200003F00F030333043222756375B4F9143092
:106D3000B3F5E16FC6D06FF01A00EBE733684B454F
:106D4000E7D01D44ED1B35600020E3E76FF0140031
:106D5000E0E76FF01300DDE708B5163000F03BFA0E
:106D6000002814BF6FF00800002008BD70B5C36A8A
:106D7000C2B0802B1A4628BF802204460D460192DD
:106D80001BB90175002042B070BDD0F8583201AA7D
:106D900002A9303098470028F5D1042D2069019AC6
:106DA0000FD0019A236A206913442362E36A02A97F
:106DB0009B1AE362E36898470028E3D06FF009006C
:106DC000E1E7236822A998470028F7D1A36A019D2B
:106DD00002AA2B44A36222AB8542E2D0117813F8B9
:106DE000016B0130314402F8011BF5E7012337B58F
:106DF00004460D46019363682BB1012B27D06FF039
:106E0000040003B030BD2046D4F8283201AA0DF1A9
:106E1000030198470028F4D19DF80330C3F3801292
:106E200003F03F03A3600623E36001232274636041
:106E30009DF90330002BDEDB00236360237C13B15C
:106E4000A3685B42A360A36800202B60D9E72046BB
:106E5000D4F8283201AA0DF1030198470028D0D1B7
:106E6000E368192B0ADC9DF80320A16802F07F0279
:106E70009A4011430733A160E360D9E76FF018002F
:106E8000BFE7F7B50446D0E908670D46303001A9E1
:106E9000FFF7ACFF38B9019B1E44B74232BF6FF019
:106EA00008002575E36203B0F0BD37B5037D0446E5
:106EB000082B47D8DFE803F00A0F1B2025272949B4
:106EC00005006FF017000823237534E0FAF718FC6B
:106ED0000028F8DB2FE001A93030FFF787FF0028FA
:106EE000F6D1019B002B28DD4FF0FF30EBE70321AB
:106EF0002046FFF7C6FFEBE704212046FFF736FFE9
:106F0000E6E70521F4E70621F7E701A93030FFF7AE
:106F10006DFF0028DCD1019D6368294620699847F0
:106F200068B9A36A2B44A362D4E908239A4204D126
:106F300007230020237503B030BD0223F9E76FF06B
:106F40000900C0E76FF00400BDE76FF00A00BAE780
:106F5000FAF7D6BB10B504468360C0E900120020E2
:106F6000029BE061E360039BA06223612075C4F88B
:106F7000540210BD10B5C369C0F85C121344C3615C
:106F8000D0E99831994208BF0023044604BFC0F8F5
:106F90006022C0F864320020D4E998239A4203D1D9
:106FA000012808BF002010BD0028FCDB2046FFF7A9
:106FB0007CFFF1E70F290346F0B502D94FF6FF70C9
:106FC000F0BD008820B3002210464FF0800C8A42AA
:106FD000F6DA1E7B7EB91F88002FEFD05D886C1C0F
:106FE000A4B25C801D446D7BA742DD7204BF5E804D
:106FF0001E8083F80CC01C7BDD7A40002C4280B2DE
:107000004FEA540418BF40F001001C730132DEE760
:1070100001221C7B4D1EAA409442CFDB0246D4E7DE
:1070200010B54FF40072044600210D3000F0F1FA63
:10703000002323806380A380E38023816381237303
:1070400010BDF8B514461E460546B0B1A9B1A3B1AE
:107050000088D0F5807302D101203360F8BD9A42D8
:1070600028BF1C460D302246284400F0C7FA2B8862
:10707000002023442B803460F0E74FF0FF30EDE731
:107080002DE9F0410E4615461F460446002800F043
:107090009C80002900F09980002B00F0968000234E
:1070A0003B60A37A062B00F29380DFE803F004181C
:1070B00034400E52620001212046FFF77BFF4FF65D
:1070C000FF73984207D10023A3723868431B5842CC
:1070D0005841BDE8F081D0B90321E08017E03B685A
:1070E000AB42F2D208212046FFF764FF4FF6FF7350
:1070F00098420ED000212389C0B25A1C54FA83F35F
:10710000228183F80D013B685A1C3A60F054A17249
:10711000C7E70123D8E700212046FFF74BFF4FF6D2
:10712000FF73984201D00002D6E70223CCE7082182
:107130002046FFF73FFF4FF6FF73984207D0E388E2
:107140000521184300230130E080A380DFE70323FB
:10715000BAE707212046FFF72DFF4FF6FF7398424D
:1071600005D0A388062118430130A080CFE705236E
:10717000AAE73B68EB1AA8D0A28800219A4228BF50
:107180001A46B4F806C004F20D108A4207D1A1884D
:10719000891A89B2A1800029B9D0062394E72389EE
:1071A000D7F800E0A3EB0C03DBB2C35C0EF10108DF
:1071B000C7F8008006F80E3094F808E0013100F8B6
:1071C0000E30238901332381DFE74FF0FF3080E762
:1071D0006FF001007DE738B1837A052B07D800886E
:1071E000003818BF012070474FF0FF307047012072
:1071F000704710B484682468A4465DF8044B604767
:1072000010B484686468A4465DF8044B60478368E2
:107210009B6803B118476FF057007047B0B1D0F8C2
:10722000E0321A44B2F5005FC0F8E02201D200203B
:107230007047D0F8D032A2F5005203F50053C0F8E1
:10724000D832C0F8D032C0F8E022F0E76FF020006A
:10725000704760B1D0F8C8321944D0F8CC32C0F8C9
:10726000C8129942ACBF6FF01F00002070476FF04A
:1072700020007047D0F8C0321944D0F8C432C0F8AA
:10728000C0129942ACBF6FF01C0000207047002074
:1072900070470FB407B504A951F8040B0191FAF730
:1072A000B9FF03B05DF804EB04B07047038B13F033
:1072B000070305D10368002B0CBF00200320704793
:1072C000022B05D1408BB0FA80F040098000704756
:1072D000012B05D10368002B0CBF0020052070474F
:1072E0000020704710B50C4600B111B96FF01500C1
:1072F00010BD081D00F094F80028F9D1A368032BF5
:10730000F6D9F3E72DE9F0410D4607461946281D49
:1073100090461E4600F095F8044638B13346424682
:1073200029463846A446BDE8F0416047BDE8F081F3
:1073300010B4EFF31182202484F31288BFF36F8F0F
:1073400041615DF8044B0121FBF794B938B50C4657
:10735000054658B151B10B6843B14B6833B11C229B
:10736000002100F056F900202C6138BD6FF01500A7
:10737000FBE770B505460E46FFF7B4FF041E14DBAD
:10738000EFF31182202383F31288BFF36F8F4FF640
:10739000FF716B8B2C8B8B4204F0070407D182F3B7
:1073A0001188BFF36F8F6FF00A04204670BD022C66
:1073B0000CD101336B8382F31188BFF36F8F0023ED
:1073C000224631462846FFF79DFFEEE7062C14D8EB
:1073D000DFE804F004131313041A040000233360DD
:1073E0006B683BB9C5E90066ACB902212846FBF7DA
:1073F00041F9DAE71E606E60F6E782F31188BFF3A9
:107400006F8F6FF00404D0E782F31188BFF36F8FA2
:107410006FF08504C9E782F31188BFF36F8FC4E76B
:10742000034658B1426802F00302012A03D0032A3E
:1074300004D1026812B10020986070476FF0150007
:1074400070474268034602F00302032A4FF000022D
:10745000816014BF104600685A60704770470FB4CF
:1074600007B504A951F8040B0191FAF7D3FE03B054
:107470005DF804EB04B070477047002930B404464F
:1074800018460BDBA5680844A84207D8E068646882
:10749000214484682468A44630BC60476FF015001E
:1074A00030BC7047002930B4044618460BDBA56891
:1074B0000844A84207D8E068646821448468646886
:1074C000A44630BC60476FF0150030BC70470029FF
:1074D000034610B410460CDB9C680844A04208D850
:1074E000D8685B68194483689B683BB15DF8044BBE
:1074F00018476FF015005DF8044B70476FF05700A8
:10750000F9E708B5C0688368DB689847006808BD7C
:1075100008B5C0688368DB689847407908BD70B5D6
:107520004C680368A34201D2012070BD8A682244DE
:10753000934201D30020F8E74E69D1E90325B54213
:1075400003D36FF00B038B61F4E71B1B42F835305C
:107550004368086902EBC00253600B6901330B6199
:10756000E2E7FEE77047012801D1EFF3058300F061
:1075700033BC01460068FFF7F6BF08B5FBF7F8F922
:10758000BDE8084000F000B8704700210120FFF777
:10759000EABF61B662B680F31188BFF36F8F7047A0
:1075A000EFF31180202383F31288BFF36F8F7047AE
:1075B00072B6002383F31188BFF36F8FBFF34F8F31
:1075C00020BF80F31188BFF36F8F62B67047034608
:1075D00000201A5C02B970470130FAE710B55AB1C1
:1075E0000139841810F8012B11F8013FA04201D095
:1075F0009A42F7D0D01A10BD1046FCE710B5431ED2
:107600000A44914200D110BD11F8014B03F8014F1B
:10761000F7E70346C9B20244934200D1704703F82A
:10762000011BF9E74FF0FF307047FBF70DBC0C2250
:107630000369C9B201FB0233186C00F00700704700
:1076400070B5C9B20369EFF31185202484F3128861
:10765000BFF36F8F0C2606FB0134246C14F0C004BA
:1076600008D0A24206D085F31188BFF36F8F4FF088
:10767000FF3070BD012271430B441A6485F31188F9
:10768000BFF36F8F43680B445B6898470020F0E7B7
:107690008022FFF7D5BFF8B5069F0469C9B2EFF3A2
:1076A0001186202585F31288BFF36F8F0C2569435F
:1076B0000C44256C05F0070CBCF1010F0BD12764BD
:1076C00086F31188BFF36F8FC4E90E2343685B58BC
:1076D00098470020F8BD05F0C005AF4286F3118839
:1076E000BFF36F8F0CBF6FF077004FF0FF30F1E703
:1076F00013B580240094FFF7CEFF02B010BD6FF0E9
:107700008500704710B41C240069CBB203FB040051
:1077100000215DF8044B10470020FCF77FBD0020DE
:1077200000F0C5BA38B505460C4600F031FB002D17
:1077300007DBA84205D9401B84428CBF00200120F2
:1077400038BD0020FCE770B50C46154600F023FB61
:10775000294606462046FFF7E5FFB8B1B4FBF6F32D
:1077600006FB134393B9B5FBF6F306FB13536BB952
:10777000AE4201D9002070BD00F00DFB0646204648
:10778000FDF760F9AD1B3444F9D1F3E76FF0150054
:10779000F1E770B50D461946284616461C46FFF718
:1077A000C1FF38B124B1224629463046FFF726FFF3
:1077B000002070BD6FF01500FBE72DE9F3411C467A
:1077C0000023904682682360A3600D4613696946D2
:1077D00001AA9847019B5A1E019223B96FF0150028
:1077E00002B0BDE8F0810098A26847682168676030
:1077F00085B9A8EB02030668B34228BF334603FBF2
:1078000007111A442160A26002689A4206D8083023
:107810000090DFE76B1AB3FBF7F3ECE70020DFE73C
:1078200013460022FFF7C9BF2DE9F0470024836803
:1078300086B0884691461B6902AA01A99847A246CC
:107840002546029BAB4202D806B0BDE8F087002671
:10785000019F07EBC5077B6804933A680AEB0603B0
:10786000B24202D89A460135EBE7494603940593A4
:1078700003A8C0470028E7D0049B01361C44ECE76E
:10788000436800205B681B690B607047436802EA2D
:1078900001005B6821EA020198600020D96070470E
:1078A000436800205B6899607047436800205B680C
:1078B000D960704743685A68536821EA03000B4057
:1078C00090600020D360704710B503695868F8B124
:1078D000884219D19C680868A142586000D198601C
:1078E000002008602AB15A680A609A68596002B993
:1078F0009960002010E0814206D1086820609868F5
:107900008142EDD19C60EBE7044600680028F2D18B
:10791000002AE8D16FF0150010BD30B54368136040
:10792000057A446804EBC504A34202D36FF001005A
:1079300030BD5C798C4201D00833F0E70020F7E7D6
:1079400043681B68D3F88004C3F88004704742681A
:107950001368D3F8100150B10020D26912780A7070
:10796000C3F81001D3F8102101221A6070474FF0BC
:10797000FF30704702680346D2F8580140B95B688F
:10798000DB0706D4D2F82001003818BF0120704769
:107990000120704743681B68D3F80423D20517D52C
:1079A000D3F82021A2B1EFF31182202181F31288B4
:1079B000BFF36F8FD3F8201131B10021C3F820112C
:1079C000D3F820110121D96082F31188BFF36F8FA2
:1079D000D3F85831704710B5044600220121092020
:1079E000FBF7A2F90920FBF76FF92046BDE810402C
:1079F000FBF7D4BE10B50446002201210820FBF796
:107A000093F90820FBF760F92046BDE81040FBF72A
:107A1000C5BE002200F150039B009BB203F150232E
:107A200003F580331A601B687047FDF7CDB908B5C0
:107A3000FAF798FFFFF796FDBDE80840FDF7C4B9D7
:107A40008068183820F0070010387047042809D0E3
:107A5000052803D1481E18BF01207047431A584219
:107A6000584170470120704738B515460C4661B142
:107A70005AB1FFF74DFD2146254411F8013B8342E1
:107A800003D1A942F9D1012038BD0020FCE738B567
:107A90000C460123114622460546FFF7EEFC00285E
:107AA0000FDB012221462846FFF7DEFF38B9237895
:107AB000012B14BF022301230020237038BD0323B0
:107AC000FAE70120FAE72DE9F7431D4606460F467F
:107AD0009046FFF716FD6C1E044440420440082CFB
:107AE0001AD83046FFF714FD81462A4641466846BB
:107AF000FFF784FD4946621B0DEB0500FFF789FD8A
:107B000023466A4639463046FFF7CCFC003818BF9A
:107B1000012003B0BDE8F0834FF0FF30F9E707B56F
:107B200001238DF8042001AAFFF7CDFF03B05DF813
:107B300004FB81680122183921F00701FFF7EFBF2C
:107B40008268183A22F00702FFF7A1BF13B50C466E
:107B5000C0B201A9FAF79CFE50B921460198FCF782
:107B6000F5F804460198FFF787FC204602B010BDE7
:107B70000124FAE713B541EA021104468DF8071013
:107B8000FFF75EFF012301460DF107022046FFF7D4
:107B90009AFF02B010BD81680122183921F0070157
:107BA0000839FFF7BCBF4FF47F03D3F83001D3F897
:107BB0003431BFF34F8FC0F30B00A0F109035842DB
:107BC000584170474FF47F02D2F83031D2F8340177
:107BD000BFF34F8FC3F30B03092B03D1431E58424E
:107BE0005841704700207047004700F0DAB840F075
:107BF0000040C1F88000C2F880007047F7B5044625
:107C000018B1012824D003B0F0BD4FF05023022258
:107C1000C3F8082301220646DA60C3F80401D3F84A
:107C20000431012342F210754FF050278DF80730D0
:107C3000DCB1012CE7D1D7F80C3403F480338EBBD0
:107C4000002BE0D00120FFF7D0FF013DF3D1DAE7B0
:107C50004FF050230022C3F808035860C3F80021F6
:107C6000D3F800310DF10706DBE7D7F8183403F439
:107C700080333EB9002BC6D00120FFF7B6FF013D8F
:107C8000F3D1C0E7D7F8182402F003023270002BBA
:107C9000B9D09DF807000128B5D1FFF7A6FF013D37
:107CA000C6D1B0E7D7F80C2402F00102EEE7FFF7E7
:107CB000A5BFF7B51646DDE90847019001A81D46A6
:107CC000FCF73EFB019BB6F1000C18BF4FF0010C16
:107CD00000EB83000B1E18BF0123002D43EA4C0369
:107CE00014BF4FF00C0C4FF0000C002C43EA0C03B7
:107CF00014BF4FF4E06C4FF0000C002F43EA0C036C
:107D000014BF4FF4403C4FF0000CD0F8002243EA7F
:107D10000C0322EA030301B109780EB1367876002C
:107D200019430DB12D78AD0031430CB124782402F4
:107D300029430FB13F783F040C433C43C0F8004255
:107D400003B0F0BD1FB50DF10F03019300238DF8B3
:107D50000F101A4619460093FFF7ABFF05B05DF808
:107D600004FBFCF79FBBFCF77DBB4FF0FF3382B0F9
:107D7000019300F0030001AB03440A44914202D195
:107D8000019802B0704711F8010B03F8010BF5E7F9
:107D90004FF4801070474FF4805070474FF480705C
:107DA000704708B1FBF778B87047704740B1C368B7
:107DB000587810F001001EBF1878B0FA80F0400922
:107DC0007047EFF31183202383F31288BFF36F8F83
:107DD000FEE708B5FFF7F5FF10B5EFF31184202398
:107DE00083F31288BFF36F8FFFF7F3FF84F31188DB
:107DF000BFF36F8F10BD10B5D0E9003433B9002048
:107E0000E268537843F00103537010BD2046984751
:107E10000028F4D00028B8BF4042FF28A8BFFF20A8
:107E2000E3681870ECE7FFF7F4BBFFF7E7BB7047B8
:107E3000EFF30580003818BF01207047FCF7ACBF96
:107E40002DE9F041069F044615461E46FDF782F9CE
:107E500038B93B46324629462046BDE8F041FDF799
:107E60009FB9BDE8F0810A460021FDF725BCFFF768
:107E7000C5BBFFF7CEBB0A460021FFF7CABB01EB2B
:107E8000820204388A4201D10020704752F8043D32
:107E90001BBA40F8043FF5E7E082FF7F01000000D5
:107EA000892E000000000000552F0000F07E000029
:107EB00081320000047F00002B7A000000000000E7
:107EC000F57900002C7F0000D7790000187F0000B2
:107ED0008131000000000000D13A000000000000E5
:107EE0002F7A000000000000E9310000407F000010
:107EF000708E0000708200008882000069C6002039
:107F00001C3D01209E8E0000C0820000D88200002F
:107F10006DC60020783D0120B28E0000FC8200007A
:107F2000848300006FC60020843D0120BC8E0000C9
:107F3000408300008483000071C60020903D012032
:107F4000878E000000000000A48200006BC60020A5
:107F500000000000000000008B7500000000000021
:107F60008B750000000000008B7500000000000011
:107F70008B750000000000008B750000CD420000F2
:107F8000E97B0000000000008B750000000000008D
:107F90008B7500002C7F000095790000187F000091
:107FA00095790000000000008B75000000000000C3
:107FB0008B750000000000008B750000BD480000BC
:107FC000E97B0000000000008B750000000000004D
:107FD0008B750000000000008B75000000000000A1
:107FE0008B750000000000008B7500000000000091
:107FF0008B750000000000008B7500000000000081
:10800000613B0000000000008B75000000000000D4
:108010008B750000000000008B7500000000000060
:108020008B750000000000008B7500000000000050
:108030008B750000000000008B7500000000000040
:108040008B750000000000008B7500000000000030
:108050008B750000000000008B7500000000000020
:108060008B750000000000008B7500000000000010
:108070008B750000000000008B7500000000000000
:108080008B750000000000008B75000000000000F0
:108090008B750000000000008B75000000000000E0
:1080A0008B750000000000008B75000000000000D0
:1080B0008B750000000000008B75000000000000C0
:1080C0008B750000000000008B75000000000000B0
:1080D0008B750000000000008B75000000000000A0
:1080E0008B750000000000008B7500000000000090
:1080F0008B750000000000008B7500000000000080
:108100008B750000000000008B750000000000006F
:108110008B750000000000008B750000000000005F
:108120008B750000000000008B750000000000004F
:108130008B750000000000008B750000000000003F
:108140008B750000000000008B750000000000002F
:108150008B750000000000008B7500003086000069
:048160000300000018
:10817000020000000000000009530000415300000D
:108180000338FDD87047000003000000090000001C
:1081900001000000278B0000AC81000003000000FC
:1081A0000900000003000000090000005B0000005F
:1081B00000800050009000500A0000000000000005
:1081C0000000000000C00000407F0000010000002F
:1081D00000C0000000400000407F000002000000DE
:1081E0000000010000020000407F000003000000CA
:1081F0000000010000000A00407F000004000000B1
:108200000000010000800000407F00000500000029
:108210000002010000FE0900407F0000060000008F
:1082200000020100007E0000407F00000700000007
:108230000080010000800900407F0000080000006D
:108240000080010000800900407F0000090000005C
:1082500000000B0000000500407F0000000000004F
:1082600063750000DD2E0000AD2E00000000000050
:10827000F92F0000212F00007B8E000019770000ED
:108280001F770000818E0000FF76000091760000CD
:10829000F1760000000000002F76000000000000D2
:1082A00000000000937700000132000047770000D3
:1082B000E1310000D13100000100000000FF0000AA
:1082C000FFFFFFFF002584500000000000000000B9
:1082D00000D000500000000005330000817800004D
:1082E0008D780000A1780000AB780000B578000020
:1082F00081340000C97800000000000000900050A8
:1083000001000000000000001C8300000000D601F6
:10831000000000004F5F01204E5F012000900050E0
:1083200028830000010000003083000004000000EA
:108330001D000000100000021C06000111060003D1
:108340000080005001000000000000006083000079
:108350000000D60100000000515F0120505F0120A5
:10836000008000506C830000010000007483000056
:10837000040000001B0000000E0000021A060001AD
:108380000F0600034F790000F1360000417900002C
:108390000300000009000000A07E0000A07E000095
:1083A000D87E0000E07E0000F07E0000F07E00003D
:1083B000FF8FFFFFFF8FFFFFFE8FFFFFFE8FFFFF8F
:1083C000FD8FFFFFFC8FFFFFFC8FFFFF436F756C7E
:1083D00064206E6F74206C6F636B20706F776572B2
:1083E0002073617665206D75746578006D757465B0
:1083F000785F667265652063616C6C65642077697F
:108400007468204E554C4C20706172616D657465C6
:108410007200000043616E277420696E697469619F
:108420006C697A65206D757465782C20776173208E
:108430004E554C4C0D0A0000FFFFFFFFFFFFFFFFF2
:10844000FFFFFFFF00000000000000000000000030
:1084500001000000FFFFFFFFFCFFFFFFFFFFFFFF2A
:10846000FFFFFFFF00000000000000000000000010
:1084700001000000FFFFFFFF512563FCC2CAB9F3F2
:10848000849E17A7ADFAE6BCFFFFFFFFFFFFFFFFCB
:1084900000000000FFFFFFFF0000000096C298D818
:1084A0004539A1F4A033EB2D817D0377F240A4631D
:1084B000E5E6BCF847422CE1F2D1176BF551BF3726
:1084C0006840B6CBCE5E316B5733CE2B169E0F7CF9
:1084D0004AEBE78E9B7F1AFEE242E34FFFFFFFFF6E
:1084E0007F0000008000000000000000000000008D
:1084F000FFFFFFFF7F000000800000000000000081
:108500000000000067E6096A85AE67BB72F36E3C47
:108510003AF54FA57F520E518C68059BABD9831F4E
:1085200019CDE05B010002001000110012002000D4
:1085300021002200230024003000310032003300EB
:10854000FFFF77C295F360D2EF7F3552500F2CB604
:10855000798025633A205374617274696E67206272
:108560006F6F746C6F616465720A0025633A205501
:108570006E61626C6520746F2066696E6420626F44
:108580006F7461626C6520696D6167650A002563BF
:108590003A20426F6F746C6F61646572206368612A
:1085A000696E6C6F61642061646472657373206FBF
:1085B00066667365743A20307825780A0025633A38
:1085C000204A756D70696E6720746F20746865202D
:1085D000666972737420696D61676520736C6F746E
:1085E0000A0025633A2050726F74656374206D63CE
:1085F00075626F6F7420666C617368206661696C68
:1086000065642C2063616E63656C207374617274A1
:1086100075702E0A0025633A204E657665722073C8
:10862000686F756C642067657420686572650A0000
:108630006D6375626F6F740025633A20696E7661B1
:108640006C696420666C6173682049442025643B32
:108650002065787065637465642025640A002A8645
:1086600048CE3D030107002A8648CE3D0201002581
:10867000633A20556E61626C6520746F2064657486
:1086800065726D696E6520666C61736820736563E1
:10869000746F72206F662074686520696D6167650C
:1086A00020747261696C65720A007072696D617222
:1086B00079007365636F6E646172790025633A2097
:1086C000496D61676520696E207468652025732097
:1086D000736C6F74206973206E6F742076616C699F
:1086E00064210A0025633A2025642073746174753F
:1086F00073207772697465206661696C7320706598
:1087000072666F726D696E67207468652073776139
:10871000700A0025633A204661696C656420746FB5
:10872000206F70656E20666C617368206172656190
:108730002049442025642028696D616765202564EF
:1087400020736C6F74202564293A2025642C2063E3
:10875000616E6E6F7420636F6E74696E75650A006A
:1087600025633A204661696C6564207265616469BD
:108770006E6720736563746F72733B20424F4F5472
:108780005F4D41585F494D475F534543544F5253E6
:108790003D2564202D20746F6F20736D616C6C3FDC
:1087A0000A0025633A204661696C65642072656140
:1087B00064696E6720696D616765206865616465DD
:1087C00072733B20496D6167653D25750A0025631D
:1087D0003A204661696C65642072656164696E6700
:1087E00020626F6F74207374617475733B20496DE0
:1087F0006167653D25750A0041667465723A62736A
:108800002D3E6964783D2564092062732D3E6F70AA
:108810003D256409202062732D3E73746174653DAB
:108820002564092062732D3E737761705F747970DF
:10883000653D25640D0A0025633A2070616E696309
:10884000210A0025633A20446574656374656420D9
:10885000696E636F6E73697374656E74207374618F
:10886000747573210A0062616400676F6F6400753C
:108870006E736574005072696D61727920696D6103
:1088800067650025633A2025733A206D6167696347
:108890003D25732C20737761705F747970653D306E
:1088A0007825782C20636F70795F646F6E653D303A
:1088B0007825782C20696D6167655F6F6B3D307836
:1088C00025780A005365636F6E6461727920696D63
:1088D0006167650025633A20426F6F7420736F757E
:1088E0007263653A207072696D61727920736C6F82
:1088F000740A0025633A20426F6F7420736F75729B
:1089000063653A206E6F6E650A0025633A205374E2
:10891000617274696E672073776170207573696E18
:1089200067206D6F766520616C676F726974686D22
:108930002E0A0025633A206C6173745F6964783D88
:1089400025640920736563746F725F737A3D2564D3
:10895000092053746172742044656C74612044462C
:10896000552061742025750A0A0025633A204E6F50
:108970007420656E6F756768206672656520737018
:1089800061636520746F2072756E2073776170204B
:10899000757067726164650A0025633A20726571BB
:1089A000756972656420256420627974657320623C
:1089B0007574206F6E6C792025642061726520616A
:1089C0007661696C61626C650A007265743D25644C
:1089D00009726561642070617463682066696C6502
:1089E000206572726F722C20657869742064656CE2
:1089F0007461207570646174652070726F63657353
:108A0000732121210A00232370617463685F7369F5
:108A10007A65203D20256409206F70466C616720CF
:108A20003D202530325809206D6F76655F75705F87
:108A300070616765733D2564092073746174757393
:108A40005F616464726573733D3058256C580D0A1C
:108A50000025633A203D3D3D3D3D3D3D3D3D3D3D95
:108A60003D537461727420736563746F72206D6F0F
:108A700076652075702061742025750A0A002563CB
:108A80003A203D3D3D3D3D3D3D3D3D3D3D3D5472EA
:108A900061766572736520656E642061742025754A
:108AA0000A0A0025633A203D3D3D3D3D3D3D3D3DAB
:108AB0003D3D3D4170706C79696E6720656E642044
:108AC00061742025750A0A002121215468657265A8
:108AD00020697320736F6D657468696E67207772A3
:108AE0006F6E6720647572696E67206170706C7953
:108AF0002C206C6574277320726573746F72652007
:108B0000746865206F6C6420696D6167652E206DE7
:108B10006F76655F646F776E5F70616765733D2523
:108B2000642121210D0A003059301306072A864896
:108B3000CE3D020106082A8648CE3D0301070342C6
:108B400000042ACB403CE8FEED5BA44995A1A91D99
:108B5000AEE8DBBE1937CD14FB2F245737E5953926
:108B600088D994B9D65AEBD7CDD5308AD6FE48B23B
:108B70004A6A810EE5F07D8B6834CC3A6AFC538EEC
:108B8000FAC14170706C7920706174636820666905
:108B90006C65207265736C74203D2025640A002D7D
:108BA0002D2D2D2D2D2D2D2D2D2D2D7061746368C6
:108BB0005F6F66667365743D256409207061746338
:108BC000685F73697A653D2564092070726F67720A
:108BD000657373203D20256425250A006164647255
:108BE000657373206F722073697A65206D69736D88
:108BF00061746368210D000A547261766572736551
:108C00003A206D6375626F6F745F7061643D3058B8
:108C10002558092066726F6D5F63757272656E7498
:108C20003D3058256C58092073697A653D307825A8
:108C3000580920746F5F63757272656E743D3058A9
:108C4000256C58092073697A653D307825580920CC
:108C500070617463685F63757272656E743D3058DD
:108C6000256C58092070617463685F656E643D30DF
:108C700058256C5809206261636B75705F6164648C
:108C8000723D3058256C580A000D0A736F75726377
:108C9000652068617368206973206D61746368651D
:108CA000642C206E6F772073746172742064656C1D
:108CB000746120757067726164652121210D0A005D
:108CC0000D0A736F757263652066696C6520686153
:108CD0007368206469646E2774206D617463682C06
:108CE000206578697420757067726164652121213F
:108CF0000D0A006D616769633220777269746520BF
:108D00006572720D006D61676963312077726974F5
:108D100065206572720D003D3D3D3D20746F7461AC
:108D20006C5F636F756E743D25640920746F7461A8
:108D3000745F73697A653D25640D0A00232320540E
:108D400068652064656C74612066696C6520686183
:108D50007320612062696720766172696174696F4E
:108D60006E210D0A00666C61736820726561642073
:108D70006572720D00666C61736820777269746544
:108D8000206572720D00666C617368207772697479
:108D90006520657272203D2025640D0A00666C61B5
:108DA000736820777269746532206572720D006590
:108DB00072726F722073697A650D006D6167696305
:108DC000312072656164206572720D002D002000F3
:108DD0002B00307800305800286E696C29002A2A50
:108DE0002A20426F6F74696E67204D4355626F6F22
:108DF000742076322E312E302D6465762D623963E3
:108E0000333934633961346362202A2A2A0A002AFA
:108E10002A2A205573696E67206E524620436F6E72
:108E20006E6563742053444B2076322E392E302DDC
:108E3000373738376232363439383430202A2A2AE4
:108E40000A002A2A2A205573696E67205A657068BD
:108E50007972204F532076332E372E39392D3166D3
:108E600038663364633239313432202A2A2A0A00C0
:108E7000636C6F636B4035303030006866636C6BD9
:108E8000006C66636C6B00666C6173682D636F6E5B
:108E900074726F6C6C6572403339303030006770BB
:108EA000696F403834323530300000010203040568
:108EB0000607756172744039303030007561727424
:108EC0004038303030007065726D00746573740026
:108ED0004255473B2063616E27742068617070655E
:108EE0006E007265766572740025633A205365637F
:108EF0006F6E6461727920696D616765206F6620AD
:108F0000696D6167652070616972202825642E296A
:108F100020697320756E726561636861626C652E8D
:108F200020547265617420697420617320656D70CE
:108F300074790A0025633A20496D61676520696E7E
:108F40006465783A2025642C205377617020747909
:108F500070653A2025730A0025633A20496D6167E0
:108F60006520696E6465783A2025642C205377610A
:108F70007020747970653A206E6F6E650A00040186
:108F800004030402040104010403010303040104B3
:108F90000000010088EACD1F55555515AAAAAA1A46
:108FA000137600008F720000BC810000257600005F
:108FB0000070015000000000FFFF00003F000000B3
:108FC000FFFF00003F000000000000000000000064
:108FD0000000000000000000000000000000000091
:108FE0000000000000000000000000000000000081
:108FF0000000000000000000000000000000000071
:109000000000000000000000000000000000000060
:10901000000000000000000008000000FF00000049
:1090200000000000010000000000000000C6002059
:1090300000C6002000000000014E000018C60020FD
:1090400034C600202CC6002028C6002024C60020DC
:1090500060C6002058C6002050C600200000000056
:1090600048C60020155100006150000095500000D6
:10907000DD500000BC3D01203A00003AC03D012017
:109080003A00003AC43D01203A00003AC83D0120B0
:109090003A00003A0800000000000000000000153F
:0390A000E015E0F8
:020000040001F9
:100000003DB8F396000000000002000070380200C6
:1000100000000000000000000000000000000000E0
:10002000FFFFFFFFFFFFFFFFFFFFFFFFFFFFFFFFE0
:10003000FFFFFFFFFFFFFFFFFFFFFFFFFFFFFFFFD0
:10004000FFFFFFFFFFFFFFFFFFFFFFFFFFFFFFFFC0
:10005000FFFFFFFFFFFFFFFFFFFFFFFFFFFFFFFFB0
:10006000FFFFFFFFFFFFFFFFFFFFFFFFFFFFFFFFA0
:10007000FFFFFFFFFFFFFFFFFFFFFFFFFFFFFFFF90
:10008000FFFFFFFFFFFFFFFFFFFFFFFFFFFFFFFF80
:10009000FFFFFFFFFFFFFFFFFFFFFFFFFFFFFFFF70
:1000A000FFFFFFFFFFFFFFFFFFFFFFFFFFFFFFFF60
:1000B000FFFFFFFFFFFFFFFFFFFFFFFFFFFFFFFF50
:1000C000FFFFFFFFFFFFFFFFFFFFFFFFFFFFFFFF40
:1000D000FFFFFFFFFFFFFFFFFFFFFFFFFFFFFFFF30
:1000E000FFFFFFFFFFFFFFFFFFFFFFFFFFFFFFFF20
:1000F000FFFFFFFFFFFFFFFFFFFFFFFFFFFFFFFF10
:10010000FFFFFFFFFFFFFFFFFFFFFFFFFFFFFFFFFF
:10011000FFFFFFFFFFFFFFFFFFFFFFFFFFFFFFFFEF
:10012000FFFFFFFFFFFFFFFFFFFFFFFFFFFFFFFFDF
:10013000FFFFFFFFFFFFFFFFFFFFFFFFFFFFFFFFCF
:10014000FFFFFFFFFFFFFFFFFFFFFFFFFFFFFFFFBF
:10015000FFFFFFFFFFFFFFFFFFFFFFFFFFFFFFFFAF
:10016000FFFFFFFFFFFFFFFFFFFFFFFFFFFFFFFF9F
:10017000FFFFFFFFFFFFFFFFFFFFFFFFFFFFFFFF8F
:10018000FFFFFFFFFFFFFFFFFFFFFFFFFFFFFFFF7F
:10019000FFFFFFFFFFFFFFFFFFFFFFFFFFFFFFFF6F
:1001A000FFFFFFFFFFFFFFFFFFFFFFFFFFFFFFFF5F
:1001B000FFFFFFFFFFFFFFFFFFFFFFFFFFFFFFFF4F
:1001C000FFFFFFFFFFFFFFFFFFFFFFFFFFFFFFFF3F
:1001D000FFFFFFFFFFFFFFFFFFFFFFFFFFFFFFFF2F
:1001E000FFFFFFFFFFFFFFFFFFFFFFFFFFFFFFFF1F
:1001F000FFFFFFFFFFFFFFFFFFFFFFFFFFFFFFFF0F
:10020000F80B00209108010065090100115D010053
:10021000315D0100515D0100915D0100715D0100E2
:10022000000000000000000000000000B92D0100E7
:100230006509010000000000650901006509010071
:100240000000000000000000000000001336010064
:10025000000000006509010000000000000000002F
:1002600065090100650901006509010065090100D2
:100270000000000065090100650901006509010031
:100280006509010065090100000000000000000090
:100290006509010065090100000000000000000080
:1002A0006509010000000000000000006509010070
:1002B0006509010065090100650901006509010082
:1002C0006509010065090100650901006509010072
:1002D0006509010000000000650901000000000040
:1002E0006509010000000000650901000000000030
:1002F000650901000000000000000000000000008F
:10030000000000006509010000000000000000007E
:1003100000000000000000000000000000000000DD
:10032000000000006509010000000000000000005E
:1003300000000000000000000000000000000000BD
:100340006509010000015F5F02000000FE0B000074
:10035000492E01008006000000000000000000009F
:100360000000000000000000000000000100FFC3CA
:10037000000000C4201200200000000001015F5FA7
:10038000030100001F010000B10601000000000091
:10039000000000000100000001000000000000005B
:1003A000000000000000000000000000000000004D
:1003B0000000000070000000B0610100800000003B
:1003C000000F000001000000F104010001015F5F67
:1003D000040100001F0100001F08010000000000D0
:1003E000000000000000000001000000000000000C
:1003F00000000000000000000000000000000000FD
:1004000000000000BB610100400000000507000083
:10041000010000000B070100FFFFFFFFFFFFFFFFD0
:1004200038B50025054C29462046D4F80024C4F8E8
:10043000045405F016FDC4F8005438BD200C00200B
:1004400037B511460022CDE9002242680346402A12
:10045000046845D1228D150A032D17D0012D37D000
:1004600022482468D0F80404AA1ECDE90040082AD6
:1004700039D8DFE802F0050B0F14191E23283000CD
:100480006A46184600F037F903B030BD184600F050
:1004900020F9F9E76A46184600F01EF9F4E76A46C3
:1004A000184600F013F9EFE76A46184600F017F90E
:1004B000EAE76A46184600F015F9E5E76A46184685
:1004C00000F013F9E0E76A46184600F011F9DBE79F
:1004D00000F014F9D8E76A46184600F013F9D3E79C
:1004E0006FF08000D0E76FF08500CDE7200C002092
:1004F0002DE9F04F05680446A3B0002D40F0B1800F
:100500002022294602A805F0ACFC12AF2022294681
:100510000AA805F0A6FC40222946384605F0A1FCB1
:10052000E26904F11C039846B2B10426E26A04F1C0
:100530002C03EAB10425EEB96FF08306304623B0F0
:10054000BDE8F08F002EF1D053F8041D3246013E75
:100550000029F7D01646E9E70326F5E7002DEAD093
:1005600053F8041D2A46013D0029F7D01546E2E75D
:100570000325F5E740233A460021606805F0AEFC0C
:100580004028D9D1CDE902700127DFF8DCA00DF1B8
:10059000080904F1100BBE421FD10AAF38460021F2
:1005A000314A08EB8509D2F80034C84533D109B186
:1005B000C2F80034A3683146C2F8043402A82B46BE
:1005C0000AAAFFF73DFF4FF000080646454507F130
:1005D00008073DD1FFF724FFB0E75BF8043F1A1D81
:1005E00021D8DAF80004D91C21F00301C0F580629B
:1005F000914218D8014400EB0A02CAF8001460685E
:100600003946019205F06AFC019AC9F80C000137DD
:1006100049F8082FBFE758F804EF1EF1040F07D977
:1006200009B1C2F80034FFF7FBFE6FF08C0685E7D6
:100630000EF1030C2CF0030CC3F5806AD44500F1D5
:100640000800EDD8D11840E9021E63440121ACE74F
:10065000414657E90223606805F055FC08F101089E
:10066000B4E76FF0850669E7200C002008B5282262
:100670000021024805F0F5FB002008BD28100020ED
:1006800010B5044C0F222046034905F0C5FB204657
:1006900010BD00BF511000202208010008B5012143
:1006A000024803F057FB002008BD00BF5010002097
:1006B00008B5FFF7DBFF40B9FFF7E2FFFFF7EEFFFA
:1006C00018B9BDE8084003F0CFBB08BD6FF0850046
:1006D00070476FF0850070476FF0850070476FF0CE
:1006E000850070476FF0850070476FF08500704798
:1006F0006FF0850070476FF085007047D1E9000109
:1007000003F076BB6FF085007047F0B503680546CF
:10071000B3F57D7FA7B007D040F2F532934207D002
:100720006FF0850027B0F0BD01F020FD0020F9E753
:1007300000243C22214607A8CDE90244CDE9044427
:10074000069405F08EFB3C22214617A8169405F06E
:1007500088FBEA69019405F11C0302B30426EA6AE6
:1007600005F12C033AB30424731E012B52D8012C3B
:1007700050D80423002168680DEB030205F0AEFB9E
:1007800004281AD06FF08000CCE7002EE7D053F891
:10079000041D3246013E0029F7D01646DFE7032646
:1007A000F5E7002CE0D053F8041D2246013C002957
:1007B000F7D01446D8E70324F5E7022E16D16E6968
:1007C000402E29D806AF33463A460121686805F025
:1007D00085FB8642D6D1CDE9027602A944B92246EC
:1007E000019801F08FFE044620469BE70021F5E7C3
:1007F0002B6A402BC6D816AACDE90423019804AA77
:1008000001F080FEDDE9042304460021686805F05C
:100810007AFBE9E7012085E76FF0890082E7002095
:1008200070474D62656420544C5320332E362E3170
:1008300000000000000000000000000000000000B8
:100840004831000001000000693901004139010010
:10085000407C01008010002047000000407C010027
:10086000200C002000000000407C0100000C002053
:10087000000000009C110020C2050000200C002098
:1008800018010000000C00200800000002F0F4BC79
:1008900008B572B6002383F31488BFF36F8F83F318
:1008A0000A8883F30B88BFF35F8F254B5A6A22F4C3
:1008B00080325A62D3F8942022F00102C3F89420C7
:1008C000BFF34F8FBFF36F8F1E4A9A6000F058F846
:1008D0001D4B83F309881D4B83F30A8883F30B8830
:1008E0001B4B15A1D1E90001C3E9000100F0EEF8AE
:1008F000184B19498B4212D30020184B18498B42D0
:1009000018D303F045F8186850F82240586840F8AA
:100910002240013298688242F5D30C33EAE7002284
:10092000F8E71C6844F8220001325C68A242F8D360
:100930000833E4E70022F8E7A5EDF5FEA5EDF5FEA6
:1009400000ED00E000020100F80B00200004002090
:10095000F80B002050080100740801007408010021
:100960008C080100EFF30880EFF309812DE9F00F07
:100970006B46724600F094F908B0FFF787FFFEE778
:1009800038B572B6002383F3138883F311884FF0D0
:10099000FF30274A03F120010133102B42F82100D8
:1009A000F8D100234FF0FF34214A03F160010133F5
:1009B000102B42F82140F8D1012200251D4B294679
:1009C0005A60C3F84843C3F8084303F580535A609C
:1009D000C3F84843C3F80843A3F55043C3F8005590
:1009E0008022C3F80843144805F03BFA29468022C8
:1009F000124805F036FA124B2946C3F800558022FA
:100A0000C3F808430F4805F02CFA802229460E4807
:100A100005F027FA0D4BC3F808454FF05023C3F8F3
:100A2000084362B6BFF34F8FBFF36F8F38BD00BF6F
:100A300000E100E0004001508080005080810050C3
:100A40000090005080900050809100500070015044
:100A500008B5EFF31083012B0C4A07D1126ABFF3DC
:100A60004F8F511C4A424A41104608BD01F0EEFB2F
:100A700000B172B6126ABFF34F8F531C5A425A41EB
:100A800001F0E4FB0028EFD062B6EDE70080FF0044
:100A900008B5EFF31083012B0B4A06D1D269BFF3DF
:100AA0004F8F02F00102104608BD01F0CFFB00B1EC
:100AB00072B6D269BFF34F8F02F0010201F0C6FB9C
:100AC0000028F0D062B6EEE70080FF00694A10B55A
:100AD000D2F8D03043F00203C2F8D03001F0B6FBB8
:100AE00030B14FF050230022C3F81421C3F818216D
:100AF00001F0BBFB28B101225F4BC3F8382AC3F8D1
:100B000078254FF47F02D2F83031D2F83421BFF388
:100B10004F8FC3F30B03092B05D1012A1EBF0122FE
:100B2000554BC3F8782501F0A0FB18B10E22534BAA
:100B3000C3F8E42E01F08AFB30B100224E4BC3F81B
:100B40000C270122C3F810270022D30003F57F03EE
:100B5000D3F80013BFF34F8F013108D0D3F800133F
:100B60000132D3F80433B2F5807F0B60EDD1EFF39F
:100B70001084FFF78DFF00284DD0BFF34F8F404BFF
:100B8000D3F80024012AFBD1C3F80425D3F80024AC
:100B9000012AFBD1012C03D001F058FB00B172B641
:100BA000FFF776FF58B1374AD36923F00103D361C9
:100BB000BFF34F8F324AD2F80034012BFBD1FFF73D
:100BC00047FF68B12F4A136A23F0FF0343F0200365
:100BD0001362BFF34F8F2A4AD2F80034012BFBD1A6
:100BE000012C03D001F032FB00B162B60022244B8D
:100BF000C3F80425D3F80024012AFBD1BFF34F8F9B
:100C00001C49214BCA6802F4E0621343CB60BFF376
:100C10004F8F00BFFDE7FFF71BFF0028ADD1154A3E
:100C2000D2F88C3043F44063C2F88C304FF47F0329
:100C3000D3F83021D3F83431BFF34F8FC2F30B0216
:100C4000092A16D1013B022B02D8104AD35C83B18A
:100C50000C480F4903680A4A8B420CBF5A230023F1
:100C6000C2F8103EC36A8B420CBF5A230023C2F85D
:100C7000003E10BD00ED00E00040005000A0035019
:100C8000009003500080FF000400FA055236010076
:100C9000FA50FA507C22014905F0BEB8BC18002079
:100CA00038B51D46384B394C5B68C3F308032360E5
:100CB000EFF3038363655306C4E90120E16039D58E
:100CC00002F00C020C2A08BF0846014620612022CF
:100CD0002F4805F0A1F825B1202229462D4805F01E
:100CE0009BF8294B9A6AA265D96AE165986B2066E0
:100CF00002F400406066586BA06602F08000E06677
:100D00009A62D962D3F8E42023482267D3F8E81026
:100D1000616702F04001A167C3F8E4200E2101F0F1
:100D2000B6FA2268D31E042B22D8DFE803F00F1591
:100D3000181B1E00EFF39483990704D5130702D5FF
:100D4000EFF38980C1E7EFF38880BEE70C211348F9
:100D5000BDE8384001F09BBA12211148F8E70B2199
:100D60001048F5E70D211048F2E70E210F48EFE794
:100D70000F2A98BF1421BDE8384089BF25210C48AF
:100D80000C48103A01F012BC00ED00E0BC18002045
:100D9000D0180020F01800205536010063360100FD
:100DA0006F360100813601008C3601009936010052
:100DB000A7360100BB3601002DE9F34106460F4678
:100DC0000C4DD5F82C80C04710F00104FBD13946FA
:100DD00030466B69984740B9C047C307FCD42B6ABB
:100DE000019302B0BDE8F0411847204602B0BDE8CB
:100DF000F08100BFE036010010B5094C0020A36867
:100E000098472369022098474FF4E131A46A0120F2
:100E1000A04701211520A0470122024B1A6010BDF6
:100E2000E036010038190020064B82B01868002314
:100E300082B262F30F03000C60F31F43184602B046
:100E4000704700BF28370100014B1869704700BF89
:100E500080100020014B5869704700BF80100020AF
:100E600010B5044C204600F009FF002084F8200053
:100E700010BD00BF8010002038B50C4D0C4695F811
:100E8000203013B94FF0FF3038BD0A4601462846DE
:100E900000F086FF064B984205D00B3B9842F1D1FB
:100EA00000206C61F0E76FF00100EDE7801000209A
:100EB0000B00AD0BF0B51B4E054696F820300C46E6
:100EC00091B01BB94FF0FF3011B0F0BD00F060439E
:100ED000B3F1005F21D100230A460146304600F0FD
:100EE000EFFB114B98421AD00B3B9842EAD1346188
:100EF00011E0A71B402F28BF4027A9193A46684692
:100F000004F08AFF39466846FFF7D4FF0028DBD19A
:100F10004036B442EDD80020D6E70026F9E76FF05E
:100F20000100D1E7801000200B00AD0BC3B2012BF4
:100F300010B540F096804DF6C023994270D028D865
:100F4000B1F5615F6FD011D8B1F5965F6DD008D85B
:100F5000B1F5966F6BD0B1F5166F6BD06FF00700DF
:100F60005DE0B1F5165FF9D1454B33E047F612234A
:100F7000994262D007D8B1F5964F61D0B1F5E14FF3
:100F8000ECD1404B26E0B1F5164FE7D14FF41D03ED
:100F900020E03D4B994255D011D8B1F5E13F54D0F6
:100FA00007D8B1F5614F53D0B1F5963FD6D1374B45
:100FB00010E0B1F5613FD1D14FF06C730AE0B1F5AB
:100FC000612F48D0324B994248D0B1F5E12FC5D1BD
:100FD0004FF0E86310F4E06F46D110F4404103D0C5
:100FE000B1F5804F43D1102110F4405203D0B2F537
:100FF000805F3FD10E2210F4403003D0B0F5403F67
:101000003BD10120234C20766276E361A1760A432E
:1010100024681043C4F82435C4F86C05002010BDC2
:101020004FF46503D6E71C4BD4E71C4BD2E74FF4D3
:101030009E23CFE74FF41D23CCE74FF40003C9E70D
:10104000174BC7E74FF08063C4E74FF0EB73C1E77E
:101050004FF46B03BEE74FF07063BBE74FF0805374
:10106000B8E76FF00300DAE76FF00800D7E76FF03A
:101070000A00D4E76FF00900D1E76FF00B00CEE76C
:101080000050270000C0750090D0030000903A0186
:1010900040420F008010002000F03A0000B0130022
:1010A00000A04E0010B58EB02422002105A804F047
:1010B000D8FE4FF0FF33CDE90133CDE903334FF0D4
:1010C000EB730B930723104C01A8D4E902128DF89F
:1010D000363001F0FAF801460022204600F03AFAD4
:1010E0000A4B98420DD10C9B002023831B0CA37646
:1010F0000B9BC4E90400E361012384F820300EB0A7
:1011000010BD6FF00100FAE7801000200000AD0B69
:101110007FB500250C46C0F808511646D0F80821C6
:10112000D0F8002222F02002C0F80022104AC0F8B5
:10113000082301F01AF9A560256104F14C03D3E8F6
:10114000EF1F21F47F0121F47041C3E8E21F002A60
:10115000F5D110222946684604F083FE0423684630
:101160008DF800300196D4E90013984704B070BDA3
:1011700010020A0000F01F03400909D1074A02EBE0
:101180008303D3F80012064A0A40C3F800227047CE
:101190000022803352F82330FFDE00BF0025845048
:1011A000F0F8FCFF2DE9F04F804690F804A05020A5
:1011B000664F0E4600FB0A70416885B049B113F0D6
:1011C000020304D0836B002B00F0B2800123009354
:1011D00000E000914FF0500909FB0A73DB6CD9065F
:1011E00000F1A6804FF0010BB3180293029BB342AB
:1011F00000F0A78006F06043039398F80450D8F8F5
:10120000004009FB05739A6B9AB9039BB3F1005F29
:1012100040F09980019200F005FE09FB0572D16C47
:10122000204601F0010101F06EF828B900F002FE3D
:10123000E3E701230193EEE7516C33460029BCBF7D
:10124000D4F84C155164019A42B109FB057130780C
:10125000D1E90E23D054D1E90E3213441BB1C4F8A6
:101260004435C4F848B50022C4F82021D4F8201130
:10127000C4F85821D4F85811C4F85021D4F850219A
:101280000822C4F80025009AE2B14FF48003C4F8A4
:101290000433C4F808B000F0CDFD502303FB0A72FC
:1012A000516800294BD1D26C120748D503FB0A7351
:1012B0004C33D3E8EF1F21F00801C3E8E21F002AF6
:1012C00036D0F6E7C4F808B0019300F0B3FD09FB8F
:1012D0000572D16C019B01F001012046019301F0E0
:1012E00012F88446019BD4F84C05D4F84425BCF18F
:1012F000000F0DD19342F0D005EB850507EB0515E6
:10130000D1B100F08FFD2946204601F040F8C2E738
:1013100005EB8505934207EB0515F1D10028EFD1C8
:1013200000F080FD2946204601F031F800F082FDF2
:10133000074805B0BDE8F08FC4F80CB0E1E701360E
:1013400054E70448F5E70448F3E700BF3C190020E0
:101350000800AD0B0000AD0B0400AD0B430904D138
:101360000123034A83409360704700239B60FFDEA4
:101370000025845000F01F0340090BD1084A02EBFE
:101380008302D2F80012074B0B4043F00303C2F86C
:10139000003270470022803352F82330FFDE00BF56
:1013A00000258450F0F8FCFF2DE9F84391F8303027
:1013B00005460C4690F804800F6853BB5023DFF8B5
:1013C0005091781C03FB0893DE6C46F00072DA64DF
:1013D00004D03846FFF7C2FFFFF7CCFF6068411C1E
:1013E00001D0FFF7C7FE94F82C30012B11D1502308
:1013F00003FB0893E06846F02066421CDE6401D0DF
:10140000FFF7B8FEA068431C03D0FFF7A7FFFFF764
:10141000B1FF94F82F0038B950223D4B02FB08333E
:10142000DA6C42F08072DA6494F82CC094F82D10D3
:1014300094F82E202B68D4F828E041EA0C010A43E6
:10144000E668D4E90198C3F824E5C3F86C2550B9DF
:10145000BCF1010FC3F80C75C3F8149504BFC3F8B1
:101460000885C3F81065D3F8682503F26458012A8B
:1014700008BFDA60D3F86425012A13D1082149F6A0
:101480004046244FC3F8001547F001075A60D8F8CA
:1014900000309BBB2B68D3F88024C3F88024002243
:1014A000C3F8002500212B6894F83220C3F81011EE
:1014B000D3F81001C3F82011D3F82001C3F8241188
:1014C000D3F82401C3F84411D3F84401C3F85811E8
:1014D000D3F8581143F307335201002BD2B212DB79
:1014E0000D49C81880F800230122580903F01F0392
:1014F00002FA03F341F82030BDE8F8834020B847F2
:10150000013EC4D1C6E7054903F00F03CA54F3E70F
:101510003C1900203037010000E100E014ED00E04C
:1015200000F01F0340090BD1084A02EB8302D2F8F6
:101530000012074B0B4043F00203C2F80032704721
:101540000022803352F82330FFDE00BF0025845094
:10155000F0F8FCFF2DE9F3479046502290F80490F4
:10156000514C02FB09FA04EB0A070D4697F84810A4
:101570000646002940F0858009EB890004EB001045
:1015800004F06FFC2B69AA6944F80A306B69BB63ED
:1015900002B1013A502303FB0943DA632A6A042AA1
:1015A00081BFEA699A610022DA6195F83130B8F1B9
:1015B000000F37D083F001073F0233B1502303FB04
:1015C0000943DA6C42F00102DA64502303FB094458
:1015D0000123C4F8048084F848303468D4F84C21DE
:1015E00012BB29463046FFF7DFFE0822002334688D
:1015F0008DF80730C4F800250DF10702C4F8442522
:10160000C4F8483501230A25A360E360D4F85831B3
:10161000002B38D1254B402043F001039847013D72
:10162000F4D128E04746C8E708224FF06409C4F81F
:10163000002563601D4B43F0010AD4F84431F3B92F
:10164000D4F82431DBB94FF42070D047B9F1010947
:10165000F3D14B460022C4F84C21D4F84C11C4F805
:101660001021D4F81011C4F84421D4F84411C4F85E
:101670000025002BB5D10E4802B0BDE8F08701234C
:10168000E8E70C48F8E70023C4F820319845D4F87F
:101690002021C4F80035084B08BF00231F433368DE
:1016A0000648C3F80473E7E73C190020303701000F
:1016B0000100AD0B0C00AD0B10020A000000AD0BD9
:1016C0002DE9F04784460F469E4616460579002AC6
:1016D00051D04FF0500ADFF8AC80D0F800900AFBF0
:1016E000058ADAF8044074B96BB9DAF82C50002D89
:1016F00043D1CAF82C20FFF755FD0446CAF82C50F8
:101700002046BDE8F0871EF0030F07D0734632462F
:101710003946BDE8F0476046FFF744BD07F0604337
:10172000B3F1005F4FF0500414D104FB058400F0C6
:1017300079FBE26A1AB1144C00F07CFBE0E7C4E9E3
:101740000A7605EB8505484608EB051100F02AFEF0
:101750000E4CF1E704FB0584A36B83B100F062FB40
:10176000E36A002BE7D1E36C012243F00203C4E9F2
:101770000A76E364E5E7064CC2E7034CC0E7054C94
:10178000BEE700BF3C1900200B00AD0B0000AD0B05
:101790000600AD0B0A00AD0B2DE9F8435023067986
:1017A000284D046803FB0653D4F80473DA6AC4F8BE
:1017B000087322B92448C4F80473BDE8F88306EB23
:1017C000860005F14C024FEA001802EB0012D2E845
:1017D000EFCF4CF0080CC2E8E0CF0028F7D101228F
:1017E000E26031B3D96C01EA02094946204600F0B3
:1017F0008AFD0028FAD000F015FBB9F1000F1CD1CA
:10180000D4F8203153B10123E360D4F85831002BD0
:10181000FBD0204605EB080100F0B9FD00F00AFB03
:101820000023C4F82031D4F82021502202FB0655B1
:10183000EB620648C4F80473BFE7D4F85831002BB4
:10184000E7D1EBE73C1900200500AD0B0000AD0B24
:101850002DE9F84390F804804A4E08EB88073F01D1
:1018600007F14C0504683544D5E8EF3F43F4805256
:10187000C5E8E02F0028F7D1DA047FD44B0705D55F
:10188000502303FB08639B69002B79D03E4B374400
:10189000C4F808330823C4F800350023C4F8103115
:1018A000D4F81021C4F84C31D4F84C21C4F8443198
:1018B0000A03D4F844318B0303F4804302F400524A
:1018C0004903134301F400410B43D5E8EF2F1A43BA
:1018D000C5E8E12F0029F8D14FF0500909FB08694C
:1018E000D9F80830EBB9D9F8043093B9502303FB89
:1018F0000863DB6CD8043FD5D5E8EF3F23F47F03C2
:1019000023F47043C5E8E23F002AF5D11F48BDE843
:10191000F8830321384600F003FDD9F80830002B86
:10192000E4D0D4F80433590713D5502303FB0863DC
:101930005A6872B1DB6C1A030BD5D5E8EF3F23F47C
:101940000023C5E8E23F002AF7D10621384600F01F
:10195000E7FC502303FB0863DB6CDB040CD5D4F8F5
:101960004C310BB901232360502303FB08667368D5
:1019700013B1054BC4F804330548C8E70548C6E76A
:101980000548C4E73C19002010020A000200AD0B14
:101990000000AD0B0B00AD0B0800AD0B2DE9F84FAF
:1019A000502390F804905B4E046803FB09631746CC
:1019B000DA6CD4F804A350038846C4F808A300F1F5
:1019C000A38001F06041B1F1005F40F09F80996811
:1019D00059B15B68002B40F08380D4F810110029C6
:1019E0007ED0C4F81031D4F81031502505FB0965BC
:1019F000EA6909EB890BC5E902874FEA0B1B002A4C
:101A000049D0974235D84FF000093A46A969404677
:101A1000C5E9029904F000FAEA69A869D21BC11964
:101A2000EA6104F0C3F96B6823B93B48C4F804A326
:101A3000BDE8F88FEB6C5E44990414D5374B5B44DA
:101A4000D3E8EF1F41F48021C3E8E21F002AF7D159
:101A50003A464146304600F074FC4A46314620463C
:101A6000FFF756FBE1E73A464146304600F069FC95
:101A7000DBE74046A96904F0CFF9EB696B6200230C
:101A8000EB61264B5B44D3E8EF1F41F40021C3E830
:101A9000E21F002AF7D1502303FB0963586ADA6872
:101AA0009968DB6C121A0144C4F83415C4F838255F
:101AB000DA04BAD5194B5B44D3E8EF1F21F4802137
:101AC000C3E8E21F002AF7D101232360D4F8443190
:101AD000002BAAD00023C4F84431D4F84431A4E741
:101AE000502303FB0966336993B95304C4F8348562
:101AF000C6E90487C4F8387597D5D4F8003243F0A6
:101B00002003C4F8003290E705488FE705488DE7C9
:101B100005488BE73C1900200000AD0B8819002018
:101B20000500AD0B0A00AD0B0B00AD0B50232DE9EA
:101B3000F0414E4D90F80480046803FB0853D86CC4
:101B4000D4F8007200F48220B0F5805F05D009B1AE
:101B50000022DA614648BDE8F081D4F80463C4F895
:101B6000086309B9BB0652D44FF4A111D4F800326E
:101B700023F02003C4F80032502303FB08574C37EE
:101B8000D7E8EF0F0843C7E8EC0FBCF1000FF7D11F
:101B900022B903FB08535B68002B63D1354BC4F8B3
:101BA000083301236360D4F84431002BFBD00023B9
:101BB000C4F84C31D4F84C21C4F81031D4F81021B9
:101BC000C4F84431D4F84421502202FB0852D16CAD
:101BD00011F400411ED1D161204600F0C6FB502314
:101BE00003FB08550023AB602B61D7E8EF3F23F4DC
:101BF0007F0323F47043C7E8E23F002AF5D126F4BF
:101C0000202626F404761C48C4F80463A3E74FF4A6
:101C10008031B1E79269C4F84C31D4F84C11C4F862
:101C200034250522C4F83825C4F81031D4F8103111
:101C30000123E362D4F81031002BFBD00023C4F859
:101C40001031D4F81031D4F84C210AB1D4F83C2525
:101C5000502303FB0853DA610023C4F84C31D4F855
:101C60004C31B9E701236360CDE700BF3C19002088
:101C70000500AD0B10020A000000AD0B2DE9F84382
:101C80002F4A03680679C3F8082343F30733002B70
:101C900004460DDB01215A0903F01F03994002F1AC
:101CA0002003284A42F82310BFF34F8FBFF36F8FF2
:101CB000012220461146FFF739FF01212046FFF798
:101CC0006BFD50212279204D236801FB0252D46C18
:101CD000D3F80C05E201D3F81495D3F80875D3F8BE
:101CE000108509D54FF0FF32C3F80C25C3F8142531
:101CF000C3F80825C3F81025A30116D5411C01D04F
:101D0000FFF70EFCB9F1FF3F02D04846FFF708FC91
:101D100022010AD5B8F1FF3F02D04046FFF700FC90
:101D20007B1C02D03846FFF7FBFB5023002203FB4D
:101D30000653DA6483F848205A60BDE8F88300BF90
:101D400010034A0000E100E03C19002010B55024C7
:101D500002790E4B04FB02335B689BB90368D3F82E
:101D60000025082A05D011B1D3F83C350B6008488E
:101D700010BDD3F810213AB111B1D3F83C350B6046
:101D80000448F5E70448F3E70448F1E73C1900206C
:101D90000C00AD0B0000AD0B0800AD0B0B00AD0B44
:101DA0002DE9F34105461646FFF7F8FD184B0446AA
:101DB000984226D10321284695F80480FFF748FD74
:101DC000144FB84201D0A0421FD15022124B02FB47
:101DD00008335B68ABB90193284601A9FFF7B6FF4A
:101DE000B842F9D00D4B98420AD0019BB34207D3B9
:101DF00001222846114602B0BDE8F041FFF796BE29
:101E0000074C204602B0BDE8F0810446F9E700BF68
:101E10000000AD0B0B00AD0B3C1900200C00AD0B0E
:101E20000800AD0B72B6024A1368013313607047A5
:101E30008C190020034A1368013B136003B962B692
:101E4000704700BF8C190020003A18BF01220039EA
:101E500018BF012103688900074841EA420118635D
:101E600059605A6842F001025A60BFF34F8FBFF3C6
:101E70006F8F0020704700BF04AAFF000722024BAB
:101E8000C3F80423704700BF00300050084BD3F85C
:101E90000801D3F80021003818BF012080000AB1E2
:101EA00040F00100D3F804310BB140F0020070475C
:101EB000003000500022074BC3F80021D3F8001176
:101EC000C3F80421D3F80411C3F80821D3F808316A
:101ED000704700BF00300050002317200C49012B31
:101EE00003F1010201D81346F9E703F5C073202A74
:101EF00041F823001346F2D100231720044A03F5CA
:101F0000E0710133202B42F82100F8D1704700BF67
:101F10000030005010B59DF80840C00B43EA042380
:101F2000064CC90B43EA0213884200D910BDC2B265
:101F300002F5C07244F822300130F5E7003000505D
:101F400010B59DF8084000F1604043EA042301F118
:101F50006041074C400B490B43EA0213884200D909
:101F600010BDC2B202F5E07244F822300130F5E74C
:101F700000300050C0F30E03C3F50043B3FA83F3FF
:101F8000C3F11B03064AC0F3C730DBB240F48070D4
:101F900043F48073C2F80005C2F80435704700BFEF
:101FA000003000504303014818447047FF1FF81FDA
:101FB000054BC0F30730090241F0300100F5007015
:101FC00043F82010704700BF00300050044BC0F3AE
:101FD0000730090200F5007043F82010704700BF79
:101FE0000030005008B5FFF751FF044B1621186070
:101FF0000348BDE8084000F04AB900BFD81F0020E0
:10200000363701000C22014903F006BFD81F00201B
:1020100010B501F0E3FA044690B901F083FF0446DD
:1020200080B90A4A2E21D368094823F008031B040B
:102030001B0C43F0BF6343F40033D36000F027F977
:10204000204610BD45F22354FAE700BF00ED00E042
:102050004C37010008B500F06FF8BFF34F8F05490A
:10206000054BCA6802F4E0621343CB60BFF34F8FA5
:1020700000BFFDE700ED00E00400FA05024B186028
:10208000024B002019607047E81F0020E41F002069
:102090001FB5274C426923685A6282699A62C269F5
:1020A000DA62026A1A63426A5A63826A9A63C26A8D
:1020B000DA63026B1A64426B5A60826B9A60C26B7D
:1020C000DA60026C1A61426C5A61826C9A61C26C6D
:1020D000DA61026D1A62826D5A65C26D9A65026F8D
:1020E000DA65026E1A66826E5A66426F9A66EFF37E
:1020F00088825A64EFF389829A644268DA64EFF363
:1021000094821A65026801A81A67FFF77BFF2368AB
:10211000019ADA6601221A70064B1C686408640092
:10212000204621462246234603F05BFF04B010BD43
:10213000E81F0020E41F002000B5A1B001A8FEF7B1
:10214000A9FD029B63B15B060AD4019B23F0020345
:10215000052B05D1044B1B6813B101A8FFF798FFAD
:1021600021B05DF804FB00BFE41F0020BFF34F8FD8
:102170000549064BCA6802F4E0621343CB60BFF323
:102180004F8F00BFFDE700BF00ED00E00400FA053F
:10219000F8B543680C2B01D00220F8BD4B68042B26
:1021A000FAD14FF0FF3304680D6821682B600029D5
:1021B000F2D0A268002AEFD00623012001F060F9D6
:1021C0000028E9D161681F4ED6E90037994230D323
:1021D000A2681F4401EB020CBC452AD803F17F43DF
:1021E00003F50043B3F5805F20681FD20A439307CD
:1021F00025D1154B9C4522D8091AA2680B1812B993
:1022000000202860C9E7EFF31082012A08D11B687B
:10221000BFF34F8F40F8043BA368043BA360ECE797
:1022200072B61B68BFF34F8F62B6F3E703F0F4FD9D
:10223000E6E70130052806F10806C5D1ACE7032022
:10224000ABE700BF7C3701000090FF004FF47F0335
:10225000D3F83001D3F83431BFF34F8FC0F30B0004
:10226000A0F109035842584170474FF47F02D2F859
:102270003031D2F83401BFF34F8FC3F30B03092B76
:1022800003D1431E58425841704700207047FEF763
:1022900093BD012070476FF003007047002382B0A8
:1022A0000193019802B070476FF00300704700235C
:1022B00082B00193019802B07047022814BF6FF0FA
:1022C000030000207047FEF7F5BD30B501EB820238
:1022D000914200D130BD51F8044B04F07F037F2BB5
:1022E0004FEA144408BF4FF0FF33032CF0D8DFE867
:1022F00004F0020406080360EAE74360E8E783604D
:10230000E6E7C360E4E70346D0F8580130B931B9D5
:10231000D3F82001003818BF012070470120704712
:1023200030B504460D4685B010220021684603F002
:1023300098FDD4E9001368468DF80050984705B021
:1023400030BD7FB504460E46154600211022684672
:1023500003F087FD012368468DF80030CDE9016563
:10236000D4E90013984704B070BD10B50446FFF7D8
:1023700059FDD4F8583133B1D4F8043313F4800341
:1023800008BFC4F80035BDE81040FFF753BDD0F8D2
:10239000583133B1CB6CC3F30032DB0458BFC0F803
:1023A0000025704770B5CE6C0D4606F0010104465D
:1023B000FFF7A9FF38B94FF4800346F00406EE6436
:1023C000C4F8043370BDD5E90A365AB1296CEA6BFA
:1023D000761A964228BF164619443246A86B03F077
:1023E0001BFDAB6B4FF0FF326A641BB1C4F8443580
:1023F000C4F848650023C4F82031D4F82021C4F87B
:102400005831D4F85821C4F85031D4F85031082349
:10241000C4F800354FF48003C4F804330123A360EB
:10242000D0E74B6830B513F01F052DD102680C685A
:102430001068C0F30720844226D25068556094602B
:102440000C7C23F01F0304F001041C438B7CDB0095
:1024500003F018031C434B7C5B0003F0060323438B
:10246000D3608B68013B23F01F04CB685B0003F053
:102470000E03234343F0010313615060BFF34F8FFA
:10248000BFF36F8F284630BD0120FCE703680020B2
:102490005A68C9B258609960D86018615A6070472C
:1024A00070B50546002403681E68C6F30726B442CB
:1024B00001D1002070BD21462846FFF7E7FF013417
:1024C000F5E7C0037047C00300F5FF407F30704759
:1024D000002070471F2070474FF40040704700F500
:1024E0007F40C03040037047402070475F207047F6
:1024F0004FF40050704700207047002070470020C4
:10250000704770470346012B084670B5114607D047
:10251000042B09D0002B31D1BDE87040FFF738BE45
:10252000BDE8704000F02CB84368082B01D00220B1
:1025300070BD5468042CFAD14FF0FF33056816685B
:10254000296833600029F2D06B68002BEFD0262376
:102550007422012000F094FF0028E8D122462323B2
:102560000120696800F08CFF04460028DFD1D5E91E
:102570000001FFF783FD30602046D9E70320D7E74D
:1025800043680C2B01D0022070474B68042BFAD112
:102590000B6801210268196011680131F3D1022131
:1025A000906819600028EED11860704730B50C466D
:1025B000154685B038B139B1FFF769FE041E03DA5C
:1025C000204605B030BD044640F60D23ADF80E3070
:1025D00009230B4901A805F00F028A5C2D091A5442
:1025E000013B012BF7D147F630030C21ADF8043045
:1025F000FFF74DFE0028B4BF04462418E0E700BFF3
:10260000A437010008B5154B83F30A88144800F07D
:10261000D0FF00BBFFF7FCFCE8B926211148FFF70B
:1026200036FEFFF768FFB0B9FFF767FF78B9FFF72D
:1026300068FF00F024FF35210B48FFF728FE00F06B
:10264000B7FD00F0EDFB00F0B7F8002008BDFFF784
:1026500056FF0028EBD000F00FFEF2E70004002048
:1026600090190020B4370100DA37010030B5094C69
:10267000024661680023084640B105686D689542CE
:1026800005D11BB1826860609A60816030BD0346ED
:102690008068F1E7141A002038B504462AB10B68A7
:1026A0009B68DB0512D5002038BD0B4B1D680DB9AA
:1026B00000F0E2FD00222B68996934338A4203D08E
:1026C00053F8040FA04204D19142ECD16FF0FC000A
:1026D000EAE70132F2E700BF1C1A002070B5044699
:1026E0000E461546002130220C3003F0BAFB064B93
:1026F00020461B68A6606360656100F0A4FE0023AD
:102700002061236070BD00BF1C1A0020034B1868B5
:1027100010B1006800B14068704700BF1C1A00206B
:10272000064B10B51C680CB900F0A6FD23689B6829
:1027300013F4406F14BF0120002010BD1C1A0020AC
:102740002DE9F843904607460C46FFF7E9FF02469D
:1027500024B96FF080042046BDE8F8836300F8D503
:10276000144B04F01F0153F82150002DF1D02B68B9
:1027700029465868FFF790FFB0B9C4F307212846EF
:1027800000F07CFD04460028E3D1EFF3108972B617
:1027900000F066FE064689F3108840B1424629469D
:1027A000FFF79CFF3E60D6E76FF08104D3E76FF040
:1027B0008204D0E7941900202DE9F04100F04FFE8B
:1027C0000023134E134F73607B6000F0E9FADFF8CB
:1027D0004880304600F022F80446A0B139468023F4
:1027E000424600F0A1F80546204600F08CFD206826
:1027F000211D00F041FB08B100F03EFD29462046B6
:1028000000F07AFAE5E7BDE8F04100F08BBA00BFCE
:10281000201A0020141A002094190020F8B505464B
:1028200008B900F029FD3B4E346814F1310F6ED821
:10283000394B196804F130038B4268D2E369A2690D
:1028400003EB83030E321344226A02EB4202134469
:10285000626AC2EBC20213449B00E31801D29942A0
:1028600001D200F009FD23682C4A1B0C1B04934283
:1028700001D000F001FD2388B3F5817F01D300F082
:10288000FBFC6368002B01DA00F0F6FCD4E90A23B4
:102890009A4201DD00F0F0FCA36813F4406F22D1EE
:1028A0001F4A176807F1200313601E4A12689342FB
:1028B00001D900F0E1FCE369A26903EB83030E3266
:1028C0001344226A3C6002EB42021344626AC2EB88
:1028D000C2021344326802EB83026B683260FB6110
:1028E0006F603846F8BD6F68002FD9D03B689A6892
:1028F00012F4406F09D0E16A9A6A914205DBA26A3C
:10290000DB6A9A4201DC00F0B7FCFF69ECE70027C4
:10291000E7E700BFAC1000201838010000005F5F3F
:10292000A8100020143801002DE9F74F0F469046FB
:102930000646009300B109B900F09EFCD6F800A04D
:10294000DAF818200AF1380303EB820BDAF81C409E
:10295000204B1D6854B10C2202FB04541C601E4B1A
:102960001B689C4201D900F087FC2C4625464FF09D
:102970000009DAF81C204A4500D91CB9002003B030
:10298000BDE8F08F142303FB09B20023C5E900263C
:102990009268AB60930516D5B8F1000F02D0009B8A
:1029A000802B03D0019200F067FC019A12F0E00F37
:1029B000D0B202D158F820201AB1019000F05CFC8E
:1029C000019848F820507A6809F10109AA607D60F1
:1029D0000C35CEE7A4100020103801002DE9F04F8F
:1029E00093B000935E4B0746D3F800B00BB2002BB8
:1029F0000D461646C1F30269C1F3024A04DA6FF0CC
:102A0000800013B0BDE8F08F8B42C36001D100207D
:102A1000F7E709EB0A03042BF1D8CC0F64014FEA66
:102A2000C90831464246DBF8040044F0020300F0D6
:102A300027FD01460028E2D1202202A803F011FA66
:102A40004246314602A84FEACA0603F0E5F932468B
:102A50000099DBF8040044F0060300F011FD804605
:102A60000028CCD1014620220AA803F0FAF9324608
:102A700000990AA802AE03F0CFF9334608F1010825
:102A8000C14514D91A46C4460DE0D2F808E0D16811
:102A900018687144884203D2596808448645AED309
:102AA0000CF1010C0832CC45EFD10833E6E715F004
:102AB000006F18BF20241022002107F11C0003F032
:102AC000D0F907F118081022002107F12C0003F0BB
:102AD000C8F908EB890944F00203C84512D1202C3B
:102AE00027D1002D02DBC5F3C0456C0107F1280595
:102AF0000AAE05EB8A0A44F0060455451BD1009B3B
:102B0000FB6784E77268DBF8040056F8081B019342
:102B100000F0B6FC00287FF472AF56F8042C019B3D
:102B200048F8042F56F8082CC8F83000C8F82020C0
:102B3000D3E70024DAE77268234656F8081BDBF86F
:102B4000040000F09DFC00287FF459AF56F8043CC7
:102B500045F8043F56F8083C28642B63CDE700BFD6
:102B60001C1A00202DE9F0411F461A4B0D4616464F
:102B7000D3F8008000F094FB044608B900F07CFB19
:102B8000E368002B01DA00F077FB032D01D900F098
:102B900073FB04EB8504E569E36CED1A16D006239C
:102BA0003A463146D8F8040000F06AFC08B100F05B
:102BB00063FBBD4228BF3D46E36CE16B2A461944E6
:102BC000304603F029F9E36C2B44E3642846BDE862
:102BD000F08100BF1C1A00202DE9F0411D461A4B60
:102BE0000F461646D3F8008000F05AFB044608B999
:102BF00000F042FBE368002B01DA00F03DFB032FFD
:102C000001D900F039FB04EB8704E36AE26E9B1AFA
:102C1000AB4201D200F030FB02232A463146D8F8FD
:102C2000040000F02DFC08B100F026FBE36EE06D1F
:102C30002A463146184403F0EFF8E36E00202B4497
:102C4000E366BDE8F08100BF1C1A00202DE9F041C9
:102C500005464FF001080E4E0E4B37685C681CB9F4
:102C600028463760BDE8F0812268936813F400704D
:102C70000CD16369012B09D0D368346023B1984724
:102C8000002801DA00F0F8FAC4F81480E469E6E7F5
:102C90001C1A0020201A002038B5044610B96FF025
:102CA000800038BD8368002BF9D01A68002AF6D05E
:102CB0005D68002DF3D00B4BA86168691D6020B9D9
:102CC0002B68DB6853B901236B61A36804F10C0026
:102CD0001B681B69984701232360E2E79847002897
:102CE000F1DADCE71C1A00204268024B08461A6041
:102CF000704700BF1C1A00200022036810B5C0E90D
:102D000005229A68044612F4406F07D0120503D5D5
:102D1000D3E90A0100F034F8014B1C6010BD00BF7C
:102D20001C1A002038B5124B1B681C68A36813F4EA
:102D3000406F01D100F0A0FA00F05EF9226B236928
:102D40000C49134423F00703A3F1080543E90211DA
:102D500085F30988073222F0070282F30B88BFF35C
:102D60006F8F054BE268054900F067FC002038BD15
:102D70001C1A0020A5EDF5FEF80B00204D2C0100DB
:102D8000014BC3E900017047281A0020034BD3E927
:102D900000308342C8BF0020704700BF281A0020BF
:102DA00008B500F01DF9034B986000F01FF980F39F
:102DB000888808BD00ED02E0EFF308807146EFF36C
:102DC0000982EFF30B830CB406B400F011FA8646C7
:102DD000009900F0080001F00801401A02DC12DB43
:102DE00004B070471EF020031CBF2DE9F00FBDF1A9
:102DF000080D0A4C254626462746A046A146A2466F
:102E0000A34630B4704704B030BC1EF020031CBF92
:102E10001DF1080DBDE8F00F04B07047A5EDF5FEFB
:102E2000084BDA6882F07F4282F47F0242F48042EB
:102E3000DA6000221A765A76DA76DA77602283F838
:102E40002220704700ED00E0009A0A4B9A420FD111
:102E500001229043014602460346044605460646C3
:102E60000746804681468246834684468646044716
:102E7000FEE70000A5EDF5FE2DE9F041044618B986
:102E800043F6DA30BDE8F0810029F9D083680025E7
:102E900013F4406F14BF01230023134F43F00203C8
:102EA000DFF848800B6000F13806236AAB4201D896
:102EB0000020E7E71421A369E26906EB830301FB25
:102EC00002330C226A4399188968090709D59B586F
:102ED000BB4201D04345D3D1186810B10121FFF79F
:102EE00067F80135E1E700BFBC100020B4100020F6
:102EF00070B5324C86B03248FFF7D2FA236801250C
:102F00005A1C01932F4B2260DA681B694FF44076FC
:102F1000039300232A4801A902920495ADF8146096
:102F20008DF81630FFF77DFA18B143F6DA3006B0A7
:102F300070BD23688DF816005A1C0193224B20485F
:102F40000293224B01A9CDE903352260ADF814604C
:102F5000FFF767FA0028E8D123688DF816005A1C9D
:102F600001931B4B164802931A4B01A9CDE9033577
:102F70002260ADF81460FFF754FA0028D5D1236819
:102F80008DF816005A1C0193134B0D480293134BF6
:102F900001A903930223049340F201132260ADF8C8
:102FA0001430FFF73EFA04460028BED12A462946CF
:102FB0000348FEF749FF2046B9E700BF301A00205A
:102FC000B01000209038010000390100E0610100DC
:102FD0004008010040080100000C0020200C0020E7
:102FE000014B1868704700BF90380100014B1B6807
:102FF0001868704790380100014B1B68586870478B
:103000009038010008B5FEF7EDFFFEF753FF0A4BBD
:103010005A68103AD3B2120609D401215A0903F0B2
:103020001F03994002F16003044A42F82310BDE8EF
:10303000084000F021B900BF00ED00E000E100E031
:103040000020034BD8765A6A42F470225A627047C5
:1030500000ED00E00349044BCA68002092B213431C
:10306000CB60704700ED00E00800FA0500224FF049
:10307000FF300D4B02F1A0010132102A43F821006C
:10308000F8D1D3F88022002022F00802C3F8802271
:10309000D3F88022D3F8802222F40072C3F8802271
:1030A000D3F88032704700BF00E100E008B5FEF7BA
:1030B000E5FE0822024BC3F880211A60002008BDFB
:1030C00000E100E0064BD3F8D02022F00102C3F863
:1030D000D020D3F8D02042F00202C3F8D0207047AD
:1030E00000ED00E037B50124FEF7F6FE174D22464D
:1030F00005234FF4813016490094FEF70BFF22465A
:1031000007234FF0005013490094FEF719FFD5E94B
:103110000101072300220094FEF7FCFE0723002292
:103120000D490E480094FEF70BFF2969E868013944
:10313000FEF720FF062300224FF4302008490094B8
:10314000FEF7E8FE002003B030BD00BF903801005C
:10315000FF7F0100FF7F0020FFFF03200080002091
:10316000FFFF140038B500240E4D002155F8040B64
:103170000134FEF72BFF1D2CF7D10020012240F275
:103180000111094BC3F88004C3F88424C3F8C004B8
:10319000C3F8C424054AC2F840154FF48072C3F83E
:1031A000402438BD1C38010000300050009003500E
:1031B0000122014B1A607047341A002010B50446F2
:1031C000094B2289186861680623406800F058F9A5
:1031D00028B9064B1B68012B01D1FFF797FA6FF056
:1031E0008603236010BD00BF1C1A0020341A002083
:1031F00001F00C0370B50C2B0CBF154605464A06B2
:103200000C461ED58B0658BF2835AB6913F8026CE7
:1032100084F00803C3F3C003C6F38012934201D0C5
:1032200000F02AF816F0A00F1CD176B1032E15D0AD
:1032300032461C210D48FFF7B9F96FF083032B606C
:103240000AE000F019F82026E2E7FFF7B5FA044695
:103250000146074800F0EDF9204670BD2846FFF70B
:10326000ADFFF9E732461F210248E4E7AC38010020
:10327000F80B0020C8380100FEF7ECBE03689A681E
:10328000DB6812F4806F05D18B422CBF00206FF0F9
:10329000FA0070478B420CBF00206FF0FA007047B5
:1032A00010B500F0D3F8044600F0E1F850B9FFF78C
:1032B0002DFAA3685B681B685B68834218BF002413
:1032C000204610BD0024FBE738B5054648B1FFF79E
:1032D0005DFDB5EBD07F044601D0FFF7CDFF204662
:1032E00038BDFFF713FAF4E7002310B500F1280208
:1032F00052F8041F19B1C16F146C19444C600833A3
:10330000202BF5D110BD70478230012808B506D8B2
:10331000FFF706FA18B9BDE80840FFF7ADBF08BDD2
:10332000F8B506460D46FFF7BBFF044608B9FFF7A0
:10333000A3FFA7680FB9FFF79FFFE368991C20D090
:103340005A1C21D1A5B315F1820F13D1022323609A
:10335000EFF3108672B629462046FFF7C5FC0546F6
:1033600086F310882368022B24D1204600F081F8D0
:103370002846F8BD15F1830FEAD0FFF77DFF002541
:10338000E6E702232360FAE7002BF6DB2046FFF78F
:10339000ABFF3B689B689B0501D50223236015F1B9
:1033A000810FD5D16369002BD2DBFFF765FFCFE733
:1033B0003546F4E700232360DAE708B5FEF74AFE56
:1033C0006FF0830008BD2DE9F3410E46174698467D
:1033D0000546FFF7A5F9FFF777FF2946024601A842
:1033E000FFF7AEF9044660B943463A4631460198C4
:1033F000FFF7F4FA044640B16B0002D5019800F0E3
:1034000038F8204602B0BDE8F0810198FFF744FC8F
:103410000446F6E740F20110704770B50546FFF725
:103420007FF906462846FFF721F9044608B900202F
:1034300070BD014632462846FFF72EF90028F6D126
:103440002368D868F4E74FF480507047B0F5805F88
:1034500003D1EFF30B80803870470020704770472E
:10346000EFF30B8000F1800383F30B88704700209B
:103470007047EFF30B83803B83F30B8870477047F3
:103480002DE9F0410F461546002A5BD0002900F0D7
:103490008D8003F00602062A57D09A0740F18680F5
:1034A00008249B0648BF44F01204860758BF44F026
:1034B0000404C00709D5EFF39483D9074CBF44F047
:1034C000040424F0040444F0120422462946384639
:1034D00002F07AFBB0BB47E800F205EB0708110EDB
:1034E000120208F1FF3646E800F34FEA13605AD59E
:1034F0001B0258D5884256D047E800F546E800F64A
:10350000FEF7E6FF2D0E85424FEA166628D3FEF73A
:10351000E1FF864224D82846FEF7D5FF2246C7F1B0
:1035200001010144384602F04FFBE0B30135AE42E1
:103530000DD83046FEF7C5FF2246A8EB000102F089
:1035400043FB80B30020BDE8F0810124A9E72846B1
:10355000FEF7B7FF0746FEF7BFFF22460146E1E749
:10356000FEF7C2FF85421ED3FEF7C0FF86421AD87F
:103570002846FEF717FD2246C7F1010101443846EF
:1035800002F022FB78B10135AE4203D83046FEF797
:10359000A6FFD1E72846FEF7A2FF0746FEF7A8FFE1
:1035A00022460146EBE76FF07F00CCE74CF2DA20D1
:1035B000C9E710B50446FFF785FDFFF793FD10B18D
:1035C00043F6DA3010BDFFF7CDFD0028F8D1FFF744
:1035D0008FFC0028F4D102232360F3E708B5FFF73E
:1035E0002FFD10B143F6DA3008BDFFF733FD002898
:1035F000F8D100F01CF80028F4D162B6FDF7FCFB0E
:10360000FFF734FD0028EDD1FFF750FD0028EBD087
:10361000E8E7EFF30880EFF309812DE9F00F6B463F
:103620007246FDF73DFB08B0FFF7ECFCFEE700201B
:10363000704704460D46A546284783F308889646FA
:103640000222EFF31483134383F31488BFF36F8FC5
:103650000847000001464154414C204552524F5208
:103660003A2000486172644661756C740D0A004D21
:10367000656D4D616E616765206661756C740D0ADC
:10368000004275734661756C740D0A00557361676D
:10369000654661756C740D0A005365637572654605
:1036A00061756C740D0A00526573657276656420ED
:1036B000457863657074696F6E2000506C61746644
:1036C0006F726D2065787465726E616C20696E74BE
:1036D00065727275707420284952516E293A200023
:1036E000290E010093220100A5100100610E0100C6
:1036F000BB220100C7220100790E010097220100C0
:10370000490E0100550E01002D0F01009D22010000
:10371000A9220100AF2201001D00000010000002DC
:103720001C0000011100000303020202000000005F
:103730000338FDD87047506C6174666F726D204518
:103740007863657074696F6E3A0D0A00416C6C2085
:1037500070696E732068617665206265656E2063AE
:103760006F6E66696775726564206173206E6F6E37
:103770002D7365637572650D0A000000000001007D
:10378000000200000002FF002C0000003001FF00DA
:10379000080000004001FF000C0000000881FF004D
:1037A000F80200003031323334353637383941428F
:1037B000434445461B5B313B33346D426F6F746944
:1037C0006E672054462D4D2076322E312E312D6ECF
:1037D0006373321B5B306D0D0A001B5B313B33346E
:1037E0006D5B536563205468726561645D20536549
:1037F0006375726520696D61676520696E697469BA
:10380000616C697A696E67211B5B306D0D0A00007F
:1038100014120020FC110020180401000040005088
:10382000005000500080005000A0005000B0005038
:1038300000E0005000F00050000001500010015066
:1038400000400150005001500070015000800150B4
:1038500000B0015000C0015000D0015000E0015004
:1038600000F00150000002500010025000200250F1
:1038700000300250004002500060025000800250B0
:1038800000A00250009003500025845000A0035077
:103890000080010000800100FFFF0A00007C0100A1
:1038A0000080010000000B00FFFF1400556E6B6EDE
:1038B0006F776E2053504D205356432072657175BB
:1038C00065737465643A2000556E6B6E6F776E2079
:1038D000535643206E756D62657220726571756511
:1038E000737465643A2000FFFFFFFFFFFFFFFFFFD7
:1038F000FFFFFFFFFFFFFFFFFFFFFFFFFFFFFFFFD8
:103900000348044B834202D0034B03B1184770476E
:103910009C1100209C110020000000000548064B6F
:103920001B1AD90F01EBA301491002D0034B03B1BD
:10393000184770479C1100209C11002000000000D7
:1039400010B5064C237843B9FFF7DAFF044B13B1E7
:103950000448AFF300800123237010BDA01800209D
:1039600000000000D061010008B5044B1BB1044900
:103970000448AFF30080BDE80840CFE70000000036
:10398000A4180020D0610100A3F5803A704700BF61
:10399000174B002B08BF134B9D46FFF7F5FF002187
:1039A0008B460F461348144A121A02F05AFA0E4B6D
:1039B000002B00D098470D4B002B00D098470020DB
:1039C000002104000D000D48002802D00C48AFF380
:1039D000008002F071F920002900FEF713FE02F0CA
:1039E00057F900BF000008000000000000000000C0
:1039F000F80B00209C110020A428002000000000EB
:103A000000000000009A074B9A4208D110B502F05E
:103A10004BFA02F077F906BC96460C46744702F062
:103A200087FA0000A5EDF5FE009A074B9A4208D1EF
:103A300010B502F045FA02F065F906BC96460C4650
:103A4000744702F075FA0000A5EDF5FE0CB4029A79
:103A5000084B9A420CD14FF0004319430CBC10B5EF
:103A600000F022F802F04EF906BC96460C46744768
:103A700002F05EFAA5EDF5FE009A044B9A4202D1DF
:103A800003490868744702F053FA0000A5EDF5FEFB
:103A900034600100009A034B9A4200D1744702F04F
:103AA00047FA0000A5EDF5FE2DE9F84304460D4662
:103AB00016461F46EFF30583C3F308030BB1FFF768
:103AC000DBFBDFF834903B46204632462946D9F8E6
:103AD0000080FFF778FCD9F800300446984506D0FE
:103AE0009B6901461869BDE8F843FFF719BCFFF769
:103AF0000BFC2046BDE8F8831C1A002001680E4A22
:103B00000346914215D1C169A2F11022A2F1EF1230
:103B100091420ED18268012A0BD8C26812B10169A4
:103B20008A4206D0586928B19B691B1A58425841ED
:103B300070470120704700BF55AA00FF0D4B70B5BC
:103B40009E68A6B13046FFF7D9FF044678B9F368FE
:103B50006BB935690DB9204670BD2846FFF7CEFF19
:103B600028B9EB68B34202D12E462D69F2E7012451
:103B7000F1E700BF381A00202DE9F041394E3468D2
:103B8000F368D4B1B468C4B1002861D000295FD013
:103B900001FB00F5B5FBF0F0884259D1291D57D83B
:103BA000AA070DD025F0030204321C4603E0616829
:103BB00091424FD2A469002CF9D12046BDE8F08192
:103BC0002A46F2E7891A232904F12007D4E9050CD3
:103BD0001AD80123A360A0B1C0F818C0A36903B12B
:103BE00058610023C4E905333369DB0702D5FFF7C9
:103BF000A5FFA0BB2A46002138463C4602F031F919
:103C0000DBE7C6F80CC0E9E702F1200804EB080383
:103C10002039C3E9011E2169DFF84CE0DC6019613D
:103C200044F808E0AEF1102EAEF1EF1EC3F81CE030
:103C300001B1CB60C3E9050C40B18361996901B161
:103C40004B6101212361C4E90121CAE7F360F5E773
:103C50000024B2E7D4F808E0BEF1000FB2D0012092
:103C600002F016F8381A002055AA00FFF8B50546EC
:103C700000283AD0364E3368002B36D0B268002A7E
:103C800033D0834203D872681344984202D3012090
:103C900001F0FEFFA0F120042046FFF72FFF0028CF
:103CA000F5D155F8183C012BF1D145F8180C55E920
:103CB0000570DFB1BB68CBB955F81C2C7B6820328E
:103CC00013447B60386100B1C76020220021204688
:103CD00002F0C7F8386908B183682BB333699B07D2
:103CE00003D5FFF72BFF0028D1D1F8BD40B383687F
:103CF00033BB426863681344203363600369D4E9CB
:103D00000521236192B9B9B9426981696261A161F2
:103D1000A2B19461A26902B1546103B1DC602022B6
:103D2000002102F09EF8D9E73C46E2E79161A169E3
:103D30000029E9D04A61E7E7F160F8E7F460E9E7D4
:103D4000F36845F8083C03B15C61F460C6E700BF66
:103D5000381A002038B50D461422002104461248B6
:103D600002F07FF81149124800F02CF8232D1AD9DF
:103D700014F003031FBF043DED18C3F10403E4185E
:103D80002A460021204602F06CF8074B094AC3E995
:103D900000459C602260A2F11022203DA2F1EF12AA
:103DA0006560E261DC6038BD381A00206D3C0100BE
:103DB000793B010055AA00FF014B1B68184700BF63
:103DC000C4100020024B1860024B0020196070479D
:103DD000C8100020C410002010B50A46044619B1CE
:103DE000024B00211B68984710BD00BFCC1000207B
:103DF000074B0A465978022906D11978072903D1B9
:103E00000146181D02F0DAB86FF08800704700BF55
:103E10004C1A002010B5124C2378590744BF23F0E8
:103E20000403237023789A0705D500F063F82378FC
:103E300023F002032370637813B10A4802F0CFF82D
:103E40000023042107486370FFF7C6FF2378DB07D0
:103E500005D502F0B0F8237823F00103237010BDDC
:103E60004C1A0020501A002038B51C4D6A782B7867
:103E7000022A01D1072B12D0D80713D52B78990726
:103E800007D400F02FF82B78044643F002032B7080
:103E900088B96A782B788AB12B785A0719D500240B
:103EA000204638BD02F085F82B78044643F0010324
:103EB0002B700028E2D0FFF7ADFFF1E7DB07EBD571
:103EC000074802F079F8022304466B700028F2D10B
:103ED000E2E743F004032B70E1E700BF4C1A002037
:103EE000501A00200122024B002083F880257047E1
:103EF000541A00202DE9F041094C202526464FF0A8
:103F0000010803272046C4F82080277702F034F800
:103F1000013D04F12C04F5D186F88055BDE8F0810F
:103F2000541A002010B50C4C236813B10B4B1B68BE
:103F30002BB900F089FC30B90122084B1A6001232B
:103F40002360002010BD0138062801D9044810BDA7
:103F5000044B53F8200010BDF01F0020EC1F002080
:103F6000FE8FFFFF38600100144B2DE9F04300285D
:103F700014BF04461C46124F236883B0BB4219D0BD
:103F800016460D4620464FF4147104F1040900F062
:103F900047F804F58E78484600F0CEF8404600F029
:103FA00019FA2B464A4640460649009600F034FB73
:103FB00008B92760002003B0BDE8F083F41F00209B
:103FC000A5BCC95ABD41010070B50D4C1D46002865
:103FD00014BF064626460B4B306882B098420DD17E
:103FE00006F58E70002633460096144600F03EFB20
:103FF000002818BF34462C6002B070BD0248FBE7B1
:10400000F41F0020A5BCC95AE88FFFFF38B131B1B9
:10401000002201440346013081421A70FAD17047F0
:1040200038B131B1002201440346013088421A7090
:10403000FAD170472DE9F043202B1D4606468846ED
:1040400091468BB026D8DBB202AF8DF80480B04623
:1040500058F8041B8DF8053021B9404601F038F9B5
:10406000044640B9012302224046336001A901F011
:1040700043F9044638B138462021FFF7D1FF2046E6
:104080000BB0BDE8F0832A464946404601F034F9BA
:104090000446F0E702AF1946104600233A4601F005
:1040A000B1FA04460028E6D12023B9461D46CCE7E4
:1040B0002DE9F041D0F8F830A6B0002BD8BF02AE01
:1040C00031DD05460027D0F80C4102AEA4F101080D
:1040D0009022D5F8FC403146D0F8000101AB0197A1
:1040E000B8FA88F8A0474FEA5818044620B9019B4F
:1040F00053B9B8F1000F16D030469021FFF790FF6A
:10410000204626B0BDE8F081014632462846FFF73A
:1041100091FF58B9D5F80431019A1344C5F8043118
:10412000B8F1000FE8D16FF03C04E5E70446204603
:1041300026B0BDE8F08100BF70B50025044614220A
:1041400004F588762946C0F8F850FC3001F089FE65
:1041500008222946304601F084FE144B30461B6885
:104160009847204640F8045B01F098F8104B304621
:104170001B689847C8B9D4F8F830AB420FDC03EBA2
:10418000830204EB82022021C2F800010120C2E96F
:10419000421008490133C2F8FC10C4F8F830064B4D
:1041A0003046BDE870401B68184770BDEC10002019
:1041B000E8100020A1510100E41000202DE9F04793
:1041C000202A88B07AD83F4B00F5887904461B68CE
:1041D00048461746884698470546F8B940F2011602
:1041E000D4F8F830002B65D02046FFF761FF054674
:1041F00038B9D4F8F830002B14DC013EF2D16FF05E
:104200003B056E4620213046FFF70AFF2E4B4846FD
:104210001B689847002818BF6FF01D05284608B096
:10422000BDE8F087D4E94132934203D3D4F80C219E
:10423000012A02D0013ED7D1E1E71F2BFAD96E4601
:1042400001462022304604F1040A01F00AFE3146FC
:10425000504601F07BF805460028D3D1504601F0C6
:1042600031F8504601F01AF82946504601F030F86E
:1042700005460028C6D150462022314601F03CF8C0
:1042800005460028BED1034632462021304601F0C3
:10429000B9F905460028B5D1D4F8F8303A46002BD4
:1042A000C8BF002340463146C8BFC4F8043101F0FE
:1042B000B3FDA7E76FF03F056E46A3E76FF03B0540
:1042C000ACE700BFE8100020E410002070B590B00B
:1042D00000287AD03E4C0D46402236210646204624
:1042E00001F0BFFD40225C21A01801F0BAFD2B1D9A
:1042F000A34203D904F144039D4252D32B682268A0
:10430000534023602B68226C534023646B686268BF
:10431000534063606B68626C53406364AB68A2682F
:104320005340A360AB68A26C5340A364EB68E2689F
:104330005340E360EB68E26C5340E3642B6922690D
:1043400053402361226D2B695340236562696B6979
:10435000534063616B69626D53406365AB69A269E9
:104360005340A361AB69A26D5340A365EB69E26959
:104370005340E361EB69E26D5340E3650021304651
:1043800000F0A6FF044628B940223046104900F04C
:10439000B3FF044640216846FFF742FE204610B0B6
:1043A00070BD631E04F13F01013D1F3415F8010F7C
:1043B00013F8012F42401A7011F8012F2878A342F8
:1043C00082EA00020A70F1D1D8E76FF07304E5E7E2
:1043D0004422002010B54FF49A720021044601F0E7
:1043E00040FD42F21072044BC4F8202104F596708F
:1043F0001B68BDE810401847EC1000202DE9F04F75
:1044000004468846914695B0002900F0A780002A0E
:104410000CBF0126022600238DF80C30002C00F082
:104420009F80DFF844A104AF0AF1400B0021204631
:1044300000F04EFF034648B1384620210193FFF7B4
:10444000EFFD019B184615B0BDE8F08F40225146A4
:10445000204600F051FF03460028EDD104F1F40599
:1044600020222946204600F047FF03460028E3D1DA
:104470000122204603A900F03FFF03460028DBD1BC
:10448000022E62D020460CA900F060FF03460028EF
:10449000D2D10146204600F01BFF03460028CBD1B5
:1044A00040225946204600F027FF03460028C3D18A
:1044B000202220460CA900F01FFF03460028BBD194
:1044C0003946204600F042FF03460028B4D1394661
:1044D0002046FFF7FBFE03460028ADD120222946E7
:1044E000204600F009FF03460028A5D120460CA96C
:1044F00000F02CFF034600289ED10146204600F024
:10450000E7FE0346002897D140225946204600F096
:10451000F3FE034600288FD1202220460CA900F08C
:10452000EBFE0346002887D12946204600F00EFF07
:104530000346002880D19DF80C200132D2B2B2424D
:104540008DF80C20FFF472AF76E74A4641462046CC
:1045500000F0D2FE0346002894D06DE701265AE70A
:104560006FF0730304AF67E7442200202DE9F041A8
:104570000446884615461F46D0F81801E0B013B12E
:1045800000EB40004008B5F5807F3ED82844B0F5E8
:10459000C07F3AD84FF4C0720021684601F061FC38
:1045A0006946D4F82431D4F81821D4F82801984762
:1045B00070BBD4F8186157B1D4E9493072080DEBDB
:1045C0000601984720BBD4F8183106EB5306B8F122
:1045D000000F00D08DB9324669462046FFF70EFF26
:1045E000054610B90123C4F8143131466846FFF777
:1045F00017FD284660B0BDE8F0810DEB060041468E
:104600002A462E4401F008FCE5E76FF00405F0E7C8
:104610006FF00805EDE700BF2DE9F047044604F10F
:10462000F4050F4691461E46DDF8208000F036FE68
:1046300029462046FFF74AFE08B1BDE8F087284624
:104640002022012101F00DFCD4F81831C4F82471A6
:10465000C4F8289113B92023C4F8183142463146D2
:104660002046BDE8F0470123FFF780BFB2F5806F19
:1046700000F295802DE9F04F89B09A46129BB3F570
:10468000807F00F29080D0F82431164604460F4611
:104690004BB3D0F81C31012B05D0D0F81421D0F841
:1046A00020319A421FDD514600232046129AFFF71F
:1046B0005DFF014698B900231293002E5ED0DFF80B
:1046C000EC9009F1400B0021204600F001FE202E65
:1046D0003546014628BF202504F1F40890B108466C
:1046E00009B0BDE8F08FBAF1000FE6D0129B002BA5
:1046F000E1D051461A462046FFF780FE01460028C9
:10470000DBD0ECE749464022204600F0F5FD0146AB
:104710000028E4D141462022204600F0EDFD01466C
:104720000028DCD16946204600F010FE0146002832
:10473000D5D1204600F0CCFD01460028CFD1594606
:104740004022204600F0D8FD01460028C7D1694626
:104750002022204600F0D0FD01460028BFD141466E
:10476000204600F0F3FD01460028B8D138462A461D
:10477000414601F051FB761B2F44A4D151462046FF
:10478000129AFFF73BFE01460028A8D10846D4F84C
:1047900014310133C4F8143109B0BDE8F08F6FF063
:1047A0000201084670476FF0040198E74422002098
:1047B000002130B58DB0282202A8019101F051FBF3
:1047C00002A800F047FF044610B120460DB030BDEE
:1047D000174D4FF0FF31286800F042F9044620B130
:1047E000144800F0D3F9012C18D0002000F068F92B
:1047F000D0B9114A02A901A800F0C4FC0446012066
:1048000000F05EF960B9286800F032F90028DCD0C9
:104810000A4800F0BBF920460DB030BD0524F2E790
:10482000074800F0B3F9EEE7064800F0AFF9E0E71B
:10483000D010002054600100C4220020AC600100B0
:104840008C6001006C60010030B583B000F05CF852
:1048500028B100F0ABF80324204603B030BD00F0CF
:1048600077F8D8B900F02CF9E0B9224CD4F82839FF
:104870001B0EF02B0AD1D4F8242A1F4B9A4231D0B8
:1048800000F044F8072400F091F8E5E7062400F072
:104890003DF800F08BF8204603B030BD04242046DC
:1048A00003B030BD00F032F800F080F8FFF780FF71
:1048B000044698B9114D2B68002BCDD10246014614
:1048C000FFF752FB50B968220D4901ABFFF77CFBA3
:1048D00020B920460B4B2B6003B030BD0524204689
:1048E00003B030BD012000F0EBF80028DAD1C4F8A5
:1048F0000C0ADBE7001084500000E020E4240020D4
:10490000E82400205AEA5A5A0020704700207047D5
:10491000430504D54FF0FF32034BC3F80821024B87
:10492000C3F8080A704700BF00108450014BC3F859
:10493000040A70470010845008B100F06BB84FF4BF
:104940007500704708B100F04FB84FF4750070471C
:1049500010B5114800F070F800B110BD0F4800F01C
:104960006BF80028F9D10E4C204600F065F80028BD
:10497000F3D10C4B0C481C6000F05EF80146002897
:10498000EBD100F02DF8044608B1204610BD00F030
:1049900079F82046FAE700BFE0100020DC10002084
:1049A000D8100020D0100020D410002008B50848EE
:1049B00000F04CF8074800F049F8074800F046F8C6
:1049C000064800F043F8BDE8084000F00BB800BF0F
:1049D000E0100020DC100020D8100020D4100020AF
:1049E00000207047704700BF024610B4084CD4F84E
:1049F000003A1342FBD021B1D4F804310B60C4F863
:104A00000831034B0020C3F8082A10BC704700BFD0
:104A100000108450044AD2F8003A1842FBD0C2F881
:104A2000080A0020704700BF0010845001F0BEB992
:104A30000A46002101F015BA08B5034B02681B684D
:104A400010689847002008BD0C11002008B5034BE2
:104A500002685B6810689847002008BD0C110020B0
:104A6000024B02689B681068184700BF0C110020B9
:104A700008B5034B0268DB6810689847002008BD42
:104A80000C11002070B5094C094D2069AB6898479E
:104A900018B1084B08485B6898470021074AEB6843
:104AA00011602069BDE87040184700BFF810002071
:104AB0000C110020F0100020C460010050250020DF
:104AC000F8B51A4D1A4E0446B26828699047E8B9FD
:104AD000184F3B684CB1A3B1012B19D0013B3B608F
:104AE0002869F36898470020F8BD43B90121124AAC
:104AF000C2F800151149D1F81029002AFBD1013361
:104B00003B60F368286998470020F8BD0C48F8BD61
:104B10000A4AD2F81039002BFBD1074A6FF07E40C9
:104B2000C2F80035FFF702FF3B68D7E7F810002016
:104B30000C110020502500200000845000108450EB
:104B4000E98FFFFF014B1B68184700BF0C110020C5
:104B5000014B9B68184700BF0C110020014BDB681C
:104B6000184700BF0C110020BFF34F8F0549064BBB
:104B7000CA6802F4E0621343CB60BFF34F8F00BFFB
:104B8000FDE700BF00ED00E00400FA0530B44FF08F
:104B9000FE320025074B084C08494968C3F8002439
:104BA000C3F80424C3F80824C3F80C24C4F800553F
:104BB00030BC08470010845000008450F0100020E2
:104BC00010B5044650B1636813F0685F05D0064A1B
:104BD000934202D000236260236010BD034B04485F
:104BE0005B689847EFE700BF2C5F5CA9F0100020DE
:104BF000E4600100C8B143680D4A934213D013F03A
:104C0000685F0ED0012350E8002F194640E8001CD1
:104C10009CF0000FF7D1012AF5D0BFF35F8F002081
:104C2000704704487047044870476FF4E04070478D
:104C30002C5F5CA9E98FFFFFEA8FFFFF034680B17D
:104C4000426809498A420AD012F0685F05D0BFF372
:104C50005F8F002210461A6070470448704704486E
:104C600070476FF4E04070472C5F5CA9E98FFFFF4D
:104C7000EA8FFFFF10B5044620B10023034A2360EA
:104C8000626010BD0248FFF781FFF6E73A00003A84
:104C90000C6101002DE9F047002878D00C4600296E
:104CA00075D01D46002B72D007461AB10122002391
:104CB0002A6003602B68002B64D02946204600F050
:104CC000B7FD804600285FD12146286800F096FD98
:104CD0008046002858D12B68082B6CD0042B6DD04F
:104CE000A3F10209B9FA89F94FEA59190121354EA0
:104CF000C6F8C411C6F84011C6F8C411636AC6F8F4
:104D00003031D6F830219342F6D14FF0000A4FF0FF
:104D1000FF30C6F82CA1FFF7FBFD6FF01B035046D8
:104D2000C6F80031FFF702FEC6F80C91D6F8040A67
:104D300040F48060FFF7FAFD0A23C6F83831089B7B
:104D4000012B29D02369204AA2FB03231B09626A95
:104D5000404602FB03F303EB43031A4ADB039B09C0
:104D6000C2F8D8310123C2F82C313B682A6823F0FD
:104D70007F4343EA02633B602A6843EA02233B60C5
:104D8000BDE8F087DFF844804046BDE8F087DFF8F3
:104D900040804046BDE8F0874FF47F03D3F80C2CE9
:104DA000013206D0D3F80C3C074AA2FB03231B09AF
:104DB000CDE71623CBE74FF0030997E74FF0020941
:104DC00094E700BF00108450ABAAAAAA310CF100EE
:104DD000350CF10058B34B1EB3F5047F27D230B524
:104DE0004FF0000ECD00744671464B0901F01F0CC8
:104DF00050F82330BCF11F0F23FA0CF306D003F058
:104E0000010319B901211C468E46EEE79C4201F1CF
:104E1000010106D01C464FF0010EA942E5D1002049
:104E200030BD0EF1010E9645F7D1024830BD014864
:104E3000704700BF360CF100C0B32DE9F0434C1EA3
:104E4000B4F5047F1DD2E3B1DAB100252E46A846A1
:104E50002C46CF0003F1FF394FEA541C04F01F0E1B
:104E600050F82C10BEF11F0F21FA0EFC0CD00CF0E4
:104E7000010C4CB90126E04634463546ECE7964233
:104E800016D90C48BDE8F083AB420BD0C44508BF2F
:104E90000136A945F3D001350134BC42DCD10020F4
:104EA000BDE8F0830125E0462E46F5E7014870474E
:104EB0001D46F1E7370CF1002DE9F04F91B0834624
:104EC000DDE91B460D46002E6ED10F691C600023E4
:104ED0001A990B60002A00F02F819D4B6A6AD3F863
:104EE0003811D3F830319A4269D10A2967D19BF839
:104EF0000330089304F10803079304230593954BAB
:104F0000934CA3FB07239B0803EB4303A7EB43034B
:104F1000039306971A9B069E1E60002E00F0EA80FF
:104F200000F096FC00230993BBF1000F00F0D58040
:104F300098464FF0010ADDF81C90002D00F0CD805E
:104F4000089B002B3DD0284608A900F071FC0028E2
:104F500039D0814B984220D0089B082B00F0E48088
:104F600000225B000893294608AB58460092FFF7E1
:104F700091FE7A4B984200F0D38070B9DBF80020A4
:104F8000130A03F47F03134323F07F43CBF800306D
:104F9000059B013B0593BDD10020039000F058FC18
:104FA000039811B0BDE8F08F4FF47F01D1F80C0CDD
:104FB00001300CBF4FF40477D1F80C7C86E76848C9
:104FC000EBE76648C5E72946089800F017FC00287B
:104FD000BFD1089B082B00F0A980042B00F0A9800A
:104FE000A3F10203B3FA83F35B090493C4F8C4A1E9
:104FF000C4F840A1C4F8C4A16B6AC4F83031D4F835
:1050000030219342F6D100234FF0FF30C4F82C3109
:10501000FFF77EFC002318466FF01B03C4F8003135
:10502000FFF784FC049B4B4FC4F80C31D4F8040AFE
:1050300040F48060FFF77AFC0A23C4F838312B690A
:1050400009A8A7FB03236A6A1B0902FB03F303EB0E
:105050004303DB039B09C4F8D831C4F82CA1DBF867
:105060000030089923F07F420B0243EA01631343A7
:10507000CBF8003000F0B2FB099B03F01A030343A6
:105080007FF46AAFA7FB0637D4F81431B8EB970F5B
:105090000A93D4F818310B93D4F81C310C93D4F83C
:1050A00020310D93D4F824310E93D4F828310F9386
:1050B00001D1039B9BB9484618220AA9183EFFF765
:1050C000B5FC09F1180908F101089EB100F0C0FB18
:1050D00000230993002D7FF433AF224839E7484677
:1050E0001A46F61A0AA9994408F10108FFF79EFC2E
:1050F000002EEBD1069F079E6A6939463046FFF7BE
:1051000069FEAA6940B94FF4806339463046FFF71B
:1051100093FE00283FF440AF00231A9A136018E76B
:105120002B6A002B3FF439AF0F4836E70323049373
:105130005CE70223049359E701222946584600966A
:1051400008ABFFF7A7FD00283FF4D4AE25E700BF6A
:1051500000108450ABAAAAAA020CF100310CF10095
:10516000300CF100350CF100320CF10010B4DDE927
:10517000013401940024DDF80CC0CDE902C410BC58
:10518000FFF79ABE30B51546012487B005AB0093F2
:105190000022CDE9015404ABFFF78EFE07B030BD0D
:1051A000F0B587B0002966D01E46002B63D01446A8
:1051B000002A60D0314F0D4638684FF0FF31FFF7BD
:1051C0004FFC00284DD10020FFF77AFC002844D185
:1051D0002B4800F03FFAD8B101204FF0FF35FFF720
:1051E0006FFC002835D14FF408712648FEF70EFFFA
:1051F00004212548FEF70AFF21482821FEF706FF73
:105200003868FFF735FC00282FD1284607B0F0BDDD
:105210001C4A0346029205AA019204AA0390009236
:10522000174902461848FFF7A1FF03460028D3D1CB
:1052300028461D46059B22469C4228BF1A460499D3
:1052400032600831FFF7F2FB0120FFF739FC00283C
:10525000C9D00E48FFF79AFCC5E70D48FFF796FC4A
:10526000B6E70C48FFF792FCADE70B48FFF78EFC62
:10527000284607B0F0BD4FF0FF35C6E7D01000203C
:105280006825002090250020642500208C60010006
:105290006C600100546001003061010010B50446EB
:1052A00028B12046BDE81040F421FFF7C1BB0448F7
:1052B000FFF76CFC2046BDE81040F421FFF7B8BBB7
:1052C0004861010010B1F421FEF7A0BE704700BF95
:1052D00008B521B1012908D06FF0360008BD0121C1
:1052E00000F058F80028F7D108BD022100F052F86C
:1052F0000028F9D0F0E700BF30B505468818B0F5B2
:10530000801F0B461446A1B001D8802A0CD9B3F5F2
:10531000801F17D922461946284600F07DF804461A
:1053200084B9204621B030BD6846FFF77FFB224696
:105330006946284600F070F8802104466846FFF769
:1053400077FBEDE76FF03604EBE700BF70B5E8B12F
:105350000E46D9B1044600F031F80546B0B92368CD
:10536000012B0BD0022B01D0284670BD1C223046E9
:1053700004F10801FFF75AFB284670BD2022304691
:1053800004F10801FFF752FB284670BD6FF03605A7
:10539000EAE700BF78B138B50D46F0210446FFF7C3
:1053A00047FB402320462560E36500F091FA003872
:1053B00018BF012038BD0120704700BFF0B5056E51
:1053C000A5B0044604AEE5B9002301270193304699
:1053D0006760294602AA009300F046FA10B1012046
:1053E00025B0F0BD2A46204602A900F099FA00280F
:1053F000F5D1204600F0AAFB0028F0D1206625B0A8
:10540000F0BD802D2A46304628BF802204F1640179
:10541000FFF70CFB256ED7E7002800F0AE802DE9E2
:10542000F04F1446A5B0002A3DD00F46002949D0C0
:10543000B2F5803F0546006E20D34FF6FF7805F1A8
:10544000640AEB6D1A1AB2FBF3F103FB1122002A76
:1054500065D18342B9464FF6FF7672D0B6FBF3FBB7
:1054600003FB0BFBBBF1000F30D1002E45D1A4F59F
:105470007F44FF3CB4F5803F4744E2D2EA6D161A00
:10548000B6FBF2F302FB1366A64228BF2646002EA7
:1054900075D1824200F08D80B4FBF2F602FB06F675
:1054A0002EB9002C79D1002025B0BDE8F08F002363
:1054B00031463846CDE9003302AA00F0D5F900287C
:1054C00000F09580012025B0BDE8F08F00235946FB
:1054D0004846CDE9003302AA00F0C6F90028F1D110
:1054E0005A46284602A900F01BFA0028EAD1A6EB8A
:1054F0000B06286ED944002EB9D0193049463246E1
:1055000005EB8000FFF792FAA4F57F44286EFF3C7C
:105510003044B4F5803F4744286692D2AEE7424516
:1055200028BF4246164639465044FFF77FFA286E98
:10553000EB6D3044834207EB06092866A8EB0606AC
:105540008CD1802B28BF802351461A4604A8FFF730
:105550006DFA0023E96D02AACDE9003304A800F03A
:1055600083F90028AED12846EA6D02A900F0D8F9E7
:105570000028A7D1EB6D286670E70120704705F180
:105580006403394632461844FFF750FA286EEA6D34
:105590003044A41B374428667BE72B6E2246193320
:1055A00005EB83003946FFF741FA2B6E23442B6647
:1055B00079E7802A28BF802205F1640104A8FFF75B
:1055C00035FA0023E96D04A8CDE9003302AA00F002
:1055D0004BF900287FF476AF2846EA6D02A900F067
:1055E0009FF900287FF46EAFEA6D286654E73246D3
:1055F000284602A900F094F900287FF463AF3744ED
:10560000A41B4EE7F8B51C460546114816460F4642
:10561000FFF744FE21460E48FFF75AFE044620B12C
:105620000B48FFF74FFE2046F8BD3A46294608488A
:10563000FFF762FE04460028F2D131460448FFF726
:1056400085FE04460248FFF73DFE2046F8BD00BF38
:10565000B02700201C2370B582B001A90546019334
:1056600000F032F8044638B9019B1C2B07D0144CCB
:105670001C212846FFF7DCF9204602B070BDD5E9B1
:105680000112131E18BF0123003918BF0121012682
:1056900028689B00EA6843EA4103002818BF43F0EA
:1056A0000103EE612AB9C5E90834002BE4D1054CA9
:1056B000DEE7204643F00803C5E9083402B070BDB8
:1056C000370CF0000E0CF0000346002866D00029CD
:1056D00064D00A681C2A61D14FF47F023B49D2F89A
:1056E000100C88425CD0D2F8101C013158D0D2F88E
:1056F000101C4FF47F021960D2F8140C3449884210
:1057000060D0D2F8141C01315CD0D2F8141C4FF4D4
:105710007F025960D2F8181C11F5947F4FD0D2F84F
:10572000181C01314BD0D2F8181C4FF47F0299603D
:10573000D2F81C0C274988423ED0D2F81C1C0131FB
:105740003AD0D2F81C1C4FF47F02D960D2F8001C6A
:1057500070312FD0D2F8001C01312BD0D2F8001CB0
:105760004FF47F021961D2F8041CAF3120D0D2F877
:10577000041C01311CD0D2F8041C4FF47F02596183
:10578000D2F8080C144988420DD0D2F8081C013117
:1057900009D0D2F8082C00209A6170470120704788
:1057A00040F6FC01A5E740F2373200209A617047CD
:1057B0005121E2E79021D3E742F60411C3E740F616
:1057C000D861B2E742F2D001A1E700BFFCF8FFFFC9
:1057D000D020FFFF0429FFFF37F3FFFF014608B584
:1057E0004FF48060FFF7AEF80022034BC3F8C821E6
:1057F000C3F82C2108BD00BF0010845001380728D1
:1058000005D8DFE800F0100E040A04040406074877
:105810007047CB6800204B6270478B6800204B625A
:1058200070474B68F6E70B68F4E700BF310CF100F6
:105830000B6802E0082B0B6006D8026A13424FEA9D
:105840004303F7D00020704700487047310CF10047
:105850000022044B4FF48060C3F82C21C3F8C4210C
:10586000FFF756B800108450F0B5002483B0B0F1B3
:10587000005F8DF8074025D38C468444BCF1804FEF
:1058800004461FD817461D4601220DF1070300F0FC
:1058900097F90646B0B99DF80730099A3C603B710C
:1058A00092B14DB10246089928460DF1070300F068
:1058B00087F938B99DF807303046099A1560137199
:1058C00003B0F0BD4FF47506304603B0F0BD00BF25
:1058D000D8B108B50368012B04D0022B0FD043B117
:1058E0000B4808BD20220B490830FFF79FF8002025
:1058F00008BD142208490830FFF798F8F7E720227E
:1059000006490830FFF792F8F1E74FF4730070474B
:105910000100F30058610100986101007861010005
:105920002DE9F843002900F0F9800446002800F032
:10593000F98003680F469046002B00F0C380013BBE
:10594000012B00F2D7804FF0FF3178484FF0020969
:10595000FFF786F8002840F0BF800020FFF7B0F87E
:105960000646002840F0C280714AD2F81C39002B4C
:10597000FBD16F4DD5F8203C002BFBD14FF0FF3011
:10598000FEF7C6FFD5F8040A20F04000FEF7CEFF70
:1059900001230722C5F81838C5F80029C5F8C4370F
:1059A000A36CC5F8CC37E36CC5F8D037C5F8C09701
:1059B00023685BB1013B012B18D8636AC5F85C36DC
:1059C000236AC5F85836E369C5F85436A269584BBE
:1059D000C3F850266269C3F84C262269C3F84826EA
:1059E000E268C3F84426A268C3F84026504AD2F8B9
:1059F0001039002BFBD1B8F1000F5FD06368402055
:105A0000012B08BFC2F884363A68494BC3F8282CEA
:105A1000C3F82C8CFEF790FF0646454AD2F81039A1
:105A2000002BFBD1424AD2F8203C002BFBD123684B
:105A30005BB1013B012B18D8D2F85C366362D2F817
:105A400058362362D2F85436E361394BD3F85026E6
:105A5000A261D3F84C266261D3F848262261D3F8BC
:105A60004426E260D3F84036A36000230121304A87
:105A7000D2F8CC07A064D2F8D007E064C2F8C4170B
:105A8000C2F88436C2F8C837D2F81039002BFBD1DF
:105A9000C2F81838002E3BD1254BD3F8040A40F049
:105AA0004000FEF743FF0120FFF70AF860BB1F48E4
:105AB000FEF7DEFF10BB3046BDE8F8830423C2F8D2
:105AC000C837AAE74FF0FF3118484FF00109FEF739
:105AD000C7FF00283FF441AF1648FFF757F80020F2
:105AE000FEF7EEFF064600283FF43EAF1248FFF7F0
:105AF0004DF839E7114E3046BDE8F8831048FFF7FE
:105B000045F83046BDE8F8830E48FFF73FF8CEE78A
:105B1000102104F10800FEF78BFFBDE70A4E304666
:105B2000BDE8F8834FF47306C5E700BFE01000201E
:105B300000108450546001006C6001000100F3000B
:105B4000AC6001008C6001000300F300A0B30346C9
:105B500070B4D0E90240D3E9041226BA05BA0CBAEF
:105B600010BAC3E90440D3E90612986A09BAC3E936
:105B7000026512BA996100BAD3E9084125BA0CBA94
:105B8000C3E90725D3E90B12C3E9094009BAD86B69
:105B900012BAD962D3E90D4125BAC3E90C250CBA72
:105BA00000BAD3E9101209BA12BAC3E90E40196457
:105BB00000205A6470BC70474FF47300704700BFF8
:105BC00000201870704700BF431810B501D21F2A7B
:105BD00001D9002010BD013902F014030144102B3B
:105BE00080EA01043CD009DC8BB1042BF1D11F2CDD
:105BF00040E840F315D941E840F10EE0142BE8D11C
:105C00001F2C40E8C0F30CD941E8C0F105E01F2C7F
:105C100040E800F305D941E800F11C460B468C42F0
:105C2000D7D122F01402013A0A2AD2D801A151F8A0
:105C300022F000BF835C01007D5C01006F5C01000D
:105C4000D35B0100D35B0100D35B0100D35B010098
:105C5000895C0100835C0100775C01006F5C0100DE
:105C60001F2C40E880F3DCD941E880F1D5E713F43C
:105C7000001FAFD1ADE713F4801FFAE75B02A9D58F
:105C8000A7E713F4002FF4E713F4802FF1E700BF28
:105C900008B5074B044613B10021AFF30080054B54
:105CA0001868836A03B19847204600F029F800BFBE
:105CB00000000000AC61010070B50D4D00260D4CD8
:105CC000641BA410A64209D10B4D00260B4C00F01A
:105CD000A5F9641BA410A64205D170BD55F8043B7C
:105CE00001369847EEE755F8043B01369847F2E74E
:105CF0004808010048080100480801004C0801005C
:105D0000FEE700BF002383F300887047FDF7B4BAB5
:105D1000EFF30880EFF309812DE9F00F6B4672462F
:105D2000FAF7BEFF08B0FFF7F1FFFEE7FDF7A4BAF0
:105D3000EFF30880EFF309812DE9F00F6B4672460F
:105D4000FAF7AEFF08B0FFF7F1FFFEE7FDF794BAF0
:105D5000EFF30880EFF309812DE9F00F6B467246EF
:105D6000FAF79EFF08B0FFF7F1FFFEE7FDF784BAF0
:105D7000EFF30880EFF309812DE9F00F6B467246CF
:105D8000FAF78EFF08B0FFF7F1FFFEE7FDF774BAF0
:105D9000EFF30880EFF309812DE9F00F6B467246AF
:105DA000FAF77EFF08B0FFF7F1FFFEE7814270B41B
:105DB0000546144602D370BC00F02EB88218214468
:105DC0003CB141EA020313F003030FD1E0180328AA
:105DD00012D86FF00300A3084343002019441A446B
:105DE0002344984210D1284670BC704711F8013DF9
:105DF000013C02F8013DE3E7581850F8046C98188C
:105E000040F8046C043BE1E70C1A14F8016C141A16
:105E100004F8016C0130E4E770B504463AB141EA98
:105E2000040313F003030CD1D518032D0FD822F06F
:105E300003031C441944002302F0030293420CD1D3
:105E400070BD11F8013B013A04F8013BE6E7CD1AB9
:105E50002E68E51A2E60043BE6E75D5CE5540133ED
:105E6000ECE7F0B5044662B922F00303234402F0E4
:105E700003021A44934214D1F0BD04F8011B013A05
:105E8000F1E7A307F9D115460B0443EA01630B437D
:105E900043EA01231619032DE6D9771B3B60043D25
:105EA000F9E703F8011BE5E708B5EFF30583C3F352
:105EB00008030BB1FDF7E0F9BDE80840FDF7AABA09
:105EC00010B50446EFF30583C3F308030BB1FDF7E8
:105ED000D3F92046BDE81040FDF79FBA2DE9F04107
:105EE00004460D4616461F46EFF30583C3F3080329
:105EF0000BB1FDF7C1F93B46324629462046BDE8C5
:105F0000F041FCF72FBE2DE9F04104460D46164640
:105F10001F46EFF30583C3F308030BB1FDF7ACF99C
:105F20003B46324629462046BDE8F041FCF754BEC8
:105F300008B5EFF30583C3F308030BB1FDF79CF934
:105F4000BDE80840FDF739BA00207047704710B52A
:105F5000044608B1FDF740FF2046BDE81040FDF7BC
:105F60002BBF10B50446406A10B1A16AFFF7EFFFDE
:105F70000020C4E9090010BD38B50546FFF7F1FF60
:105F80002B7F0446012B0ED0023B012B0ED82B6A2F
:105F9000012B18BF6FF096042C2200212846FFF732
:105FA00060FF204638BD2B6A002BF2E76FF09604A5
:105FB000F2E70020704770470020704713B50020BB
:105FC00001AB1446FEF700F830B9019BA34218BF9D
:105FD0006FF0930002B010BD6FF09200FAE700205E
:105FE00070472DE9E04F2746A046A146A246A346AA
:105FF000A446A2B02DEC000A84F30088254626466C
:10600000A447EFF3148515F0080F18BFB0EE400A4F
:106010003DEC000A22B0BDE8E08F0000F8B500BFFB
:10602000F8BC08BC9E467047F8B500BFF8BC08BC79
:106030009E4670477AFFFFFFFF8FFFFFFF8FFFFF36
:10604000FE8FFFFFFE8FFFFFFD8FFFFFFC8FFFFF27
:10605000FC8FFFFF4661696C20746F20616371756E
:10606000697265206D757465780A00004661696C17
:1060700020746F20696E63726561736520504D20D6
:10608000636F756E7465720A000000004661696C8A
:1060900020746F20646563726561736520504D20C4
:1060A000636F756E7465720A000000004661696C6A
:1060B00020746F2072656C65617365206D75746501
:1060C000780A0000436F756C64206E6F74206C6FEB
:1060D000636B20706F7765722073617665206D75D4
:1060E000746578006D757465785F667265652063A8
:1060F000616C6C65642077697468204E554C4C2047
:10610000706172616D6574657200000043616E2795
:106110007420696E697469616C697A65206D757443
:1061200065782C20776173204E554C4C0D0A000089
:106130004661696C20746F20756E6C6F636B206DA7
:10614000757465780A0000000A637478206973200A
:106150004E554C4C0A00000067E6096A85AE67BBE5
:1061600072F36E3C3AF54FA57F520E518C68059B39
:10617000ABD9831F19CDE05BD89E05C107D57C360E
:1061800017DD703039590EF7310BC0FF1115586803
:10619000A78FF964A44FFABE0123456789ABCDEF01
:1061A000FEDCBA9876543210F0E1D2C33C110020E4
:1061B00054464D5F43525950544F0054464D5F5022
:1061C0004C4154464F524D5F53455256494345004A
:1061D00000000000000000000000000000000000BF
:1061E000FFFFFFFFFFFFFFFFFFFFFFFFFFFFFFFFBF
:1061F000FFFFFFFFFFFFFFFFFFFFFFFFFFFFFFFFAF
:10620000FFFFFFFFFFFFFFFFFFFFFFFFFFFFFFFF9E
:10621000FFFFFFFFFFFFFFFFFFFFFFFFFFFFFFFF8E
:10622000FFFFFFFFFFFFFFFFFFFFFFFFFFFFFFFF7E
:10623000FFFFFFFFFFFFFFFFFFFFFFFFFFFFFFFF6E
:10624000FFFFFFFFFFFFFFFFFFFFFFFFFFFFFFFF5E
:10625000FFFFFFFFFFFFFFFFFFFFFFFFFFFFFFFF4E
:10626000FFFFFFFFFFFFFFFFFFFFFFFFFFFFFFFF3E
:10627000FFFFFFFFFFFFFFFFFFFFFFFFFFFFFFFF2E
:10628000FFFFFFFFFFFFFFFFFFFFFFFFFFFFFFFF1E
:10629000FFFFFFFFFFFFFFFFFFFFFFFFFFFFFFFF0E
:1062A000FFFFFFFFFFFFFFFFFFFFFFFFFFFFFFFFFE
:1062B000FFFFFFFFFFFFFFFFFFFFFFFFFFFFFFFFEE
:1062C000FFFFFFFFFFFFFFFFFFFFFFFFFFFFFFFFDE
:1062D000FFFFFFFFFFFFFFFFFFFFFFFFFFFFFFFFCE
:1062E000FFFFFFFFFFFFFFFFFFFFFFFFFFFFFFFFBE
:1062F000FFFFFFFFFFFFFFFFFFFFFFFFFFFFFFFFAE
:10630000FFFFFFFFFFFFFFFFFFFFFFFFFFFFFFFF9D
:10631000FFFFFFFFFFFFFFFFFFFFFFFFFFFFFFFF8D
:10632000FFFFFFFFFFFFFFFFFFFFFFFFFFFFFFFF7D
:10633000FFFFFFFFFFFFFFFFFFFFFFFFFFFFFFFF6D
:10634000FFFFFFFFFFFFFFFFFFFFFFFFFFFFFFFF5D
:10635000FFFFFFFFFFFFFFFFFFFFFFFFFFFFFFFF4D
:10636000FFFFFFFFFFFFFFFFFFFFFFFFFFFFFFFF3D
:10637000FFFFFFFFFFFFFFFFFFFFFFFFFFFFFFFF2D
:10638000FFFFFFFFFFFFFFFFFFFFFFFFFFFFFFFF1D
:10639000FFFFFFFFFFFFFFFFFFFFFFFFFFFFFFFF0D
:1063A000FFFFFFFFFFFFFFFFFFFFFFFFFFFFFFFFFD
:1063B000FFFFFFFFFFFFFFFFFFFFFFFFFFFFFFFFED
:1063C000FFFFFFFFFFFFFFFFFFFFFFFFFFFFFFFFDD
:1063D000FFFFFFFFFFFFFFFFFFFFFFFFFFFFFFFFCD
:1063E000FFFFFFFFFFFFFFFFFFFFFFFFFFFFFFFFBD
:1063F000FFFFFFFFFFFFFFFFFFFFFFFFFFFFFFFFAD
:10640000FFFFFFFFFFFFFFFFFFFFFFFFFFFFFFFF9C
:10641000FFFFFFFFFFFFFFFFFFFFFFFFFFFFFFFF8C
:10642000FFFFFFFFFFFFFFFFFFFFFFFFFFFFFFFF7C
:10643000FFFFFFFFFFFFFFFFFFFFFFFFFFFFFFFF6C
:10644000FFFFFFFFFFFFFFFFFFFFFFFFFFFFFFFF5C
:10645000FFFFFFFFFFFFFFFFFFFFFFFFFFFFFFFF4C
:10646000FFFFFFFFFFFFFFFFFFFFFFFFFFFFFFFF3C
:10647000FFFFFFFFFFFFFFFFFFFFFFFFFFFFFFFF2C
:10648000FFFFFFFFFFFFFFFFFFFFFFFFFFFFFFFF1C
:10649000FFFFFFFFFFFFFFFFFFFFFFFFFFFFFFFF0C
:1064A000FFFFFFFFFFFFFFFFFFFFFFFFFFFFFFFFFC
:1064B000FFFFFFFFFFFFFFFFFFFFFFFFFFFFFFFFEC
:1064C000FFFFFFFFFFFFFFFFFFFFFFFFFFFFFFFFDC
:1064D000FFFFFFFFFFFFFFFFFFFFFFFFFFFFFFFFCC
:1064E000FFFFFFFFFFFFFFFFFFFFFFFFFFFFFFFFBC
:1064F000FFFFFFFFFFFFFFFFFFFFFFFFFFFFFFFFAC
:10650000FFFFFFFFFFFFFFFFFFFFFFFFFFFFFFFF9B
:10651000FFFFFFFFFFFFFFFFFFFFFFFFFFFFFFFF8B
:10652000FFFFFFFFFFFFFFFFFFFFFFFFFFFFFFFF7B
:10653000FFFFFFFFFFFFFFFFFFFFFFFFFFFFFFFF6B
:10654000FFFFFFFFFFFFFFFFFFFFFFFFFFFFFFFF5B
:10655000FFFFFFFFFFFFFFFFFFFFFFFFFFFFFFFF4B
:10656000FFFFFFFFFFFFFFFFFFFFFFFFFFFFFFFF3B
:10657000FFFFFFFFFFFFFFFFFFFFFFFFFFFFFFFF2B
:10658000FFFFFFFFFFFFFFFFFFFFFFFFFFFFFFFF1B
:10659000FFFFFFFFFFFFFFFFFFFFFFFFFFFFFFFF0B
:1065A000FFFFFFFFFFFFFFFFFFFFFFFFFFFFFFFFFB
:1065B000FFFFFFFFFFFFFFFFFFFFFFFFFFFFFFFFEB
:1065C000FFFFFFFFFFFFFFFFFFFFFFFFFFFFFFFFDB
:1065D000FFFFFFFFFFFFFFFFFFFFFFFFFFFFFFFFCB
:1065E000FFFFFFFFFFFFFFFFFFFFFFFFFFFFFFFFBB
:1065F000FFFFFFFFFFFFFFFFFFFFFFFFFFFFFFFFAB
:10660000FFFFFFFFFFFFFFFFFFFFFFFFFFFFFFFF9A
:10661000FFFFFFFFFFFFFFFFFFFFFFFFFFFFFFFF8A
:10662000FFFFFFFFFFFFFFFFFFFFFFFFFFFFFFFF7A
:10663000FFFFFFFFFFFFFFFFFFFFFFFFFFFFFFFF6A
:10664000FFFFFFFFFFFFFFFFFFFFFFFFFFFFFFFF5A
:10665000FFFFFFFFFFFFFFFFFFFFFFFFFFFFFFFF4A
:10666000FFFFFFFFFFFFFFFFFFFFFFFFFFFFFFFF3A
:10667000FFFFFFFFFFFFFFFFFFFFFFFFFFFFFFFF2A
:10668000FFFFFFFFFFFFFFFFFFFFFFFFFFFFFFFF1A
:10669000FFFFFFFFFFFFFFFFFFFFFFFFFFFFFFFF0A
:1066A000FFFFFFFFFFFFFFFFFFFFFFFFFFFFFFFFFA
:1066B000FFFFFFFFFFFFFFFFFFFFFFFFFFFFFFFFEA
:1066C000FFFFFFFFFFFFFFFFFFFFFFFFFFFFFFFFDA
:1066D000FFFFFFFFFFFFFFFFFFFFFFFFFFFFFFFFCA
:1066E000FFFFFFFFFFFFFFFFFFFFFFFFFFFFFFFFBA
:1066F000FFFFFFFFFFFFFFFFFFFFFFFFFFFFFFFFAA
:10670000FFFFFFFFFFFFFFFFFFFFFFFFFFFFFFFF99
:10671000FFFFFFFFFFFFFFFFFFFFFFFFFFFFFFFF89
:10672000FFFFFFFFFFFFFFFFFFFFFFFFFFFFFFFF79
:10673000FFFFFFFFFFFFFFFFFFFFFFFFFFFFFFFF69
:10674000FFFFFFFFFFFFFFFFFFFFFFFFFFFFFFFF59
:10675000FFFFFFFFFFFFFFFFFFFFFFFFFFFFFFFF49
:10676000FFFFFFFFFFFFFFFFFFFFFFFFFFFFFFFF39
:10677000FFFFFFFFFFFFFFFFFFFFFFFFFFFFFFFF29
:10678000FFFFFFFFFFFFFFFFFFFFFFFFFFFFFFFF19
:10679000FFFFFFFFFFFFFFFFFFFFFFFFFFFFFFFF09
:1067A000FFFFFFFFFFFFFFFFFFFFFFFFFFFFFFFFF9
:1067B000FFFFFFFFFFFFFFFFFFFFFFFFFFFFFFFFE9
:1067C000FFFFFFFFFFFFFFFFFFFFFFFFFFFFFFFFD9
:1067D000FFFFFFFFFFFFFFFFFFFFFFFFFFFFFFFFC9
:1067E000FFFFFFFFFFFFFFFFFFFFFFFFFFFFFFFFB9
:1067F000FFFFFFFFFFFFFFFFFFFFFFFFFFFFFFFFA9
:10680000FFFFFFFFFFFFFFFFFFFFFFFFFFFFFFFF98
:10681000FFFFFFFFFFFFFFFFFFFFFFFFFFFFFFFF88
:10682000FFFFFFFFFFFFFFFFFFFFFFFFFFFFFFFF78
:10683000FFFFFFFFFFFFFFFFFFFFFFFFFFFFFFFF68
:10684000FFFFFFFFFFFFFFFFFFFFFFFFFFFFFFFF58
:10685000FFFFFFFFFFFFFFFFFFFFFFFFFFFFFFFF48
:10686000FFFFFFFFFFFFFFFFFFFFFFFFFFFFFFFF38
:10687000FFFFFFFFFFFFFFFFFFFFFFFFFFFFFFFF28
:10688000FFFFFFFFFFFFFFFFFFFFFFFFFFFFFFFF18
:10689000FFFFFFFFFFFFFFFFFFFFFFFFFFFFFFFF08
:1068A000FFFFFFFFFFFFFFFFFFFFFFFFFFFFFFFFF8
:1068B000FFFFFFFFFFFFFFFFFFFFFFFFFFFFFFFFE8
:1068C000FFFFFFFFFFFFFFFFFFFFFFFFFFFFFFFFD8
:1068D000FFFFFFFFFFFFFFFFFFFFFFFFFFFFFFFFC8
:1068E000FFFFFFFFFFFFFFFFFFFFFFFFFFFFFFFFB8
:1068F000FFFFFFFFFFFFFFFFFFFFFFFFFFFFFFFFA8
:10690000FFFFFFFFFFFFFFFFFFFFFFFFFFFFFFFF97
:10691000FFFFFFFFFFFFFFFFFFFFFFFFFFFFFFFF87
:10692000FFFFFFFFFFFFFFFFFFFFFFFFFFFFFFFF77
:10693000FFFFFFFFFFFFFFFFFFFFFFFFFFFFFFFF67
:10694000FFFFFFFFFFFFFFFFFFFFFFFFFFFFFFFF57
:10695000FFFFFFFFFFFFFFFFFFFFFFFFFFFFFFFF47
:10696000FFFFFFFFFFFFFFFFFFFFFFFFFFFFFFFF37
:10697000FFFFFFFFFFFFFFFFFFFFFFFFFFFFFFFF27
:10698000FFFFFFFFFFFFFFFFFFFFFFFFFFFFFFFF17
:10699000FFFFFFFFFFFFFFFFFFFFFFFFFFFFFFFF07
:1069A000FFFFFFFFFFFFFFFFFFFFFFFFFFFFFFFFF7
:1069B000FFFFFFFFFFFFFFFFFFFFFFFFFFFFFFFFE7
:1069C000FFFFFFFFFFFFFFFFFFFFFFFFFFFFFFFFD7
:1069D000FFFFFFFFFFFFFFFFFFFFFFFFFFFFFFFFC7
:1069E000FFFFFFFFFFFFFFFFFFFFFFFFFFFFFFFFB7
:1069F000FFFFFFFFFFFFFFFFFFFFFFFFFFFFFFFFA7
:106A0000FFFFFFFFFFFFFFFFFFFFFFFFFFFFFFFF96
:106A1000FFFFFFFFFFFFFFFFFFFFFFFFFFFFFFFF86
:106A2000FFFFFFFFFFFFFFFFFFFFFFFFFFFFFFFF76
:106A3000FFFFFFFFFFFFFFFFFFFFFFFFFFFFFFFF66
:106A4000FFFFFFFFFFFFFFFFFFFFFFFFFFFFFFFF56
:106A5000FFFFFFFFFFFFFFFFFFFFFFFFFFFFFFFF46
:106A6000FFFFFFFFFFFFFFFFFFFFFFFFFFFFFFFF36
:106A7000FFFFFFFFFFFFFFFFFFFFFFFFFFFFFFFF26
:106A8000FFFFFFFFFFFFFFFFFFFFFFFFFFFFFFFF16
:106A9000FFFFFFFFFFFFFFFFFFFFFFFFFFFFFFFF06
:106AA000FFFFFFFFFFFFFFFFFFFFFFFFFFFFFFFFF6
:106AB000FFFFFFFFFFFFFFFFFFFFFFFFFFFFFFFFE6
:106AC000FFFFFFFFFFFFFFFFFFFFFFFFFFFFFFFFD6
:106AD000FFFFFFFFFFFFFFFFFFFFFFFFFFFFFFFFC6
:106AE000FFFFFFFFFFFFFFFFFFFFFFFFFFFFFFFFB6
:106AF000FFFFFFFFFFFFFFFFFFFFFFFFFFFFFFFFA6
:106B0000FFFFFFFFFFFFFFFFFFFFFFFFFFFFFFFF95
:106B1000FFFFFFFFFFFFFFFFFFFFFFFFFFFFFFFF85
:106B2000FFFFFFFFFFFFFFFFFFFFFFFFFFFFFFFF75
:106B3000FFFFFFFFFFFFFFFFFFFFFFFFFFFFFFFF65
:106B4000FFFFFFFFFFFFFFFFFFFFFFFFFFFFFFFF55
:106B5000FFFFFFFFFFFFFFFFFFFFFFFFFFFFFFFF45
:106B6000FFFFFFFFFFFFFFFFFFFFFFFFFFFFFFFF35
:106B7000FFFFFFFFFFFFFFFFFFFFFFFFFFFFFFFF25
:106B8000FFFFFFFFFFFFFFFFFFFFFFFFFFFFFFFF15
:106B9000FFFFFFFFFFFFFFFFFFFFFFFFFFFFFFFF05
:106BA000FFFFFFFFFFFFFFFFFFFFFFFFFFFFFFFFF5
:106BB000FFFFFFFFFFFFFFFFFFFFFFFFFFFFFFFFE5
:106BC000FFFFFFFFFFFFFFFFFFFFFFFFFFFFFFFFD5
:106BD000FFFFFFFFFFFFFFFFFFFFFFFFFFFFFFFFC5
:106BE000FFFFFFFFFFFFFFFFFFFFFFFFFFFFFFFFB5
:106BF000FFFFFFFFFFFFFFFFFFFFFFFFFFFFFFFFA5
:106C0000FFFFFFFFFFFFFFFFFFFFFFFFFFFFFFFF94
:106C1000FFFFFFFFFFFFFFFFFFFFFFFFFFFFFFFF84
:106C2000FFFFFFFFFFFFFFFFFFFFFFFFFFFFFFFF74
:106C3000FFFFFFFFFFFFFFFFFFFFFFFFFFFFFFFF64
:106C4000FFFFFFFFFFFFFFFFFFFFFFFFFFFFFFFF54
:106C5000FFFFFFFFFFFFFFFFFFFFFFFFFFFFFFFF44
:106C6000FFFFFFFFFFFFFFFFFFFFFFFFFFFFFFFF34
:106C7000FFFFFFFFFFFFFFFFFFFFFFFFFFFFFFFF24
:106C8000FFFFFFFFFFFFFFFFFFFFFFFFFFFFFFFF14
:106C9000FFFFFFFFFFFFFFFFFFFFFFFFFFFFFFFF04
:106CA000FFFFFFFFFFFFFFFFFFFFFFFFFFFFFFFFF4
:106CB000FFFFFFFFFFFFFFFFFFFFFFFFFFFFFFFFE4
:106CC000FFFFFFFFFFFFFFFFFFFFFFFFFFFFFFFFD4
:106CD000FFFFFFFFFFFFFFFFFFFFFFFFFFFFFFFFC4
:106CE000FFFFFFFFFFFFFFFFFFFFFFFFFFFFFFFFB4
:106CF000FFFFFFFFFFFFFFFFFFFFFFFFFFFFFFFFA4
:106D0000FFFFFFFFFFFFFFFFFFFFFFFFFFFFFFFF93
:106D1000FFFFFFFFFFFFFFFFFFFFFFFFFFFFFFFF83
:106D2000FFFFFFFFFFFFFFFFFFFFFFFFFFFFFFFF73
:106D3000FFFFFFFFFFFFFFFFFFFFFFFFFFFFFFFF63
:106D4000FFFFFFFFFFFFFFFFFFFFFFFFFFFFFFFF53
:106D5000FFFFFFFFFFFFFFFFFFFFFFFFFFFFFFFF43
:106D6000FFFFFFFFFFFFFFFFFFFFFFFFFFFFFFFF33
:106D7000FFFFFFFFFFFFFFFFFFFFFFFFFFFFFFFF23
:106D8000FFFFFFFFFFFFFFFFFFFFFFFFFFFFFFFF13
:106D9000FFFFFFFFFFFFFFFFFFFFFFFFFFFFFFFF03
:106DA000FFFFFFFFFFFFFFFFFFFFFFFFFFFFFFFFF3
:106DB000FFFFFFFFFFFFFFFFFFFFFFFFFFFFFFFFE3
:106DC000FFFFFFFFFFFFFFFFFFFFFFFFFFFFFFFFD3
:106DD000FFFFFFFFFFFFFFFFFFFFFFFFFFFFFFFFC3
:106DE000FFFFFFFFFFFFFFFFFFFFFFFFFFFFFFFFB3
:106DF000FFFFFFFFFFFFFFFFFFFFFFFFFFFFFFFFA3
:106E0000FFFFFFFFFFFFFFFFFFFFFFFFFFFFFFFF92
:106E1000FFFFFFFFFFFFFFFFFFFFFFFFFFFFFFFF82
:106E2000FFFFFFFFFFFFFFFFFFFFFFFFFFFFFFFF72
:106E3000FFFFFFFFFFFFFFFFFFFFFFFFFFFFFFFF62
:106E4000FFFFFFFFFFFFFFFFFFFFFFFFFFFFFFFF52
:106E5000FFFFFFFFFFFFFFFFFFFFFFFFFFFFFFFF42
:106E6000FFFFFFFFFFFFFFFFFFFFFFFFFFFFFFFF32
:106E7000FFFFFFFFFFFFFFFFFFFFFFFFFFFFFFFF22
:106E8000FFFFFFFFFFFFFFFFFFFFFFFFFFFFFFFF12
:106E9000FFFFFFFFFFFFFFFFFFFFFFFFFFFFFFFF02
:106EA000FFFFFFFFFFFFFFFFFFFFFFFFFFFFFFFFF2
:106EB000FFFFFFFFFFFFFFFFFFFFFFFFFFFFFFFFE2
:106EC000FFFFFFFFFFFFFFFFFFFFFFFFFFFFFFFFD2
:106ED000FFFFFFFFFFFFFFFFFFFFFFFFFFFFFFFFC2
:106EE000FFFFFFFFFFFFFFFFFFFFFFFFFFFFFFFFB2
:106EF000FFFFFFFFFFFFFFFFFFFFFFFFFFFFFFFFA2
:106F0000FFFFFFFFFFFFFFFFFFFFFFFFFFFFFFFF91
:106F1000FFFFFFFFFFFFFFFFFFFFFFFFFFFFFFFF81
:106F2000FFFFFFFFFFFFFFFFFFFFFFFFFFFFFFFF71
:106F3000FFFFFFFFFFFFFFFFFFFFFFFFFFFFFFFF61
:106F4000FFFFFFFFFFFFFFFFFFFFFFFFFFFFFFFF51
:106F5000FFFFFFFFFFFFFFFFFFFFFFFFFFFFFFFF41
:106F6000FFFFFFFFFFFFFFFFFFFFFFFFFFFFFFFF31
:106F7000FFFFFFFFFFFFFFFFFFFFFFFFFFFFFFFF21
:106F8000FFFFFFFFFFFFFFFFFFFFFFFFFFFFFFFF11
:106F9000FFFFFFFFFFFFFFFFFFFFFFFFFFFFFFFF01
:106FA000FFFFFFFFFFFFFFFFFFFFFFFFFFFFFFFFF1
:106FB000FFFFFFFFFFFFFFFFFFFFFFFFFFFFFFFFE1
:106FC000FFFFFFFFFFFFFFFFFFFFFFFFFFFFFFFFD1
:106FD000FFFFFFFFFFFFFFFFFFFFFFFFFFFFFFFFC1
:106FE000FFFFFFFFFFFFFFFFFFFFFFFFFFFFFFFFB1
:106FF000FFFFFFFFFFFFFFFFFFFFFFFFFFFFFFFFA1
:10700000FFFFFFFFFFFFFFFFFFFFFFFFFFFFFFFF90
:10701000FFFFFFFFFFFFFFFFFFFFFFFFFFFFFFFF80
:10702000FFFFFFFFFFFFFFFFFFFFFFFFFFFFFFFF70
:10703000FFFFFFFFFFFFFFFFFFFFFFFFFFFFFFFF60
:10704000FFFFFFFFFFFFFFFFFFFFFFFFFFFFFFFF50
:10705000FFFFFFFFFFFFFFFFFFFFFFFFFFFFFFFF40
:10706000FFFFFFFFFFFFFFFFFFFFFFFFFFFFFFFF30
:10707000FFFFFFFFFFFFFFFFFFFFFFFFFFFFFFFF20
:10708000FFFFFFFFFFFFFFFFFFFFFFFFFFFFFFFF10
:10709000FFFFFFFFFFFFFFFFFFFFFFFFFFFFFFFF00
:1070A000FFFFFFFFFFFFFFFFFFFFFFFFFFFFFFFFF0
:1070B000FFFFFFFFFFFFFFFFFFFFFFFFFFFFFFFFE0
:1070C000FFFFFFFFFFFFFFFFFFFFFFFFFFFFFFFFD0
:1070D000FFFFFFFFFFFFFFFFFFFFFFFFFFFFFFFFC0
:1070E000FFFFFFFFFFFFFFFFFFFFFFFFFFFFFFFFB0
:1070F000FFFFFFFFFFFFFFFFFFFFFFFFFFFFFFFFA0
:10710000FFFFFFFFFFFFFFFFFFFFFFFFFFFFFFFF8F
:10711000FFFFFFFFFFFFFFFFFFFFFFFFFFFFFFFF7F
:10712000FFFFFFFFFFFFFFFFFFFFFFFFFFFFFFFF6F
:10713000FFFFFFFFFFFFFFFFFFFFFFFFFFFFFFFF5F
:10714000FFFFFFFFFFFFFFFFFFFFFFFFFFFFFFFF4F
:10715000FFFFFFFFFFFFFFFFFFFFFFFFFFFFFFFF3F
:10716000FFFFFFFFFFFFFFFFFFFFFFFFFFFFFFFF2F
:10717000FFFFFFFFFFFFFFFFFFFFFFFFFFFFFFFF1F
:10718000FFFFFFFFFFFFFFFFFFFFFFFFFFFFFFFF0F
:10719000FFFFFFFFFFFFFFFFFFFFFFFFFFFFFFFFFF
:1071A000FFFFFFFFFFFFFFFFFFFFFFFFFFFFFFFFEF
:1071B000FFFFFFFFFFFFFFFFFFFFFFFFFFFFFFFFDF
:1071C000FFFFFFFFFFFFFFFFFFFFFFFFFFFFFFFFCF
:1071D000FFFFFFFFFFFFFFFFFFFFFFFFFFFFFFFFBF
:1071E000FFFFFFFFFFFFFFFFFFFFFFFFFFFFFFFFAF
:1071F000FFFFFFFFFFFFFFFFFFFFFFFFFFFFFFFF9F
:10720000FFFFFFFFFFFFFFFFFFFFFFFFFFFFFFFF8E
:10721000FFFFFFFFFFFFFFFFFFFFFFFFFFFFFFFF7E
:10722000FFFFFFFFFFFFFFFFFFFFFFFFFFFFFFFF6E
:10723000FFFFFFFFFFFFFFFFFFFFFFFFFFFFFFFF5E
:10724000FFFFFFFFFFFFFFFFFFFFFFFFFFFFFFFF4E
:10725000FFFFFFFFFFFFFFFFFFFFFFFFFFFFFFFF3E
:10726000FFFFFFFFFFFFFFFFFFFFFFFFFFFFFFFF2E
:10727000FFFFFFFFFFFFFFFFFFFFFFFFFFFFFFFF1E
:10728000FFFFFFFFFFFFFFFFFFFFFFFFFFFFFFFF0E
:10729000FFFFFFFFFFFFFFFFFFFFFFFFFFFFFFFFFE
:1072A000FFFFFFFFFFFFFFFFFFFFFFFFFFFFFFFFEE
:1072B000FFFFFFFFFFFFFFFFFFFFFFFFFFFFFFFFDE
:1072C000FFFFFFFFFFFFFFFFFFFFFFFFFFFFFFFFCE
:1072D000FFFFFFFFFFFFFFFFFFFFFFFFFFFFFFFFBE
:1072E000FFFFFFFFFFFFFFFFFFFFFFFFFFFFFFFFAE
:1072F000FFFFFFFFFFFFFFFFFFFFFFFFFFFFFFFF9E
:10730000FFFFFFFFFFFFFFFFFFFFFFFFFFFFFFFF8D
:10731000FFFFFFFFFFFFFFFFFFFFFFFFFFFFFFFF7D
:10732000FFFFFFFFFFFFFFFFFFFFFFFFFFFFFFFF6D
:10733000FFFFFFFFFFFFFFFFFFFFFFFFFFFFFFFF5D
:10734000FFFFFFFFFFFFFFFFFFFFFFFFFFFFFFFF4D
:10735000FFFFFFFFFFFFFFFFFFFFFFFFFFFFFFFF3D
:10736000FFFFFFFFFFFFFFFFFFFFFFFFFFFFFFFF2D
:10737000FFFFFFFFFFFFFFFFFFFFFFFFFFFFFFFF1D
:10738000FFFFFFFFFFFFFFFFFFFFFFFFFFFFFFFF0D
:10739000FFFFFFFFFFFFFFFFFFFFFFFFFFFFFFFFFD
:1073A000FFFFFFFFFFFFFFFFFFFFFFFFFFFFFFFFED
:1073B000FFFFFFFFFFFFFFFFFFFFFFFFFFFFFFFFDD
:1073C000FFFFFFFFFFFFFFFFFFFFFFFFFFFFFFFFCD
:1073D000FFFFFFFFFFFFFFFFFFFFFFFFFFFFFFFFBD
:1073E000FFFFFFFFFFFFFFFFFFFFFFFFFFFFFFFFAD
:1073F000FFFFFFFFFFFFFFFFFFFFFFFFFFFFFFFF9D
:10740000FFFFFFFFFFFFFFFFFFFFFFFFFFFFFFFF8C
:10741000FFFFFFFFFFFFFFFFFFFFFFFFFFFFFFFF7C
:10742000FFFFFFFFFFFFFFFFFFFFFFFFFFFFFFFF6C
:10743000FFFFFFFFFFFFFFFFFFFFFFFFFFFFFFFF5C
:10744000FFFFFFFFFFFFFFFFFFFFFFFFFFFFFFFF4C
:10745000FFFFFFFFFFFFFFFFFFFFFFFFFFFFFFFF3C
:10746000FFFFFFFFFFFFFFFFFFFFFFFFFFFFFFFF2C
:10747000FFFFFFFFFFFFFFFFFFFFFFFFFFFFFFFF1C
:10748000FFFFFFFFFFFFFFFFFFFFFFFFFFFFFFFF0C
:10749000FFFFFFFFFFFFFFFFFFFFFFFFFFFFFFFFFC
:1074A000FFFFFFFFFFFFFFFFFFFFFFFFFFFFFFFFEC
:1074B000FFFFFFFFFFFFFFFFFFFFFFFFFFFFFFFFDC
:1074C000FFFFFFFFFFFFFFFFFFFFFFFFFFFFFFFFCC
:1074D000FFFFFFFFFFFFFFFFFFFFFFFFFFFFFFFFBC
:1074E000FFFFFFFFFFFFFFFFFFFFFFFFFFFFFFFFAC
:1074F000FFFFFFFFFFFFFFFFFFFFFFFFFFFFFFFF9C
:10750000FFFFFFFFFFFFFFFFFFFFFFFFFFFFFFFF8B
:10751000FFFFFFFFFFFFFFFFFFFFFFFFFFFFFFFF7B
:10752000FFFFFFFFFFFFFFFFFFFFFFFFFFFFFFFF6B
:10753000FFFFFFFFFFFFFFFFFFFFFFFFFFFFFFFF5B
:10754000FFFFFFFFFFFFFFFFFFFFFFFFFFFFFFFF4B
:10755000FFFFFFFFFFFFFFFFFFFFFFFFFFFFFFFF3B
:10756000FFFFFFFFFFFFFFFFFFFFFFFFFFFFFFFF2B
:10757000FFFFFFFFFFFFFFFFFFFFFFFFFFFFFFFF1B
:10758000FFFFFFFFFFFFFFFFFFFFFFFFFFFFFFFF0B
:10759000FFFFFFFFFFFFFFFFFFFFFFFFFFFFFFFFFB
:1075A000FFFFFFFFFFFFFFFFFFFFFFFFFFFFFFFFEB
:1075B000FFFFFFFFFFFFFFFFFFFFFFFFFFFFFFFFDB
:1075C000FFFFFFFFFFFFFFFFFFFFFFFFFFFFFFFFCB
:1075D000FFFFFFFFFFFFFFFFFFFFFFFFFFFFFFFFBB
:1075E000FFFFFFFFFFFFFFFFFFFFFFFFFFFFFFFFAB
:1075F000FFFFFFFFFFFFFFFFFFFFFFFFFFFFFFFF9B
:10760000FFFFFFFFFFFFFFFFFFFFFFFFFFFFFFFF8A
:10761000FFFFFFFFFFFFFFFFFFFFFFFFFFFFFFFF7A
:10762000FFFFFFFFFFFFFFFFFFFFFFFFFFFFFFFF6A
:10763000FFFFFFFFFFFFFFFFFFFFFFFFFFFFFFFF5A
:10764000FFFFFFFFFFFFFFFFFFFFFFFFFFFFFFFF4A
:10765000FFFFFFFFFFFFFFFFFFFFFFFFFFFFFFFF3A
:10766000FFFFFFFFFFFFFFFFFFFFFFFFFFFFFFFF2A
:10767000FFFFFFFFFFFFFFFFFFFFFFFFFFFFFFFF1A
:10768000FFFFFFFFFFFFFFFFFFFFFFFFFFFFFFFF0A
:10769000FFFFFFFFFFFFFFFFFFFFFFFFFFFFFFFFFA
:1076A000FFFFFFFFFFFFFFFFFFFFFFFFFFFFFFFFEA
:1076B000FFFFFFFFFFFFFFFFFFFFFFFFFFFFFFFFDA
:1076C000FFFFFFFFFFFFFFFFFFFFFFFFFFFFFFFFCA
:1076D000FFFFFFFFFFFFFFFFFFFFFFFFFFFFFFFFBA
:1076E000FFFFFFFFFFFFFFFFFFFFFFFFFFFFFFFFAA
:1076F000FFFFFFFFFFFFFFFFFFFFFFFFFFFFFFFF9A
:10770000FFFFFFFFFFFFFFFFFFFFFFFFFFFFFFFF89
:10771000FFFFFFFFFFFFFFFFFFFFFFFFFFFFFFFF79
:10772000FFFFFFFFFFFFFFFFFFFFFFFFFFFFFFFF69
:10773000FFFFFFFFFFFFFFFFFFFFFFFFFFFFFFFF59
:10774000FFFFFFFFFFFFFFFFFFFFFFFFFFFFFFFF49
:10775000FFFFFFFFFFFFFFFFFFFFFFFFFFFFFFFF39
:10776000FFFFFFFFFFFFFFFFFFFFFFFFFFFFFFFF29
:10777000FFFFFFFFFFFFFFFFFFFFFFFFFFFFFFFF19
:10778000FFFFFFFFFFFFFFFFFFFFFFFFFFFFFFFF09
:10779000FFFFFFFFFFFFFFFFFFFFFFFFFFFFFFFFF9
:1077A000FFFFFFFFFFFFFFFFFFFFFFFFFFFFFFFFE9
:1077B000FFFFFFFFFFFFFFFFFFFFFFFFFFFFFFFFD9
:1077C000FFFFFFFFFFFFFFFFFFFFFFFFFFFFFFFFC9
:1077D000FFFFFFFFFFFFFFFFFFFFFFFFFFFFFFFFB9
:1077E000FFFFFFFFFFFFFFFFFFFFFFFFFFFFFFFFA9
:1077F000FFFFFFFFFFFFFFFFFFFFFFFFFFFFFFFF99
:10780000FFFFFFFFFFFFFFFFFFFFFFFFFFFFFFFF88
:10781000FFFFFFFFFFFFFFFFFFFFFFFFFFFFFFFF78
:10782000FFFFFFFFFFFFFFFFFFFFFFFFFFFFFFFF68
:10783000FFFFFFFFFFFFFFFFFFFFFFFFFFFFFFFF58
:10784000FFFFFFFFFFFFFFFFFFFFFFFFFFFFFFFF48
:10785000FFFFFFFFFFFFFFFFFFFFFFFFFFFFFFFF38
:10786000FFFFFFFFFFFFFFFFFFFFFFFFFFFFFFFF28
:10787000FFFFFFFFFFFFFFFFFFFFFFFFFFFFFFFF18
:10788000FFFFFFFFFFFFFFFFFFFFFFFFFFFFFFFF08
:10789000FFFFFFFFFFFFFFFFFFFFFFFFFFFFFFFFF8
:1078A000FFFFFFFFFFFFFFFFFFFFFFFFFFFFFFFFE8
:1078B000FFFFFFFFFFFFFFFFFFFFFFFFFFFFFFFFD8
:1078C000FFFFFFFFFFFFFFFFFFFFFFFFFFFFFFFFC8
:1078D000FFFFFFFFFFFFFFFFFFFFFFFFFFFFFFFFB8
:1078E000FFFFFFFFFFFFFFFFFFFFFFFFFFFFFFFFA8
:1078F000FFFFFFFFFFFFFFFFFFFFFFFFFFFFFFFF98
:10790000FFFFFFFFFFFFFFFFFFFFFFFFFFFFFFFF87
:10791000FFFFFFFFFFFFFFFFFFFFFFFFFFFFFFFF77
:10792000FFFFFFFFFFFFFFFFFFFFFFFFFFFFFFFF67
:10793000FFFFFFFFFFFFFFFFFFFFFFFFFFFFFFFF57
:10794000FFFFFFFFFFFFFFFFFFFFFFFFFFFFFFFF47
:10795000FFFFFFFFFFFFFFFFFFFFFFFFFFFFFFFF37
:10796000FFFFFFFFFFFFFFFFFFFFFFFFFFFFFFFF27
:10797000FFFFFFFFFFFFFFFFFFFFFFFFFFFFFFFF17
:10798000FFFFFFFFFFFFFFFFFFFFFFFFFFFFFFFF07
:10799000FFFFFFFFFFFFFFFFFFFFFFFFFFFFFFFFF7
:1079A000FFFFFFFFFFFFFFFFFFFFFFFFFFFFFFFFE7
:1079B000FFFFFFFFFFFFFFFFFFFFFFFFFFFFFFFFD7
:1079C000FFFFFFFFFFFFFFFFFFFFFFFFFFFFFFFFC7
:1079D000FFFFFFFFFFFFFFFFFFFFFFFFFFFFFFFFB7
:1079E000FFFFFFFFFFFFFFFFFFFFFFFFFFFFFFFFA7
:1079F000FFFFFFFFFFFFFFFFFFFFFFFFFFFFFFFF97
:107A0000FFFFFFFFFFFFFFFFFFFFFFFFFFFFFFFF86
:107A1000FFFFFFFFFFFFFFFFFFFFFFFFFFFFFFFF76
:107A2000FFFFFFFFFFFFFFFFFFFFFFFFFFFFFFFF66
:107A3000FFFFFFFFFFFFFFFFFFFFFFFFFFFFFFFF56
:107A4000FFFFFFFFFFFFFFFFFFFFFFFFFFFFFFFF46
:107A5000FFFFFFFFFFFFFFFFFFFFFFFFFFFFFFFF36
:107A6000FFFFFFFFFFFFFFFFFFFFFFFFFFFFFFFF26
:107A7000FFFFFFFFFFFFFFFFFFFFFFFFFFFFFFFF16
:107A8000FFFFFFFFFFFFFFFFFFFFFFFFFFFFFFFF06
:107A9000FFFFFFFFFFFFFFFFFFFFFFFFFFFFFFFFF6
:107AA000FFFFFFFFFFFFFFFFFFFFFFFFFFFFFFFFE6
:107AB000FFFFFFFFFFFFFFFFFFFFFFFFFFFFFFFFD6
:107AC000FFFFFFFFFFFFFFFFFFFFFFFFFFFFFFFFC6
:107AD000FFFFFFFFFFFFFFFFFFFFFFFFFFFFFFFFB6
:107AE000FFFFFFFFFFFFFFFFFFFFFFFFFFFFFFFFA6
:107AF000FFFFFFFFFFFFFFFFFFFFFFFFFFFFFFFF96
:107B0000FFFFFFFFFFFFFFFFFFFFFFFFFFFFFFFF85
:107B1000FFFFFFFFFFFFFFFFFFFFFFFFFFFFFFFF75
:107B2000FFFFFFFFFFFFFFFFFFFFFFFFFFFFFFFF65
:107B3000FFFFFFFFFFFFFFFFFFFFFFFFFFFFFFFF55
:107B4000FFFFFFFFFFFFFFFFFFFFFFFFFFFFFFFF45
:107B5000FFFFFFFFFFFFFFFFFFFFFFFFFFFFFFFF35
:107B6000FFFFFFFFFFFFFFFFFFFFFFFFFFFFFFFF25
:107B7000FFFFFFFFFFFFFFFFFFFFFFFFFFFFFFFF15
:107B8000FFFFFFFFFFFFFFFFFFFFFFFFFFFFFFFF05
:107B9000FFFFFFFFFFFFFFFFFFFFFFFFFFFFFFFFF5
:107BA000FFFFFFFFFFFFFFFFFFFFFFFFFFFFFFFFE5
:107BB000FFFFFFFFFFFFFFFFFFFFFFFFFFFFFFFFD5
:107BC000FFFFFFFFFFFFFFFFFFFFFFFFFFFFFFFFC5
:107BD000FFFFFFFFFFFFFFFFFFFFFFFFFFFFFFFFB5
:107BE000FFFFFFFFFFFFFFFFFFFFFFFFFFFFFFFFA5
:107BF000FFFFFFFFFFFFFFFFFFFFFFFFFFFFFFFF95
:107C00007FE97FE9FBF7FEBE7FE97FE9FBF70CBF69
:107C10007FE97FE9FBF73EBF7FE97FE9FBF72CBFF8
:107C20007FE97FE9FBF712BF0000000000000000C1
:107C30000000000000000000000000000000000044
:107C40000090005000000000183701000400000000
:107C50000000000000000000000000000000000024
:107C600000000000FC1100209C11002044030100D2
:107C700090ED00E000A003507FA60350009000505C
:107C80006F9500504D5F0100495F0100635E010088
:107C9000D81000200811002000110020FC10002046
:107CA000F81000205D4B0100514B0100454B0100D5
:107CB00000000000694B0100341100202C1100204D
:107CC00024110020000000001C110020754C010050
:107CD000C14B0100F54B01003D4C01005425002033
:107CE0003A00003A582500203A00003A5C2500206E
:107CF0003A00003A602500203A00003A00000000F7
:107D00000000000000000000000000000000000073
:107D10000000000000000000000000000000000063
:107D20000000000000000000000000000000000053
:107D30000000000000000000000000000000000043
:107D40000000000000000000000000000000000033
:107D5000000000000000000000000000FFFFFFFF27
:107D6000FFFFFFFFFFFFFFFFFFFFFFFFFFFFFFFF23
:107D7000FFFFFFFFFFFFFFFFFFFFFFFFFFFFFFFF13
:107D8000FFFFFFFFFFFFFFFFFFFFFFFFFFFFFFFF03
:107D9000FFFFFFFFFFFFFFFFFFFFFFFFFFFFFFFFF3
:107DA000FFFFFFFFFFFFFFFFFFFFFFFFFFFFFFFFE3
:107DB000FFFFFFFFFFFFFFFFFFFFFFFFFFFFFFFFD3
:107DC000FFFFFFFFFFFFFFFFFFFFFFFFFFFFFFFFC3
:107DD000FFFFFFFFFFFFFFFFFFFFFFFFFFFFFFFFB3
:107DE000FFFFFFFFFFFFFFFFFFFFFFFFFFFFFFFFA3
:107DF000FFFFFFFFFFFFFFFFFFFFFFFFFFFFFFFF93
:107E0000FFFFFFFFFFFFFFFFFFFFFFFFFFFFFFFF82
:107E1000FFFFFFFFFFFFFFFFFFFFFFFFFFFFFFFF72
:107E2000FFFFFFFFFFFFFFFFFFFFFFFFFFFFFFFF62
:107E3000FFFFFFFFFFFFFFFFFFFFFFFFFFFFFFFF52
:107E4000FFFFFFFFFFFFFFFFFFFFFFFFFFFFFFFF42
:107E5000FFFFFFFFFFFFFFFFFFFFFFFFFFFFFFFF32
:107E6000FFFFFFFFFFFFFFFFFFFFFFFFFFFFFFFF22
:107E7000FFFFFFFFFFFFFFFFFFFFFFFFFFFFFFFF12
:107E8000FFFFFFFFFFFFFFFFFFFFFFFFFFFFFFFF02
:107E9000FFFFFFFFFFFFFFFFFFFFFFFFFFFFFFFFF2
:107EA000FFFFFFFFFFFFFFFFFFFFFFFFFFFFFFFFE2
:107EB000FFFFFFFFFFFFFFFFFFFFFFFFFFFFFFFFD2
:107EC000FFFFFFFFFFFFFFFFFFFFFFFFFFFFFFFFC2
:107ED000FFFFFFFFFFFFFFFFFFFFFFFFFFFFFFFFB2
:107EE000FFFFFFFFFFFFFFFFFFFFFFFFFFFFFFFFA2
:107EF000FFFFFFFFFFFFFFFFFFFFFFFFFFFFFFFF92
:107F0000FFFFFFFFFFFFFFFFFFFFFFFFFFFFFFFF81
:107F1000FFFFFFFFFFFFFFFFFFFFFFFFFFFFFFFF71
:107F2000FFFFFFFFFFFFFFFFFFFFFFFFFFFFFFFF61
:107F3000FFFFFFFFFFFFFFFFFFFFFFFFFFFFFFFF51
:107F4000FFFFFFFFFFFFFFFFFFFFFFFFFFFFFFFF41
:107F5000FFFFFFFFFFFFFFFFFFFFFFFFFFFFFFFF31
:107F6000FFFFFFFFFFFFFFFFFFFFFFFFFFFFFFFF21
:107F7000FFFFFFFFFFFFFFFFFFFFFFFFFFFFFFFF11
:107F8000FFFFFFFFFFFFFFFFFFFFFFFFFFFFFFFF01
:107F9000FFFFFFFFFFFFFFFFFFFFFFFFFFFFFFFFF1
:107FA000FFFFFFFFFFFFFFFFFFFFFFFFFFFFFFFFE1
:107FB000FFFFFFFFFFFFFFFFFFFFFFFFFFFFFFFFD1
:107FC000FFFFFFFFFFFFFFFFFFFFFFFFFFFFFFFFC1
:107FD000FFFFFFFFFFFFFFFFFFFFFFFFFFFFFFFFB1
:107FE000FFFFFFFFFFFFFFFFFFFFFFFFFFFFFFFFA1
:107FF000FFFFFFFFFFFFFFFFFFFFFFFFFFFFFFFF91
:1080000070120120C1AF01009FAE0200ADAF0100B0
:10801000ADAF0100ADAF0100ADAF0100ADAF0100EC
:10802000000000000000000000000000B1B10100ED
:10803000ADAF01000000000069B10100ADAF01006B
:1080400061B3010061B3010061B3010061B30100DC
:1080500061B3010061B3010061B3010061B30100CC
:1080600061B3010061B3010061B3010061B30100BC
:1080700061B3010061B3010061B3010061B30100AC
:1080800061B3010061B3010061B3010061B301009C
:1080900061B3010061B3010061B3010061B301008C
:1080A00061B3010061B3010061B3010061B301007C
:1080B00061B3010061B3010061B3010061B301006C
:1080C00061B3010061B3010061B3010061B301005C
:1080D00061B3010061B3010061B3010061B301004C
:1080E00061B3010061B3010061B3010061B301003C
:1080F00061B3010061B3010061B3010061B301002C
:1081000061B3010061B3010061B3010061B301001B
:1081100061B3010061B3010061B3010061B301000B
:1081200061B3010061B3010061B3010061B30100FB
:1081300061B3010061B3010061B3010061B30100EB
:1081400061B30100FFFFFFFF4FF0FF0C1CEAD052AC
:108150001EBF1CEAD15392EA0C0F93EA0C0F6FD0AA
:108160001A4480EA010C400218BF5FEA41211ED088
:108170004FF0006343EA501043EA5111A0FB013174
:108180000CF00040B1F5000F3EBF490041EAD37149
:108190005B0040EA010062F17F02FD2A1DD8B3F1C5
:1081A000004F40EBC25008BF20F00100704790F034
:1081B000000F0CF0004C08BF49024CEA502040EA86
:1081C00051207F3AC2BFD2F1FF0340EAC25070474C
:1081D00040F400004FF00003013A5DDC12F1190F8A
:1081E000DCBF00F000407047C2F10002410021FAFC
:1081F00002F1C2F1200200FA02FC5FEA310040F114
:10820000000053EA4C0308BF20EADC70704792F08C
:10821000000F00F0004C02BF400010F4000F013AC4
:10822000F9D040EA0C0093F0000F01F0004C02BFBF
:10823000490011F4000F013BF9D041EA0C018FE72E
:108240000CEAD15392EA0C0F18BF93EA0C0F0AD034
:1082500030F0004C18BF31F0004CD8D180EA01005A
:1082600000F00040704790F0000F17BF90F0004FF3
:10827000084691F0000F91F0004F14D092EA0C0FD5
:1082800001D142020FD193EA0C0F03D14B0218BF68
:10829000084608D180EA010000F0004040F0FE40AE
:1082A00040F40000704740F0FE4040F4400070474A
:1082B00081F0004102E000BF83F0004330B54FEA97
:1082C00041044FEA430594EA050F08BF90EA020F04
:1082D0001FBF54EA000C55EA020C7FEA645C7FEA97
:1082E000655C00F0E2804FEA5454D4EB5555B8BFBA
:1082F0006D420CDD2C4480EA020281EA030382EA2B
:10830000000083EA010180EA020281EA0303362DBC
:1083100088BF30BD11F0004F4FEA01314FF4801C8F
:108320004CEA113102D0404261EB410113F0004FA1
:108330004FEA03334CEA133302D0524263EB430358
:1083400094EA050F00F0A780A4F10104D5F1200EF6
:108350000DDB02FA0EFC22FA05F2801841F1000151
:1083600003FA0EF2801843FA05F359410EE0A5F125
:1083700020050EF1200E012A03FA0EFC28BF4CF056
:10838000020C43FA05F3C01851EBE37101F000450C
:1083900007D54FF0000EDCF1000C7EEB00006EEB19
:1083A0000101B1F5801F1BD3B1F5001F0CD34908A3
:1083B0005FEA30004FEA3C0C04F101044FEA4452FA
:1083C00012F5800F80F09A80BCF1004F08BF5FEA81
:1083D000500C50F1000041EB045141EA050130BD61
:1083E0005FEA4C0C404141EB0101013C28BFB1F573
:1083F000801FE9D291F0000F04BF01460020B1FABE
:1084000081F308BF2033A3F10B03B3F120020CDA90
:108410000C3208DD02F1140CC2F10C0201FA0CF06E
:1084200021FA02F10CE002F11402D8BFC2F1200CD3
:1084300001FA02F120FA0CFCDCBF41EA0C01904089
:10844000E41AA2BF01EB0451294330BD6FEA0404D2
:108450001F3C1CDA0C340EDC04F11404C4F12002BD
:1084600020FA04F001FA02F340EA030021FA04F3CF
:1084700045EA030130BDC4F10C04C4F1200220FA26
:1084800002F001FA04F340EA0300294630BD21FA64
:1084900004F0294630BD94F0000F83F4801306BF2A
:1084A00081F480110134013D4EE77FEA645C18BF1E
:1084B0007FEA655C29D094EA050F08BF90EA020FB5
:1084C00005D054EA000C04BF1946104630BD91EAAD
:1084D000030F1EBF0021002030BD5FEA545C05D1B0
:1084E0004000494128BF41F0004130BD14F58004EF
:1084F0003CBF01F5801130BD01F0004545F0FE4163
:1085000041F470014FF0000030BD7FEA645C1ABF97
:10851000194610467FEA655C1CBF0B46024650EACE
:10852000013406BF52EA033591EA030F41F40021FA
:1085300030BD00BF90F0000F04BF0021704730B580
:108540004FF4806404F132044FF000054FF0000155
:1085500050E700BF90F0000F04BF0021704730B516
:108560004FF4806404F1320410F0004548BF4042EB
:108570004FF000013EE700BF42004FEAE2014FEA40
:1085800031014FEA02701FBF12F07F4393F07F4F1B
:1085900081F06051704732F07F4208BF704793F01E
:1085A0007F4F04BF41F40021704730B54FF4607431
:1085B00001F0004521F000411CE700BF50EA010234
:1085C00008BF704730B54FF000050AE050EA0102DD
:1085D00008BF704730B511F0004502D5404261EB4D
:1085E00041014FF4806404F132045FEA915C3FF48E
:1085F000D8AE4FF003025FEADC0C18BF03325FEA2B
:10860000DC0C18BF033202EBDC02C2F1200300FADB
:1086100003FC20FA02F001FA03FE40EA0E0021FA00
:1086200002F11444BDE600BF70B54FF0FF0C4CF4EE
:10863000E06C1CEA11541DBF1CEA135594EA0C0FA0
:1086400095EA0C0F00F0DEF82C4481EA030621EADB
:108650004C5123EA4C5350EA013518BF52EA033516
:1086600041F4801143F4801338D0A0FB02CE4FF0C8
:108670000005E1FB02E506F00042E0FB03E54FF0F8
:108680000006E1FB03569CF0000F18BF4EF0010EF0
:10869000A4F1FF04B6F5007F64F5407404D25FEAEC
:1086A0004E0E6D4146EB060642EAC62141EA55519F
:1086B0004FEAC52040EA5E504FEACE2EB4F1FD0CE1
:1086C00088BFBCF5E06F1ED8BEF1004F08BF5FEA5F
:1086D000500E50F1000041EB045170BD06F0004611
:1086E00046EA010140EA020081EA0301B4EB5C04BE
:1086F000C2BFD4EB0C0541EA045170BD41F48011B6
:108700004FF0000E013C00F3AB8014F1360FDEBFDA
:10871000002001F0004170BDC4F10004203C35DAB6
:108720000C341BDC04F11404C4F1200500FA05F339
:1087300020FA04F001FA05F240EA020001F00042DA
:1087400021F0004110EBD37021FA04F642EB060150
:108750005EEA430E08BF20EAD37070BDC4F10C047A
:10876000C4F1200500FA04F320FA05F001FA04F23E
:1087700040EA020001F0004110EBD37041F100012A
:108780005EEA430E08BF20EAD37070BDC4F1200535
:1087900000FA05F24EEA020E20FA04F301FA05F29D
:1087A00043EA020321FA04F001F0004121FA04F245
:1087B00020EA020000EBD3705EEA430E08BF20EA15
:1087C000D37070BD94F0000F0FD101F0004640004F
:1087D00041EB010111F4801F08BF013CF7D041EAD1
:1087E000060195F0000F18BF704703F000465200D5
:1087F00043EB030313F4801F08BF013DF7D043EAA6
:108800000603704794EA0C0F0CEA135518BF95EA5B
:108810000C0F0CD050EA410618BF52EA4306D1D1E2
:1088200081EA030101F000414FF0000070BD50EA01
:10883000410606BF1046194652EA430619D094EA8B
:108840000C0F02D150EA013613D195EA0C0F05D175
:1088500052EA03361CBF104619460AD181EA0301C9
:1088600001F0004141F0FE4141F470014FF0000081
:1088700070BD41F0FE4141F4780170BD70B54FF01C
:10888000FF0C4CF4E06C1CEA11541DBF1CEA13559C
:1088900094EA0C0F95EA0C0F00F0A7F8A4EB05047E
:1088A00081EA030E52EA03354FEA013100F0888075
:1088B0004FEA03334FF0805545EA131343EA12633E
:1088C0004FEA022245EA111545EA10654FEA0026F3
:1088D0000EF000419D4208BF964244F1FD0404F5AC
:1088E000407402D25B084FEA3202B61A65EB030508
:1088F0005B084FEA32024FF480104FF4002CB6EBC5
:10890000020E75EB030E22BFB61A754640EA0C0044
:108910005B084FEA3202B6EB020E75EB030E22BF84
:10892000B61A754640EA5C005B084FEA3202B6EBC5
:10893000020E75EB030E22BFB61A754640EA9C0084
:108940005B084FEA3202B6EB020E75EB030E22BF54
:10895000B61A754640EADC0055EA060E18D04FEA12
:10896000051545EA16754FEA06164FEAC30343EAB2
:1089700052734FEAC2025FEA1C1CC0D111F4801F7F
:108980000BD141EA00014FF000004FF0004CB6E778
:1089900011F4801F04BF01430020B4F1FD0C88BF17
:1089A000BCF5E06F3FF6AFAEB5EB030C04BFB6EB22
:1089B000020C5FEA500C50F1000041EB045170BD15
:1089C0000EF0004E4EEA113114EB5C04C2BFD4EB42
:1089D0000C0541EA045170BD41F480114FF0000EC6
:1089E000013C90E645EA060E8DE60CEA135594EA42
:1089F0000C0F08BF95EA0C0F3FF43BAF94EA0C0F45
:108A00000AD150EA01347FF434AF95EA0C0F7FF4B9
:108A100025AF104619462CE795EA0C0F06D152EA0D
:108A200003353FF4FDAE1046194622E750EA4106F1
:108A300018BF52EA43067FF4C5AE50EA41047FF402
:108A40000DAF52EA43057FF4EBAE12E74FF0FF3C67
:108A500006E000BF4FF0010C02E000BF4FF0010C38
:108A60004DF804CD4FEA410C7FEA6C5C4FEA430CB1
:108A700018BF7FEA6C5C1BD001B050EA410C0CBF00
:108A800052EA430C91EA030F02BF90EA020F002062
:108A9000704710F1000F91EA030F58BF994208BFC9
:108AA00090422CBFD8176FEAE37040F00100704786
:108AB0004FEA410C7FEA6C5C02D150EA013C07D1DD
:108AC0004FEA430C7FEA6C5CD6D152EA033CD3D028
:108AD0005DF8040B704700BF8446104662468C4622
:108AE0001946634600E000BF01B5FFF7B7FF002855
:108AF00048BF10F1000F01BD4DF808EDFFF7F4FF7E
:108B00000CBF012000205DF808FB00BF4DF808ED08
:108B1000FFF7EAFF34BF012000205DF808FB00BF2B
:108B20004DF808EDFFF7E0FF94BF012000205DF84D
:108B300008FB00BF4DF808EDFFF7CEFF94BF012002
:108B400000205DF808FB00BF4DF808EDFFF7C4FFFB
:108B500034BF012000205DF808FB00BF4FEA41024E
:108B6000B2F1E04324BFB3F5001CDCF1FE5C0DD98B
:108B700001F0004C4FEAC0024CEA5070B2F1004FD5
:108B800040EB830008BF20F00100704711F0804FD8
:108B900021D113F13872BCBF01F00040704741F49D
:108BA00080114FEA5252C2F11802C2F1200C10FAA1
:108BB0000CF320FA02F018BF40F001004FEAC12385
:108BC0004FEAD32303FA0CFC40EA0C0023FA02F329
:108BD0004FEA4303CCE77FEA625307D150EA0133FF
:108BE0001EBF4FF0FE4040F44000704701F00040CF
:108BF00040F0FE4040F40000704700BF80F00040AD
:108C000002E000BF81F0004142001FBF5FEA410364
:108C100092EA030F7FEA226C7FEA236C6AD04FEA64
:108C20001262D2EB1363C1BFD218414048404140A9
:108C3000B8BF5B42192B88BF704710F0004F40F45B
:108C4000000020F07F4018BF404211F0004F41F477
:108C5000000121F07F4118BF494292EA030F3FD043
:108C6000A2F1010241FA03FC10EB0C00C3F1200356
:108C700001FA03F100F0004302D5494260EB4000E5
:108C8000B0F5000F13D3B0F1807F06D340084FEA50
:108C9000310102F10102FE2A51D2B1F1004F40EB45
:108CA000C25008BF20F0010040EA030070474900AD
:108CB00040EB0000013A28BFB0F5000FEDD2B0FA4A
:108CC00080FCACF1080CB2EB0C0200FA0CF0AABF6D
:108CD00000EBC25052421843BCBFD040184370470B
:108CE00092F0000F81F4000106BF80F40000013211
:108CF000013BB5E74FEA41037FEA226C18BF7FEAE8
:108D0000236C21D092EA030F04D092F0000F08BF29
:108D10000846704790EA010F1CBF0020704712F010
:108D20007F4F04D1400028BF40F00040704712F14F
:108D300000723CBF00F50000704700F0004343F0B4
:108D4000FE4040F4000070477FEA226216BF0846EA
:108D50007FEA23630146420206BF5FEA412390EAAD
:108D6000010F40F4800070474FF0000304E000BFA3
:108D700010F0004348BF40425FEA000C08BF704754
:108D800043F0964301464FF000001CE050EA010218
:108D900008BF70474FF000030AE000BF50EA01022D
:108DA00008BF704711F0004302D5404261EB41011A
:108DB0005FEA010C02BF84460146002043F0B6433F
:108DC00008BFA3F18053A3F50003BCFA8CF2083A64
:108DD000A3EBC25310DB01FA02FC634400FA02FC6D
:108DE000C2F12002BCF1004F20FA02F243EB020074
:108DF00008BF20F00100704702F1200201FA02FCD6
:108E0000C2F1200250EA4C0021FA02F243EB0200C8
:108E100008BF20EADC70704753B94AB9002908BF7F
:108E200000281CBF4FF0FF314FF0FF3000F00CB8AE
:108E3000ADF1080C6DE904CE00F022F8DDF804E095
:108E4000DDE9022304B07047704700BF10F8012B22
:108E500011F8013B012A28BF9A42F7D0D01A704777
:108E6000034611F8012B03F8012B002AF9D17047B2
:108E7000034613F8012B002AFBD1181A013870475A
:108E80002DE9F04786468C460846089E15467446EE
:108E90001946002B40F0C1808542B2FA82F245D9D2
:108EA0004AB1C2F1200300FA02FC954094402EFA28
:108EB00003F343EA0C0C4FEA154EA8B2230CBCFB9B
:108EC000FEF80EFB18CC08FB00F943EA0C43994569
:108ED00028D9EB1808F1FF3704D2994502D9A8F137
:108EE00002072B44A3EB0903A4B2B3FBFEFC0EFB69
:108EF0001C330CFB00F044EA0344A04214D92C19A3
:108F00000CF1FF3304D2A04202D9ACF102032C448D
:108F1000241A43EA07401EB1D44000233460736032
:108F2000BDE8F0874746DDE76346F1E792BB431BA8
:108F300001214FEA154EAFB2200CB3FBFEFC0EFB35
:108F40001C330CFB07F840EA0343984561D9EB1842
:108F50000CF1FF3004D2984502D9ACF102002B4449
:108F6000A3EB0803A4B2B3FBFEFC0EFB1C330CFB0B
:108F700007F744EA0344A7424DD92C190CF1FF33FB
:108F800004D2A74202D9ACF102032C44E41B43EA09
:108F90000040C0E7C2F120039540944020FA03F15D
:108FA0002EFA03F34FEA154E9040AFB20343B1FBE4
:108FB000FEFC0EFB1C10190C0CFB07F841EA0041EB
:108FC000884522D969180CF1FF3004D2884502D9AE
:108FD000ACF102002944A1EB08019BB2B1FBFEFCFD
:108FE0000EFB1C110CFB07F743EA01439F420ED90D
:108FF000EB180CF1FF3104D29F4202D9ACF102010F
:109000002B44DB1B41EA004193E76046E3E76146FE
:10901000F7E76046A4E76346B8E7834206D916B986
:10902000002108467CE7C6E900E0F9E7B3FA83F7D8
:109030008FB9834201D3724508D8BEEB020460EBBE
:10904000030301209C461EB9002169E73846FAE770
:10905000C6E9004CF8E7C7F1200CBB400EFA07F553
:1090600022FA0CF42EFA0CF1BA401C4320FA0CF34D
:10907000B8404FEA144901431FFA84FEB3FBF9F8E4
:1090800009FB18300B0C08FB0EFA43EA00439A4523
:1090900040D9E31808F1FF3004D29A4502D9A8F16B
:1090A00002002344A3EB0A0389B2B3FBF9F809FBDE
:1090B000183308FB0EFE41EA03418E452CD9611896
:1090C00008F1FF3304D28E4502D9A8F102032144EE
:1090D00043EA0040A1EB0E01A0FB02984145CE46B9
:1090E000434602D306D14D4504D20138B9EB020EF6
:1090F00068EB0403002EA7D0B5EB0E0261EB030171
:1091000001FA0CFC22FA07F3F9404CEA0303C6E922
:10911000003199E74046C5E74346D9E70000000023
:109120002DE9F041984605238AB00C4617460146C2
:10913000029340B95A49C0225A4811F0D2FCC021CA
:10914000574811F0C5FC34B95549C122554811F0B2
:10915000C8FCC121F4E705A806F00CFB30B150496A
:10916000C622504811F0BDFCC621E9E7012101AA41
:1091700005A813F03BF8054640B1024645214A4890
:1091800011F057FD28460AB0BDE8F081019BABB154
:10919000042B19D0052B0CBF0923FF2323700321B7
:1091A00002AB03AA05A813F024F8064670B14521C6
:1091B00002463E4811F03DFD3546E3E7002300201E
:1091C00023706060A060DDE70723E7E7029B002BC8
:1091D000F4D003A93846FFF743FE0222314603A824
:1091E0000FF0D2FA2378C2B2092B08D0072B0FD088
:1091F0002B498F222B4811F074FC8F21A0E70F2AF6
:1092000025D92749A422274811F06BFCA42197E710
:109210000F2AF6D8264B274F33F81200E0B1FFF79C
:1092200099F91DA3D3E90023FFF7FEF9FFF796FC98
:10923000052360600293042102AB03AA05A812F083
:10924000D8FF064650B1024645211B48B2E71B4BEA
:109250001B4F33F81200E1E71A48E9E703A940463B
:10926000FFF7FEFD0222314603A80FF08DFAC0B2CF
:109270000F2808D90A4940F21B120A4811F031FCA4
:1092800040F21B115CE70130C0B2FFF771FD3946B7
:10929000FEF75AFF96E700BF7B14AE47E17A244001
:1092A000DF1F0300A7F90200132003003A20030088
:1092B00044F902000AD7A33F6B20030024F90200FF
:1092C0000AD723400AD7A340002208B50A4BD3E8A7
:1092D000EF1F814204D1C3E8EC2FBCF1000FF6D19F
:1092E00008D0064906483A2211F0FBFB3A21034810
:1092F00011F0EEFB08BD00BF34D700207AF9020060
:10930000A7F9020070B500220546204BD3E8EF1FF5
:10931000914203D1C3E8E02F0028F7D106D05721AE
:109320001B4811F086FC0024204670BD194C2368B0
:10933000DBB1206811F098FD064600B3206814F0F8
:1093400055FE0023324645211348236011F071FC7D
:1093500011F046FE092011F058FE04460028E2D024
:1093600045210E4811F065FCDEE74FF40C7014F057
:1093700044FE20600028DCD16FF00D04D4E72368A0
:1093800005F53025C3F81852E2E700BF34D70020B6
:10939000BFF9020030D70020EAF9020005FA020006
:1093A000012010B511F014FE024618B145210948FC
:1093B00011F03FFC084C0020FFF786FF206814F0F6
:1093C00015FE002323604921BDE81040034811F039
:1093D00030BC00BF27FA020030D7002056FA020046
:1093E00013460A4601460248006811F0DBBC00BF84
:1093F00030D70020D3B5037804460C2B30D8DFE8F3
:1094000003F0071820313E2F2F2F2F2F2F2F420030
:10941000037A012B0BD0052B22D12049204811F0D3
:1094200031FB204802B0BDE8D0400CF0E7BC1E493B
:10943000F4E7D0E902121D4802B0BDE8D04011F0B7
:1094400021BBC068FFF798F8064620690F46FFF772
:1094500093F83246CDE900013B46154811F012FB66
:1094600002B0D0BD017A134A134B1448012914BF2E
:109470001146194602B0BDE8D04011F003BBD0E957
:1094800004120F48D8E7437D0193037D0093816860
:10949000D0E903230B4811F0F5FAE1E790FA020056
:1094A000B4FA0200C0CC00207FFA0200D5FA020014
:1094B00009FB0200AEFA0200A4FA02003BFB020024
:1094C00049FB02007BFB02002DE9F34131493248A0
:1094D00011F0D8FA04F0E4FF014638B12F4811F03A
:1094E000D1FA4FF0FF3002B0BDE8F0812C4806F011
:1094F00093F9014608B12B48F1E700F02BFA00F090
:1095000065FC294C294D2A4E23788BB3002328462D
:10951000237011F0B7FA12F0BEFF011E02DA2548DF
:1095200011F0B0FADFF89080244F304611F0AAFA1B
:1095300012F0AEFF011E0DDA404611F0A3FA3846D4
:1095400011F0A0FA12F0A7FF00214FF4F0100DF077
:1095500017FFEAE70DF1070012F0B0FF9DF80730A2
:10956000092B12D1164811F08DFA16480CF046FC62
:109570004FF48032002314480CF07AFC0028C3D149
:1095800005F016F80028BFD0ABE7072B0CBF0F483B
:109590000F48E8E7CCFB0200D2FB0200FCFB020014
:1095A000F59301002BFC0200B6E1002058FC0200FC
:1095B000D5FC0200A7FC02000CFD020035FD0200F4
:1095C0004DFD0200C0CC0020D8CC00206BFD020075
:1095D00086FD020037B50E4D01A9EA69284611F053
:1095E000F6FA019902460B4883685C684FF0FF3336
:1095F000A047044640B102464521074811F019FB37
:109600000021284611F0FFFA204603B030BD00BF0C
:1096100080C5002024E90200B0FD020003464FF49B
:1096200002720948C1685B1AB3FBF2F302FB031133
:10963000D1E8EF3F013BC1E8E23F002AF8D10BB986
:109640000CF00CB8704700BF98CB002007B5002382
:109650000022094801A90BF08FFF58B90122019B94
:10966000D3E8EF1FC3E8E02F0028F9D1019803B039
:109670005DF804FB0020FAE798CB002010B5FFF757
:10968000E5FF014638B945210C4811F0D2FA6FF0D8
:109690000B04204610BD0A484FF40072836808315D
:1096A000DC684CF25033A04704460028F1D0024653
:1096B0004521044811F0BDFAEBE700BFC7FD0200E9
:1096C00024E90200EEFD020013B50B780C46052BD1
:1096D00049D8DFE803F00303204A6A6E89683C48F2
:1096E00011F091FA034648B120783A493A4A0028E5
:1096F00008BF0A464521394811F09BFA344B1A69D4
:109700009B689A4201D0FFF765FF354802B0BDE87B
:1097100010400CF073BB4A684FF40271314BDB68A8
:10972000D21AB2FBF1F201FB0233D3E8EF1F013191
:10973000C3E8E21F002AF8D1D4E9013213440093B0
:10974000E368019300220023694627480CF00EF8D5
:109750000246002838D025484521E36811F069FA0F
:109760006068FFF75BFF02B010BDFFF76FFF0446B4
:1097700030B957211E4802B0BDE8104011F059BA67
:109780001C484FF40072836804F108011B69984774
:1097900002460028E7D01848572111F04AFA20461F
:1097A00002B0BDE81040FFF739BF48680028F7D184
:1097B000D9E70122114BD3E8EF1F002903D1C3E8F9
:1097C000E02F0028F7D1CED10D480CF0FBFDCAE701
:1097D00080C50020CF0C03000DFE020015FE020024
:1097E00020CD002098CB002074CC002031FE020058
:1097F0005BFE020024E9020084FE020038D700204C
:10980000D0CD002070B51249044614F0ABFC0546DB
:1098100020B10220BDE8704000F0A0B920460D49FB
:1098200014F0A0FC60B101220B4B0C4E28461A70BC
:10983000FFF768FD2046756000F034F9306070BDB8
:109840002046074914F08EFC0028F8D00420E1E7F8
:109850009FFE0200A8FE0200B7E3002040D70020D0
:10986000B1FE02002DE9F341324F334C00220023B8
:10987000694638460CF016F888B1304CD4E8AF3F52
:10988000012B09D1FFF7FAFE002849D04FF42472CA
:1098900000232B480CF08AFE02B0BDE8F081294B72
:1098A00000981E78002E38D0BDF8041000F056FA4B
:1098B000254BD3E900239A4206D12448492111F0CF
:1098C000B8F9042000F04AF90098FFF7A7FECDE7A9
:1098D0002046C95C10F0C5FE054640B1042818D0EA
:1098E0000136B3B2DDE900129342F1D3ECE7D4E9DB
:1098F00001324921404611F09CF921896068FFF747
:1099000081FF2946E268606814F0A2FBA56025701B
:10991000E6E70023A3602370E2E7DFF83480E0E7A6
:10992000D4E8EF3F012BB7D1C4E8E20F002AB3D04F
:10993000F6E700BF74CC0020A0C5002038D7002077
:10994000D0CD0020B7E3002040D70020B8FE0200B1
:10995000D2FE02002DE9F04387B0454D284614F0B1
:109960003AF948B94521434811F063F96FF0120400
:10997000204607B0BDE8F083AE68B36A53B128460D
:1099800004A99847044640B1224645213A4811F0BF
:1099900050F9EDE76FF05704F6E7049A374B492189
:1099A0001A609DF81730364802939DF815300193E0
:1099B0009DF8143000939DF8163011F03AF94FF4E9
:1099C0007A7714F023FAB846A0FB070307FB0133AC
:1099D000C00B40EA4344336A43B128469847814666
:1099E00030B93368FBB96FF0570222E06FF05709C6
:1099F00014F00CFAA0FB083207FB0122DB0B43EA50
:109A000042431B1BB3F5FA7F07D94A4645211D483F
:109A100011F00FF96FF00404AAE700214FF4A470CD
:109A20000DF0AEFCD7E702461749114898470246A9
:109A300030B14521154811F0FCF86FF00D0497E79F
:109A4000134BD3E8EF1FC3E8E02F0028F9D1FFF74D
:109A500015FE04460028F0D10E490F480CF01EFDFB
:109A60000E480CF0CBF949210D4811F0E2F87FE7E0
:109A700024E90200EEFE020009FF02003CD70020AC
:109A800022FF020053FF0200C99601006EFF020090
:109A900038D7002065980100D0CD002020CD0020CF
:109AA0008BFF020007B50A4901AA0EF047FD012805
:109AB00008D14921019A074811F0BBF8019803B079
:109AC0005DF804FB5721044811F0B3F8F6E700BF36
:109AD000A9FF0200BBFF0200D7FF020013B503225B
:109AE0000146044601A814F00BFB002301A88DF8E1
:109AF000073014F0B5FA6FF46173C318622B16D8EF
:109B00005721042B11D8DFE803F003080A0C0E00DC
:109B10000B4811F08EF802B010BD0A48F9E70A4868
:109B2000F7E70A48F5E70A48F3E70A48F1E7962815
:109B3000F1D12046FFF7B6FF074B1860EBE700BFF7
:109B4000F7FF02001D00030038000300520003006D
:109B5000710003008600030040D7002008B5114BB8
:109B60001870013803281BD8DFE800F0020B11152C
:109B70000D480CF027FC49210C48BDE8084011F0C5
:109B800058B809480CF01EFC49210948F5E749215D
:109B9000084811F04EF8BDE8084003480CF012BC2C
:109BA00008BD00BFB8E3002048D700209F00030095
:109BB000F400030029010300F8B5534B1B78022B76
:109BC00005D0042B40F09E80002000F071FB0021A6
:109BD0004E4DB5224E48C5E9001114F039FA4D4AF0
:109BE0004D4B164603F10C0153F8040B8B4242F81F
:109BF000040BF9D11B78494C13701523A6F880305B
:109C0000474B00201A689B88C6F88220454AA380EB
:109C1000136804F12007C6F8A23053686362FFF7A7
:109C200071FB024628B1BDE8F84045213E4811F0DD
:109C300000B896F88230D3B93C492046FFF710F9B6
:109C400038463B49FFF70CF907F064FCD32828D0CD
:109C50004521384810F0EDFF4FF0FF3422464921EE
:109C6000354810F0E6FFBDE8F84007F03BBC4FF088
:109C7000FF32B6F88010A4F1820007F019FBC82863
:109C80000CD13946204607F0E3FBE628DCD06FF024
:109C90000C044521294810F0CCFFDFE76FF0710478
:109CA000F7E7012007F05AFCC828044618D04521E0
:109CB000234810F0BEFFE22CD0D1D5E90032492173
:109CC000204810F0B6FFD5E900239A424FF0490131
:109CD00014D11D4810F0ADFF0420FFF73FFFC2E78D
:109CE0001A4807F055FCE228044602D045211848DE
:109CF000D1E74921174810F09CFFDEE7164810F025
:109D000098FFB0E7F8BD00BFB8E3002040D70020BF
:109D1000FDE00020F0E000205901030072E1002086
:109D2000670103006E010300770103009501030042
:109D30009F010300D90103006A020300B50103007B
:109D4000F801030088020300B8FE020018020300B5
:109D50002902030047020300B402030070B5184E45
:109D6000B1F5317F736805460B440C46736004D22D
:109D70000A461448492110F05CFFD6E900329A42A5
:109D80000BD2002221462846FFF72AFBB0B1BDE8DE
:109D9000704045210C4810F04CBFB3F5806F0DD9D1
:109DA000012221462846FFF71BFB18B1492106482E
:109DB00010F03FFFBDE87040FFF7F2BA70BD00BF82
:109DC00040D70020D60203000B03030008B5054965
:109DD000054807F015FCBDE80840044904480CF0AC
:109DE0007FBA00BFDBA60200DD9A0100B99B01002B
:109DF00048D7002070B589B306680122304610F0BC
:109E0000A6FC01460446304610F069FCC30708D49E
:109E10001349AF22134810F064FEAF21104810F030
:109E200057FE2146304610F070FC251829460022C6
:109E3000304610F054FC2D1AAC4206D00849B72227
:109E4000084810F04EFEB721E8E72146304610F0F2
:109E500062FC2146BDE8704010F09EBD70BD00BFA1
:109E600038030300A7F902002DE9F8430F460668FE
:109E70001446B2684B1EB2F5004F34BF04210821CE
:109E80003B4010D0C7F1000909EA0709494503F131
:109E9000FF3028BF494618420CD11F46BCB90025E7
:109EA0002846BDE8F8838F420FD82146BDE8F84325
:109EB00010F0B4BD2C492D484FF4A27210F011FEE1
:109EC0004FF4A271284810F003FE9946E6E7B2EB82
:109ED000D40FE4D9E319591A104610F042FC014698
:109EE000304610F098FC80460028D8D0B36809EBC3
:109EF000C005B3F5004F34BF042308231D44354487
:109F00007B1E1D44B5FBF7F57D43A5EB09052946EE
:109F1000304610F01CFC2C44073424F00704A41B2A
:109F2000804507464FEAE40408D2024641463046DF
:109F300010F0ABFC4146304610F0ECFC39463046A0
:109F400010F0E3FB3844844208D2394630462246BA
:109F500010F09BFC2146304610F0DCFC0122394613
:109F6000304610F0D8FB9BE738030300A7F9020046
:109F7000B2F5802F2DE9F0410CD2042A20D83D49BA
:109F80004FF4F9723C4810F0ACFD4FF4F9713948C8
:109F900010F09EFD0823D21ACC1D114424F00704B2
:109FA00021F00701091B17294FEAD1060AD83149C8
:109FB00040F2FB12304810F094FD40F2FB11E6E74E
:109FC0000423E8E70027046031463046A660E760D6
:109FD00010F0D0FB0121421D8046304610F0C1FB3D
:109FE0009200D51DED082844B0423AD8B8F1FF3FA1
:109FF0003946A2F1100204F11000B8BF3A4614F03D
:10A0000027F82A463946204610F09DFB3B463A4643
:10A010003946204610F06EFBA6EB0508204639466F
:10A02000012210F078FB4246294610F08CFB2B46AB
:10A030003A462946204610F05DFB3146204610F096
:10A0400082FB43463A463146204610F053FB3146E8
:10A050002046012210F05FFB2946BDE8F04110F0D8
:10A0600059BC04494FF40372034810F03AFD4FF411
:10A0700003718CE738030300A7F90200014B1B684A
:10A08000184700BFB0C50020014B1860704700BFE3
:10A09000B0C5002030B585B004460D461022002121
:10A0A000684613F0D5FF02238DF80230044B2A4690
:10A0B0002146684601930EF0EDFC05B030BD00BFAF
:10A0C0007DA0010080B505460E46174698460DF066
:10A0D00085F9034614F090FB0446DFF818904246D9
:10A0E00049F8003039463046A84754F8090000F0D6
:10A0F000E1FF00BF0800000000B5162214F07CFB51
:10A10000024B1A504FF0FF305DF804FB0C000000CA
:10A110000F2800B508D914F06FFB0922074B1A501D
:10A120004FF0FF305DF804FB3022054B02FB00339B
:10A13000D3E8AF3F002BEED00020F3E70C00000087
:10A14000BCC500203023434330B50D4908330B44D0
:10A15000D3E8AF2F92B1541ED3E8EF5F954204D1FC
:10A16000C3E8EC4FBCF1000FF6D1F1D1012A05D1C3
:10A170003023584300230A180B50536030BD00BFF2
:10A18000B4C5002038B504461546FFF7C1FF0028C6
:10A190000DDB30236343074AD0184068086015B1CF
:10A1A0000C3313442B6030235C43105938BD00201E
:10A1B000FCE700BFB4C5002070B500254FF0FF33A9
:10A1C0004FF0FF32174810F07DFC174BD3E8AF2F4C
:10A1D00082B10135102D03F13003F7D114F00CFBDF
:10A1E00017224FF0FF35114B1A500E4810F06CFC3F
:10A1F000284670BD30246C43D3E8EF0F0130C3E82C
:10A20000E10F0029F8D10A4E331932515A6004F196
:10A210000C00304413F03BFD04F12000304413F0F7
:10A2200086FDE2E7FCCB0020BCC500200C0000004E
:10A23000B4C5002030B40446302510466C43084AAB
:10A24000151911516860EB6240B1C36833B10C3429
:10A25000131940F2051230BC10F023BC30BC70471B
:10A26000B4C50020F8B50546FFF752FF00281ADBF9
:10A2700030246C430D4F04F10C063E444FF0FF3286
:10A280004FF0FF33304610F01DFC3B195B68385926
:10A290009B6898470446304610F016FC2846FFF7A6
:10A2A00051FF2046F8BD4FF0FF34FAE7B4C5002057
:10A2B000044608B5EFF31183202383F31288BFF31C
:10A2C0006F8F04F0B5F8204600F0AAFE024810F0A7
:10A2D000D9FB10F0FCFDFCE76C0303002DE9F84FFF
:10A2E0000446A38B08461907164612D4022803F029
:10A2F000070162D1204610F001FC88B10138042822
:10A3000000F22581DFE810F0590023017E00C8002B
:10A31000F50001280CBF43F0100143F02001A18398
:10A3200004F114000DF0E2F9002800F0AB8086F390
:10A330001188BFF36F8FBDE8F88F03F00702501F3D
:10A3400001281ED80020062A2768C4E9000014D17D
:10A350003A4603E0E08B0130E0831268002AF9D12D
:10A3600023F0070343F002022046A28310F0C6FB4D
:10A3700090B342F02002A2832EE023F007039AB2AA
:10A38000F2E7042A33D123F007039AB22046A283CE
:10A3900010F0B4FB10B142F02002A283A38B03F0B3
:10A3A0000709894540F0DC80A18BCA0640F1218174
:10A3B00021F01003A38301F00701D4F81880A38BC8
:10A3C000B8F1000FB9DA0022276823F00703C4E9C7
:10A3D000002243F00103A383A38B03F007098945FF
:10A3E00040F0BF80002FDFD00025AA4640E085491D
:10A3F00040F21B12844810F074FB40F21B1181489C
:10A4000010F066FB41B17F494FF4AB727E4810F00B
:10A4100068FB4FF4AB71F2E7236843B9794940F226
:10A420005712794810F05DFB40F25711E7E72369B6
:10A430001D6845B973494FF4AD72734810F051FB74
:10A440004FF4AD71DBE70F4688464FF00609A38B4A
:10A4500023F0070343F006039BB2A383A268002AFC
:10A4600040F08180002F40F08180002D9CD0BA46C2
:10A4700043F0080304F1140B5846A3830DF036F99A
:10A48000002875D1614940F231125F4810F029FB74
:10A4900040F231115D48B3E7022908D0594940F232
:10A4A0005D12594810F01DFB40F25D11A7E7E78BE4
:10A4B00047B154494FF4AF72534810F012FB4FF4B8
:10A4C000AF719CE723695D6845B94E4940F261125E
:10A4D0004D4810F006FB40F2611190E7A38BB8469F
:10A4E00023F0070343F004039BB24FF00409A38356
:10A4F000B4E7012908D043494FF4B272424810F042
:10A50000F0FA4FF4B2717AE7236843B93D4940F25B
:10A5100065123D4810F0E5FA40F265116FE72369D6
:10A520009D6845B937494FF4B472374810F0D9FAED
:10A530004FF4B47163E70027A38BB84623F00703F9
:10A5400043F005039BB24FF00509A38386E72D492D
:10A5500040F26B122C4810F0C4FA40F26B114EE737
:10A56000002700257AE74FF0010A81E792467FE74E
:10A5700086F31188BFF36F8FBAF1000F16D147BB76
:10A5800015B120462249A847EFF31186202383F313
:10A590001288BFF36F8F58460DF09AF808BB1B491D
:10A5A0008822194810F09DFA882173E7A1680029D4
:10A5B000E5D00E680029E2D043464A462046D1F84D
:10A5C00004A0D0471EB1336831461E46F2E7334639
:10A5D000FAE7394643464A4620463F6810F0BAFA41
:10A5E000CDE758460DF098F8A38B23F00803A3831A
:10A5F000DAE68B067FF594AE21F02003A38301F009
:10A60000070177E695030300A7F90200BA030300E8
:10A6100015A60100F8B504460D4600F11406EFF347
:10A620001187202383F31288BFF36F8F30460DF01C
:10A630004FF840B909490A48882210F052FA882197
:10A64000064810F045FA30460DF066F8A5613A4626
:10A650002046BDE8F8400121FFF740BEBA030300E1
:10A66000A7F902002DE9F04704460F4610F062FA00
:10A67000051E5DDB04F11409EFF3118A202383F337
:10A680001288BFF36F8F48460DF022F8804638B924
:10A6900033498822334810F024FA882130483CE0BE
:10A6A00048460DF039F84FF6FF72E38BA68B9342C4
:10A6B00006F007063FD0022E10D135460133E38362
:10A6C00048460DF013F800283BD1254940F23112DD
:10A6D000244810F006FA40F23111DFE7062E13D8B5
:10A6E000DFE806F0092C1212090409006FF0850555
:10A6F0004FF00008E4E700233B6063687BB9C4E9DE
:10A7000000777EB13546F3E7174916484FF4E472F7
:10A7100010F0E7F94FF4E471134810F0D9F91F6015
:10A720006760EEE7524602212046FFF7D7FD354627
:10A730002846BDE8F0876FF00A05D9E76FF00405F9
:10A74000D6E78AF31188BFF36F8FB8F1000FEFD00F
:10A75000002332463946204610F0FCF9E8E700BFF6
:10A76000BA030300A7F902009503030008B5426885
:10A77000034602F00302022A81600AD0032A4FF046
:10A78000000103D0012A0AD1596006E01868596017
:10A7900008BD186800225A6050B90020F8E7064941
:10A7A0000648452210F09DF94521034810F090F924
:10A7B0000DF07EFDF1E700BFE7030300A7F90200FB
:10A7C000014B03600020704788EF020070B5114B09
:10A7D0000D461C68DCB1104B196800238B4202DB6C
:10A7E0006FF0010070BD224612F8106B864202D055
:10A7F00014460133F2E7E06810B96FF01200F1E798
:10A8000013F0E9F90028F8D000202C60EAE76FF097
:10A810000C00E7E7B4C8002088EF020010B54368D9
:10A820000A680C469A4207D90548452110F001FAFA
:10A8300000231846636010BD4A6801201344F9E7FD
:10A840000D0403007FB50546C06801AA10F062FE42
:10A85000044638B1024645210F4810F0EAF9204677
:10A8600004B070BD01992B6A8B42F8D0E868029A57
:10A8700083689B684BB19847064648B132464521EC
:10A88000064810F0D6F93446E9E76FF05706F5E7C9
:10A89000019B2B62E3E700BF32040300580403006E
:10A8A00070B581680546002936D0D0E904360139F3
:10A8B0001E443144FFF7C6FF041E07DA3346224622
:10A8C0004521274810F0B5F9204670BD6A6AAB688B
:10A8D000B3FBF2F402FB14343CB12868141B22468B
:10A8E00095F82810184413F0B3FBAB68E8682A68A1
:10A8F000234481684C683146A047044620B1024693
:10A90000334645211748DDE7EB695BB92B69AA6837
:10A9100013442B610023AB600024D5E7135DDB43B8
:10A9200013550134AB682A68A342F7D8E8688168F8
:10A930000C683146A047044628B1452102460A4822
:10A9400010F077F9C0E73246EB69A96828689847A4
:10A9500004460028DAD0024645210448F0E700BF4B
:10A9600079040300AC040300D5040300F0040300E1
:10A970002DE9F3470D46DDE90A7891461E46044667
:10A98000A0B199B192B10093002301938B6808465E
:10A99000DB68984702688246B6FBF2F302FB13635A
:10A9A000626243B145211A4810F043F96FF00D007F
:10A9B00002B0BDE8F0876A462846164910F0AEFDA1
:10A9C000019A002AF2D007EB08039A4205D3616A84
:10A9D000B7FBF1F301FB137313B145210E48E3E715
:10A9E000C4E90096E5602361A3606761B8F1000FD8
:10A9F00001D1A2EB07080C9BC4F81880E3614FF06B
:10AA0000FF3323629AF80530002084F82830CFE71E
:10AA1000090503001DA801004505030008B5044809
:10AA200010F030F8BDE80840024810F02BB800BF25
:10AA30006B050300A005030037B505460C46C9B1F8
:10AA40008B6814480093D1E90023452110F0F1F8F8
:10AA5000636945210093D4E903230F4810F0E9F816
:10AA60004521E2690D4810F0E4F84521A2690C483F
:10AA700010F0DFF8012D06D1EFF3058245210948DA
:10AA8000103A10F0D6F82146284603B0BDE8304011
:10AA90000AF0D0BACE050300020603003606030012
:10AAA0004A0603007D06030030BFFFF7FDBF00BF6D
:10AAB0002DE9F04105460B4EDFF82C80324606EBBF
:10AAC0000807CC1B2046094913F09BFAA0194246FF
:10AAD0000021083C13F0BCFA6C6707F10800BDE8E0
:10AAE000F08100BF000000000800000094EC0200AC
:10AAF000074A936893F90E10002907DB52699342C5
:10AB00001FBF044A536843F080535360704700BF2F
:10AB10009CE0002000ED00E010B5244C45212448C5
:10AB200010F087F8A36A99013ED52248452110F01C
:10AB300080F81E20A36ADA0104D51F48452110F0D1
:10AB400078F81F20194CA36ADB0204D51B48452165
:10AB500010F06FF80220A36A1C0304D518484521A1
:10AB600010F067F82120114CA36A590304D5154849
:10AB7000452110F05EF82220A36A9A0304D51248FA
:10AB8000452110F056F82320084CA36ADB0304D5B6
:10AB90000E48452110F04DF82420A36A6FEA0343C4
:10ABA0006FEA1343A36210BD1D20C3E700ED00E070
:10ABB00095060300B2060300CA060300E906030077
:10ABC000180703003B070300650703008407030021
:10ABD00070B5284C06460D462748452110F029F847
:10ABE000A36AD9043BD52548452110F022F8172047
:10ABF000A36A1A0504D52248452110F01AF8182036
:10AC00001C4CA36A9B0511D51E48452110F011F874
:10AC1000A26BA36A180408D545211B4810F009F857
:10AC20001EB1A36A23F40043A3621920114CA36A46
:10AC3000590504D5154845210FF0FBFF1A20A36ADA
:10AC4000DA050ED5124845210FF0F3FF1B20094A03
:10AC5000936A43F47F43936200232B7070BD1620E8
:10AC6000C6E7A36A9B04F2D50A4845210FF0E1FF2D
:10AC70001C20ECE700ED00E0B4070300CF07030061
:10AC8000E5070300FD0703001B0803003508030068
:10AC9000550803007208030070B5324C06460D4695
:10ACA000314845210FF0C5FFA36AD90648D52F4882
:10ACB00045210FF0BEFF1120A36A1A0704D52C48C6
:10ACC00045210FF0B6FF1220264CA36A9B0711D531
:10ACD000452128480FF0ADFF626BA36A190608D51D
:10ACE000452125480FF0A5FF1EB1A36A23F080037C
:10ACF000A36213201B4CA36ADA0704D51F48452121
:10AD00000FF097FF1420A36A9B0604D51C48452129
:10AD10000FF08FFF1520134B9A6AD60602D49A6A59
:10AD200094070FD59B6AD9060CD51649164840F2F0
:10AD300063120FF0D6FE40F2631112480FF0C8FE06
:10AD40001020B9E7074B9A6A920642BF5A6A22F46A
:10AD500000525A629A6A42F0FF029A6200232B70F4
:10AD600070BD00BF00ED00E0A6080300C1080300AD
:10AD7000E5070300F9080300160903003109030081
:10AD80007208030055090300A7F902002DE9F043FA
:10AD9000714B0546D3F804900F46164600238BB03E
:10ADA000C9F3080883F31188BFF36F8F02F07F4364
:10ADB000B3F17F4F0AD069494FF48B6268480FF0B6
:10ADC00090FE4FF48B6165480FF082FE12F0010493
:10ADD000F1D1530603D4100707D4012707E045211A
:10ADE00060480FF026FF710700D53D460027002D73
:10ADF000E1D00026A8F103038DF80760092B00F2CB
:10AE00009880DFE803F0058B8F769696969696935A
:10AE1000452155480FF00DFF8DF807604E4EF36A3F
:10AE20009A0704D5452151480FF003FF33E0F36A38
:10AE3000002B02DA45214E48F6E7F36A5B0064D541
:10AE400045214C480FF0F5FE7369AA6943F48073FD
:10AE50007361BFF34F8FBFF36F8F736932F8022CAA
:10AE600023F480737361BFF34F8FBFF36F8F4DF681
:10AE700002739A4209D0B36ADBB263B301200DF1C9
:10AE80000701FFF709FF044605E045212A683A4813
:10AE90000FF0CFFE2C689DF80730CBB902AA05F160
:10AEA0002006134628686968083503C3B5421A4668
:10AEB000F7D1099B002F49D0C3F3080222B96FEAEA
:10AEC00053236FEA43230993204602A9FFF7B4FDF9
:10AED0000BB0BDE8F083B36A13F47F4F05D00120B7
:10AEE0000DF10701FFF774FECDE7B36AB3F5803FBC
:10AEF00002D3FFF711FEC6E7184940F22A3218487C
:10AF00000FF0EFFD40F22A315DE7144940F22E3296
:10AF100013480FF0E6FD40F22E3154E700200DF10A
:10AF20000701AEE700200DF10701DBE745211348DB
:10AF30007AE7134919F4F87F124A134808BF0A4602
:10AF4000A8F1100345210FF074FEA4E723F4FF736A
:10AF500023F00103B7E700BF00ED00E0550903004F
:10AF6000A7F90200B5090300DD090300F909030090
:10AF70001F0A0300320A0300560A0300770A03007F
:10AF8000870903009C090300A00A0300064B5A69C5
:10AF900042F010025A615A6942F480625A615A6959
:10AFA00022F008025A61704700ED00E0EFF30880DC
:10AFB000EFF3098101B57246FFF7E8FE01BD00BF5E
:10AFC000002080F31488BFF36F8F002080F30A887D
:10AFD00080F30B8811F083FB00200E490860BFF35B
:10AFE0004F8F0D4880F3088800F03EF8202080F352
:10AFF00011880A484FF40061401880F30988EFF384
:10B0000014800221084380F31488BFF36F8F00F08F
:10B0100035F9000094ED00E07012012030F90020B5
:10B02000BFF34F8F0549064BCA6802F4E062134331
:10B03000CB60BFF34F8F00BFFDE700BF00ED00E026
:10B040000400FA05002318460649D1F89020C2F3FF
:10B050000722934200DB7047C1F89830C1F8A00086
:10B060000133F6E700ED00E010B572B6002484F37A
:10B070001388FFF7E7FF23464FF0FF300C4A03F138
:10B0800020010133102B42F82100F8D100234FF0AA
:10B09000FF30074A03F160010133102B42F8210011
:10B0A000F8D162B6BFF34F8FBFF36F8F10BD00BFF3
:10B0B00000E100E0084B9B6883420BD1EFF305836E
:10B0C00043B1064B5A6842F080525A605A6A22F4E1
:10B0D00000425A620CF088B99CE0002000ED00E0CC
:10B0E0006FF00A01094A9368C3F890100849C3F841
:10B0F0008C004B6843F080534B60002383F311882E
:10B10000BFF36F8F9368D3F8900070479CE00020E6
:10B1100000ED00E0114A936883F89500EFF3118386
:10B12000202383F31288BFF36F8F4FF000615369C0
:10B1300020F0FF0093600A4A5160596F094A11607C
:10B14000002193F895201043D3F88C20C3F88C107D
:10B1500082F31188BFF36F8F704700BF9CE000201F
:10B1600000ED00E058D7002010498A6882F895E089
:10B170004FF030001044EFF3098C80E8F01F744664
:10B180007046FFF7C7FFA64608498A68864602F15F
:10B19000300090E8F01F8CF3098802F1000004B53C
:10B1A0000FF08AFEBDE80440704700009CE00020DC
:10B1B0001EF0040F0CBFEFF30880EFF309808169E4
:10B1C00011F8021C0229FFD001B50FF064FE01BD89
:10B1D00040B2002807DB01234109034A00F01F00A9
:10B1E000834042F82130704700E100E040B200287F
:10B1F0000CDB01220649430900F01F008240203386
:10B2000041F82320BFF34F8FBFF36F8F704700BF0C
:10B2100000E100E0054B420953F82220012300F031
:10B220001F0003FA00F01040704700BF00E100E08B
:10B230000131072908B508D90D490E4858220FF0E9
:10B2400050FC58210A480FF043FC40B20028ACBF24
:10B2500000F16040084B4FEA4111C9B2ABBF00F5A5
:10B26000614000F00F0080F80013195408BD00BFC2
:10B27000B80A0300A7F9020014ED00E00B4A08B574
:10B280000B4B22F07F029A60BFF34F8FBFF36F8F9B
:10B29000D3F8882022F47002C3F8882009F0B6FFA2
:10B2A0000CF042FA00F050F809F0F0FF00800100C5
:10B2B00000ED00E042F8203C009B0D4942F81C3CA8
:10B2C000019B21F0010142F8183C029B42F8081C46
:10B2D00042F8143C4FF0807342F8043C0023C0F85D
:10B2E0008C304FF43C43203A0265C0F894307047EC
:10B2F000C5A0010000B50D4B15469860426F0C4B80
:10B300000E461A60436E83F30B882C4686F3098839
:10B310004FF00000074B984720464FF000014FF0D8
:10B3200000024FF00003044C204700BF9CE00020C7
:10B3300058D70020C1AE0200C5A001001022014B69
:10B340001A61704700ED00E0002320210348C21875
:10B350000133412B82F80013F9D1704700E100E07E
:10B3600008B5EFF30583064A103B02EBC30152F820
:10B37000330049688847BDE80840FFF7B9BB00BF04
:10B3800074E902001FB5094C094A23460121094806
:10B3900000F00EF900230393074B0121E41A01A8E2
:10B3A0000193029400F01EF904B010BD00000420C7
:10B3B00080C500202CF00200D0CD002010B50C7A02
:10B3C0000B6804F01F0223F01F031A43CB686409C3
:10B3D00023F01F03054943EA440343F00103C1F886
:10B3E0009800C1F89C20C1F8A03010BD00ED00E02D
:10B3F00010B50A4B0446D3F89030C3F30723013B42
:10B40000984208D90246452105480FF012FC6FF01A
:10B410001504204610BDFFF7D1FFFAE700ED00E06C
:10B42000F30A03002DE9F04F8946144606464FF013
:10B430000008514D85B0C84527DAD6F804A0BAF106
:10B44000000F44D0BAF11F0F18D91AF01F0F15D1F1
:10B45000D6F800B01BF01F0F10D158460FF053FD67
:10B4600007460AEB0B0001380FF04DFD874210D064
:10B470006FF015073A464521404802E04246452113
:10B480003F480FF0D6FB6FF01504204605B0BDE82D
:10B49000F08F17F1160FEDD0BC42EBDDC5F89870B8
:10B4A000D5F89C10C5F89870D5F8A03021F01F0190
:10B4B00043F01F0BD6E900321A44994202F1FF3AD9
:10B4C0001DD1D34507D13146F8B20FF025FD08F163
:10B4D00001080C36AFE73146C5F89870D5F89C30B6
:10B4E00022F01F0203F01F031343C5F89C30E0B2A3
:10B4F0000FF012FD10F1160FC5D0441CE7E7C5F898
:10B500009870D5F8A020013B23F01F0302F01F0222
:10B510001343D3453146E0B2C5F8A030E8D00FF070
:10B52000FBFC10F1160FAED0C5F89870D5F89C2032
:10B530009DF808300BF1FF3B62F304038DF80830EF
:10B54000D5F8A0309DF808205B0863F347128DF80A
:10B550000820D6E900321344009323F01F035B4414
:10B56000A3EB0A03013023F01F036946C0B2039323
:10B57000FFF73EFFBEE700BF00ED00E0460B030013
:10B580001E0B03000522044BC3F89420BFF34F8F1A
:10B59000BFF36F8F704700BF00ED00E0BFF35F8F18
:10B5A0000022024BC3F89420704700BF00ED00E07A
:10B5B00010B5094C2278FFF735FF207016300AD1FC
:10B5C000064907484FF4B4720FF08BFA4FF4B47188
:10B5D00002480FF07DFA10BDB9E300206E0B0300A6
:10B5E000A7F902002DE9F74F2E4D8A4606464FF087
:10B5F0000008AB462C4FD04502DB03B0BDE8F08F0E
:10B60000D6F80490B9F1000F47D03168084601918F
:10B610000FF079FC0199044609EB010001380FF0A5
:10B6200072FC84424FF01402204B10D002FB08F34E
:10B630006FF015024BF803201D491E484FF4BC72F1
:10B640000FF04FFA4FF4BC7119480FF041FA14F1A2
:10B65000160F2C60F0D01978A142EDDD02FB08B086
:10B66000C7F89840C7F89840D7F89C4000F1080107
:10B67000007B64F304000871D7F8A0000C7940083F
:10B6800060F347140C71D7F89C1021F01F0169601A
:10B69000D7F8A01021F01F01296108F10108143525
:10B6A0000C36A8E75CD7002000ED00E0B9E30020ED
:10B6B0006E0B0300A7F902002DE9F0414E494F4CF3
:10B6C000D1F890302568C3F307239D4286B00AD98C
:10B6D0004B4940F29F124B480FF003FA40F29F1182
:10B6E00047480FF0F5F90020FFF758FF464BC1F827
:10B6F000C03085421AD1454C01A82570FFF760F88B
:10B70000002506464FF04108414FAE4215D10020BA
:10B7100023783949D1F89020C2F30722934265DBA0
:10B720000020FFF72FFF06B0BDE8F081616801EB54
:10B730000011FFF743FE0130DBE7019A290102EB1C
:10B740000513D3F80CC00CEA0700B0F5001F23D096
:10B75000B0F5800F38D0B0F5801F45D158685258E9
:10B760009B68CDE902022122013B20F01F010B441E
:10B7700023F01F038DF810200593207802A9FFF70E
:10B7800037FE00282DDA1E4940F2C9121D480FF07D
:10B79000A8F940F2C911A3E758689B685258013BC9
:10B7A00020F01F010B4423F01F031CF0010FCDE913
:10B7B00002028DF810800593DFD011496D221148E7
:10B7C0000FF08FF96D218BE758689B685258013B49
:10B7D00020F01F010B44CDE9020223F01F030222D7
:10B7E000C8E723780133237001358EE7C1F898301C
:10B7F000C1F8A00001338DE700ED00E038F0020051
:10B800006E0B0300A7F90200AAFF4400B9E3002071
:10B810000000F0FF08B5024B1B689847002008BDE8
:10B8200070D70020034B044A1860937843F002035A
:10B830009370704770D70020B8C8002008B506493B
:10B84000064821F00701C1F1005202F58022FEF7FF
:10B850008FFB002008BD00BFF787012074D70020B0
:10B8600038B500250F4C204612F011FA40B10E49B0
:10B87000CD220E480FF035F9CD210B480FF028F9F5
:10B8800004F1140012F053FA30B10749CF220748EF
:10B890000FF027F9CF21F0E70135052D04F124043D
:10B8A000E1D138BD80D70020AC0B0300A7F902001E
:10B8B00038B50024094D284612F039FA40B108493C
:10B8C0000848DB220FF00DF9DB2105480FF000F9E5
:10B8D0000134052C05F10805EDD138BD34D8002020
:10B8E000000C0300A7F9020038B500240A4D2846D1
:10B8F00012F0CDF950B10949094840F2C5120FF0D4
:10B90000F0F840F2C51105480FF0E2F80134052CBB
:10B9100005F11405EBD138BD5CD80020450C0300BF
:10B92000A7F902000A4B30B51C460025094A191B2D
:10B93000B1F5507F01D9002030BD506803F1A0015E
:10B94000C3E928200160D03303F8085C5160EEE7BA
:10B9500000CE0020C8C800200122024B0020C3F8FE
:10B96000402570470090034020B1034B800143F015
:10B9700001031847704700BFE0EC0200034A044B84
:10B980001168928819609A80704700BFA60C030066
:10B99000BAE30020693026BF024B53F8200002486A
:10B9A000704700BF60F00200AD0C03002DE9F041CC
:10B9B00005460E4617461C4CDFF87080444528D9D2
:10B9C0001B496D221B480FF08CF86D210BE023689A
:10B9D000AB4200D0DBB9A36843B9154975221548BD
:10B9E0000FF07FF8752112480FF072F83A46314691
:10B9F0002846984758B112F0FFFE00220E4B314600
:10BA0000C2503A462846E368BDE8F0411847103472
:10BA1000D4E7DCD312F0F0FE6A22074B1A504FF045
:10BA2000FF30BDE8F08100BF7CEB02008CEB020030
:10BA30008C0D0300A7F902000C00000073B50D4641
:10BA40001646694601AAFEF79DFB0446B0B1009B6D
:10BA50009B69DBB14FF0FF324FF0FF3301980FF0DD
:10BA6000FBFA009B2046324629469B6998470446CC
:10BA700001980FF0F3FA204602B070BD092312F0CE
:10BA8000BBFE034A4FF0FF341350F4E75F23F6E7A1
:10BA90000C0000002DE9FF410D46164602A903AA3D
:10BAA0001F46FEF76FFB0446E8B1029B5B6A13B3C7
:10BAB0004FF0FF324FF0FF3303980FF0CDFA0B9B9E
:10BAC000204601930A9B32460093029B2946D3F8F5
:10BAD00024803B46C047044603980FF0BFFA204637
:10BAE00004B0BDE8F081092312F086FE034A4FF04E
:10BAF000FF341350F3E75F23F6E700BF0C000000AC
:10BB00002DE9FF410D46164602A903AA1F46FEF77E
:10BB100039FB0446E8B1029B9B6A13B34FF0FF3236
:10BB20004FF0FF3303980FF097FA0B9B20460193D9
:10BB30000A9B32460093029B2946D3F828803B4655
:10BB4000C047044603980FF089FA204604B0BDE8C8
:10BB5000F081092312F050FE034A4FF0FF341350D6
:10BB6000F3E75F23F6E700BF0C0000002DE9F04F7C
:10BB70004FF00008C24646469DB0CDE9050108A831
:10BB800014461D4612F044F9DDE90823DDE9059B62
:10BB9000CDE902230DAB0A93BBF1000F22D1002E99
:10BBA00072D0B5F1FF3F08BFB4F1FF3F17BF4FF4AC
:10BBB0007A724FF0FF34A4FB024302FB05331CBF33
:10BBC000E40B44EA4344069B4FF4827200934146DF
:10BBD0005046059B01940FF030FA074638461DB0D9
:10BBE000BDE8F08FD9F80000002829DB0CAA0BA9CA
:10BBF000FEF7C8FA074618B34FF0FF324FF0FF3395
:10BC00000C980FF029FA1CAB01930AAB00934FF488
:10BC100081724B4639460B980FF00FFA10F1780FEE
:10BC2000034612D10022002308A812F0F1F8DDE942
:10BC30000834CDE9023400240C980FF00FFA2546A1
:10BC400009F108090BF1FF3BA6E713F1120F0C985D
:10BC50000CD1BAF1000F03D00FF000FA0126EFE784
:10BC6000DDF82CA0B8460FF0F9F9F7E707930FF0CD
:10BC7000F5F9079B002BE3DA12F0BEFD5B42384A70
:10BC80004FF0FF371350A9E7DDE9022308A812F0AF
:10BC9000E3F8DDE9084522462B46DFF8C8800A991B
:10BCA0000DAC091B891008FB01F120460CF00AFAC3
:10BCB00000F10B020B2A0346DED82B4F174117F079
:10BCC0000107D9D1B9460A94DDE9054585B9B9F12D
:10BCD000000F83D0002F81D1DDE9022308A812F0E4
:10BCE000BBF8DDE908452B4625432246D7D175E749
:10BCF0002068E68000282CDB0CAA0BA9FEF742FA8C
:10BD0000824618B92023E380013722E04FF0FF324A
:10BD10004FF0FF330C980FF09FF90AAB514640F2F9
:10BD2000031200930B9823460FF087F982460C9874
:10BD30000FF094F91AF10B0F0ED0BAF1000F04D0E6
:10BD400012F05AFDCAF1000399E7B4F90630002B4E
:10BD5000DAD10834013DB9E74FF00109F9E700BF36
:10BD60000C000000CDCCCCCC7EF7FFFF2DE9FF41CD
:10BD70000D46164602A903AA1F46FEF703FA04461B
:10BD8000D8B1029B1B6B03B34FF0FF324FF0FF3370
:10BD900003980FF061F90A9B20460093029B3246FC
:10BDA000D3F8308029463B46C047044603980FF03D
:10BDB00055F9204604B0BDE8F081092312F01CFDBE
:10BDC000034A4FF0FF341350F3E75F23F6E700BF59
:10BDD0000C00000008B540B90A4913220A480EF0C9
:10BDE00080FE132107480EF073FE084B1A6832B12B
:10BDF0000449142204480EF074FE1421F2E718607E
:10BE000008BD00BFC00D0300A7F90200C0D8002084
:10BE100010B50C4C246844B90B491D220B480EF098
:10BE200060FE1D2108480EF053FE246834B906490F
:10BE30001E2206480EF055FE1E21F3E7A446BDE87B
:10BE400010406047C0D80020C00D0300A7F90200D1
:10BE500010B50C4B1B6843B90B4925220B480EF05B
:10BE600040FE252108480EF033FE5B6833B90649D1
:10BE7000262206480EF035FE2621F3E7BDE81040E5
:10BE8000184700BFC0D80020C00D0300A7F902006A
:10BE900010B550B90F4940F2B2320F480EF021FEF2
:10BEA00040F2B2310B480EF013FE036843B9094962
:10BEB00040F2B33208480EF014FE40F2B331F1E71D
:10BEC0001B689B6823B15B6813B1BDE8104018473D
:10BED000002010BDFB0D0300A7F9020008B550B902
:10BEE0000D4940F2FB320D480EF0FBFD40F2FB31F4
:10BEF00009480EF0EDFD036843B907494FF47F721E
:10BF000006480EF0EEFD4FF47F71F1E7D869003876
:10BF100018BF012008BD00BFFB0D0300A7F90200F8
:10BF200008B550B90B494FF487620B480EF0D9FDA4
:10BF30004FF4876107480EF0CBFD006840B9054912
:10BF400040F2394204480EF0CCFD40F23941F1E7AD
:10BF5000103008BDFB0D0300A7F9020008B550B969
:10BF60000B4940F2B2320B480EF0BBFD40F2B23149
:10BF700007480EF0ADFD036843B9054940F2B332FE
:10BF800004480EF0AEFD40F2B331F1E7186808BD89
:10BF9000FB0D0300A7F9020008B550B90E4940F2A5
:10BFA00047320E480EF09DFD40F247310A480EF030
:10BFB0008FFD036843B908494FF4527207480EF0E9
:10BFC00090FD4FF45271F1E70C33D3E8AF0F084105
:10BFD00000F0010008BD00BFFB0D0300A7F902003F
:10BFE00008B550B9104940F2053210480EF079FDFD
:10BFF00040F205310C480EF06BFD036843B90A4965
:10C0000040F2063209480EF06CFD40F20631F1E7CD
:10C0100001220C3302FA01F1D3E8EF0F0843C3E821
:10C02000E20F002AF8D108BDFB0D0300A7F90200BA
:10C0300008B550B9114940F2253211480EF051FDB2
:10C0400040F225310D480EF043FD036843B90B491A
:10C0500040F226320A480EF044FD40F22631F1E764
:10C06000012202FA01F1C9430C33D3E8EF0F084073
:10C07000C3E8E20F002AF8D108BD00BFFB0D0300A2
:10C08000A7F9020010B550B909490A4840F2D52273
:10C090000EF027FD40F2D52105480EF019FD4FF0B6
:10C0A000FF32BDE810404FF0FF3318300FF011B8E9
:10C0B000FB0D0300A7F9020008B550B9074908486D
:10C0C0004FF437720EF00DFD4FF4377103480EF048
:10C0D000FFFC1830BDE808400EF0FDBFFB0D03006B
:10C0E000A7F9020038B503680021044693F82050F0
:10C0F000FFF752FF68B90220236803BB29492A4889
:10C1000040F25D320EF0EDFC40F25D3125480EF05C
:10C11000DFFC2046FFF722FF11F05DFD68B1092129
:10C120002046FFF739FF0028E5D00A212046FFF717
:10C1300033FFC0F10600C0B2DEE70320DCE783F87E
:10C140002000236893F8203098422AD1062821D174
:10C15000062D26D02046FFF7C1FE70B92046FFF716
:10C16000DFFE03684BB911490F4841F295420EF0CA
:10C17000B8FC41F295410D48C9E708212046FFF778
:10C180002FFF2046FFF7AAFE58B92046BDE83840E9
:10C190000EF092BF062D04D108212046FFF748FF7C
:10C1A000EFE738BDFB0D0300A7F902002A0E0300DC
:10C1B00038B50546FFF766FF00212846FFF7ECFE7D
:10C1C00068BB28460EF073FF0446E0B18468D4B122
:10C1D0002846FFF7C3FE50B91449154841F23F52B3
:10C1E0000EF07FFC41F23F5110480EF071FC11F04F
:10C1F000F2FCB8B128460EF05AFF012183682846A8
:10C200009847041E06DB28460021FFF7E9FE284672
:10C21000FFF768FF2846FFF74FFF204638BD6FF055
:10C220007704F7E76FF00504F4E700BF2A0E030078
:10C23000A7F902002DE9F8430C46054668B361B33F
:10C240000846FCF715FE0828064629D8174FDFF8E0
:10C25000608000F10109474515D91649164841F299
:10C26000E4620EF03EFC41F2E46112480EF030FC54
:10C27000AF4206D04A46214607F10C0011F0F4FE09
:10C2800088B14437E7E7F3D32146721C05F10C006F
:10C2900011F0B7FE0020BDE8F8836FF01500FAE753
:10C2A0006FF05A00F7E76FF07700F4E754CD002005
:10C2B00098CD00202A0E0300A7F902002DE9FF47C0
:10C2C000374C4FF0FF324FF0FF3336480EF001FF8E
:10C2D0000026A046344D354FDFF8D490AC4246D905
:10C2E000344941F24D7234480EF0FBFB41F24D717E
:10C2F00030480EF0EDFB00222046C4E903222275EF
:10C30000FFF72CFED0F808A0BAF1000F14D0DAF82D
:10C3100000308BB104F1180011F0B9FC04F12C00CD
:10C3200011F0B5FCDAF800302046984794F8403018
:10C3300023F0030384F84030237B83B920460EF0BA
:10C34000CCFE78B11D4A1368591C11601C4A0921A2
:10C3500001A80CF09FF8204601A9FFF76BFF0136FA
:10C360004434BBE73B685A1C3A604A46EFE7C2D305
:10C370007EB14423A5EB0805B5FBF3F5AE4208D02A
:10C380000C4941F26D720C480EF0ABFB41F26D713D
:10C39000AEE7044804B0BDE8F0470EF09CBE00BF15
:10C3A00054CD002038CC002098CD0020C4D80020E7
:10C3B0005B0E03002A0E0300A7F90200C8D8002074
:10C3C000540E030038B50D4C0D4DAC4214D90D4937
:10C3D0000D4841F285720EF084FB41F285710948E7
:10C3E0000EF076FB03212046FFF7D6FD10B920465C
:10C3F000FFF7DEFE4434E8E7F4D338BD54CD002027
:10C4000098CD00202A0E0300A7F9020037B540237B
:10C410000C460A490093411A491105462346084A29
:10C4200008480EF06AFE011E05DA2846234603B0CE
:10C43000BDE83040184703B030BD00BFE0D8002051
:10C4400063B10200E8E80200C9B2012908B508D9C1
:10C45000084909487A220EF044FB7A2105480EF07B
:10C4600037FB0C22036901FB0233986C00F00700D4
:10C4700008BD00BF610E0300A7F9020070B5C9B284
:10C48000012903690AD91849184840F25D120EF0D3
:10C4900028FB40F25D1114480EF01AFBEFF31185F2
:10C4A000202484F31288BFF36F8F0C2606FB01341F
:10C4B000A46C14F0C00408D0A24206D085F3118801
:10C4C000BFF36F8F4FF0FF3070BD012271430B44FB
:10C4D0009A6485F31188BFF36F8F43680B445B68E0
:10C4E00098470020F0E700BF610E0300A7F90200A3
:10C4F00070B50D4606490446411A491140220548C7
:10C50000FFF7BCFF2B4601462046BDE870401847A8
:10C51000E0D80020E8E8020070B5002201210446BE
:10C520000520FEF785FE0F4805F0E4FB0E4B984210
:10C5300015D105F0EFFB26690C4930460EF020FBC3
:10C5400000280BDB0125B5642469084904F12000AB
:10C550000EF016FB002801DB0020656570BD6FF052
:10C560000400FBE72DC601000000AD0B04F2020041
:10C570007FB500220123CDE9022304ABCDE90433CA
:10C58000094A6B46CDF800D0CDF804D00EF0E2FD9C
:10C59000002805DB4FF480420023684609F068FC60
:10C5A00007B05DF804FB00BF7BB1020010B5EFF3EC
:10C5B0001184202383F31288BFF36F8F074A136817
:10C5C00023F00201DB07116002D4012005F03CFCDE
:10C5D00084F31188BFF36F8F10BD00BF38D90020DE
:10C5E0000C22104B014602FB0033002030B4D3E98B
:10C5F00010521864EFF31180202484F31288BFF3E3
:10C600006F8F9C6C04F0C00444F002049C6480F3BF
:10C610001188BFF36F8F1DB12B4630BC02481847FD
:10C6200030BC7047E0D80020E8E80200012808B5D7
:10C6300006D0042808D090B90E4B9B6C5B0717D12D
:10C64000BDE80840FFF7CCBF0B4940F26E220B4813
:10C650000EF047FA40F26E2107480EF039FA06490B
:10C6600040F2722205480EF03CFA40F27221F3E7E4
:10C6700008BD00BFE0D80020610E0300A7F902004A
:10C6800010B4EFF31182202383F31288BFF36F8F6E
:10C690001748016841F002040460C80707D482F318
:10C6A0001188BFF36F8F012010BC05F059BB1149F1
:10C6B000D1F80C04D1F80C14C907F0D5EFF31180B0
:10C6C00083F31288BFF36F8F0B498B6C03F0C003A9
:10C6D00043F002038B6480F31188BFF36F8F82F302
:10C6E0001188BFF36F8F002010BCFFF779BF00BF28
:10C6F00038D9002000500040E0D800202DE9F0415A
:10C70000012206464049D1E8EF3FC1E8E02F00286A
:10C71000F9D19BB93D493E484B60CB608A60FDF73B
:10C72000A1FF00280ADA3B494FF40C723A480EF098
:10C73000D8F94FF40C7137480EF0CAF95EB3731E86
:10C74000012B57D8012E06D1344BD3F81C3403F0FB
:10C750000303022B1FD011F0EEFA0546E8B9304B67
:10C760001B78D3B1022207462C4BC3F808232B4C6D
:10C77000DFF8B080D4F81824D4F81834D20315D5D3
:10C7800003F00303022B01D0012E0FD16DB387F309
:10C790001188BFF36F8FBDE8F081EFF3118720237D
:10C7A00083F31288BFF36F8F0125E0E7C5B13846E8
:10C7B0000EF09AFBD4F81835DBB2012BDAD1D4F89D
:10C7C0000421002AD6D00022C4F80421D4F8042180
:10C7D0000222C4F818252022C8F88021A360C9E7E6
:10C7E000002121200AF0CCFDE4E702220B4BC3F824
:10C7F0000423D0E7074940F2422207480EF071F9BE
:10C8000040F2422197E700BFDCD80020CCD80020BE
:10C8100000D90020610E0300A7F90200005000407B
:10C820002CEC002000E100E008B5074811F0D3F936
:10C8300038B10648FEF7F6FF0448FDF725FC002056
:10C8400008BD6FF01200FBE724E9020051C80100A7
:10C850000A2838B50446074D04D1AB680D21284697
:10C86000DB699847AB680348DB69E1B2984720462B
:10C8700038BD00BF24E902000048704794F202006E
:10C880002DE9F34743680F1E05461646D3F8189066
:10C890007DDBBB184B457AD847EA0204C4F30B048E
:10C8A000002C74D100690EF088FC214628460EF059
:10C8B000CCFC4FF0FF3A0446002E45D1012128461A
:10C8C0000EF0C3FC002C08BF044628690EF073FC70
:10C8D000204602B0BDE8F08780462E4B5A7882B1E0
:10C8E0000AFA02F137EA01010BD101219140B1426C
:10C8F00007D8B8F1000F1ED098F80110914238BF48
:10C9000098460134042C03F10203E7D1B8F1000F7B
:10C9100013D00023812298F800102846CDE9003377
:10C920003B460EF050FC012398F80120044693404A
:10C930001F44F61A21E09846E3E76FF01504012141
:10C9400028460EF082FCC0E7002CF8D12346CDE942
:10C9500000448022062128460EF035FC04460028BB
:10C96000EDD1B145B8D10346CDE900008022C72101
:10C9700028460EF028FC00260446002CDFD140F2A9
:10C980006762002328460EF08EFC044694E76FF0A1
:10C9900015049DE7F10F03002DE9F041044686B030
:10C9A00000694FF0FF32012111F08FF9666830689D
:10C9B00011F011F9A8B1F06878B920690EF0FDFB0B
:10C9C00020460EF016FD021E11DA45218B480EF0AE
:10C9D00030F920690EF0EFFB03E011F0FCF80028BD
:10C9E000EBD16FF01205284606B0BDE8F081204675
:10C9F0000EF048FC051E26DDED071AD420690EF066
:10CA0000DAFB20690EF0D9FB4FF00308002305AFD5
:10CA10001A469F212046CDF8048000970EF0D3FBE4
:10CA2000054620690EF0C7FBC5B12A46452174486A
:10CA300011E0572173480EF0FCF800220023204635
:10CA40000EF031FC054620690EF0B5FB002DD8DA5A
:10CA50002A4645216C480EF0ECF8C2E738464246BB
:10CA600006F1240111F000FB0746B0B196F826301C
:10CA70004521039396F825309DF81420029396F8EB
:10CA80002430624801939DF816306FF0150500932D
:10CA90009DF815300EF0CDF8A5E796F82830002B5C
:10CAA00036D020690EF089FB20460EF0EBFB051E08
:10CAB00029DD96F82830802225EA030506213B4629
:10CAC0002046CDE900778DF813500EF07CFB05462B
:10CAD00030B120690EF06FFB2A4645214C48BAE779
:10CAE00001210DF11303009380220346019120469A
:10CAF0000EF069FB05460028EBD1002200232046FA
:10CB00000EF0D1FB054620690EF055FB002DE3D158
:10CB100096F827506B1EDBB2FD2B2BD8A80733D01D
:10CB200020690EF04AFBA90710D400238022B72108
:10CB30002046CDE900330EF046FB054690B1206952
:10CB40000EF039FB2A464521324884E70023802233
:10CB500006212046CDE900330EF035FB05460028BE
:10CB6000E3D0ECE72269137F43F0010313772069D8
:10CB70000EF021FB20690EF020FB636893F8303043
:10CB8000DA0704D4206913E06FF08505DAE70023A3
:10CB90008022B9212046CDE900330EF014FB054672
:10CBA00010BB6368256993F83030DB070FD4284643
:10CBB0000EF001FB20690EF000FB20460EF019FC80
:10CBC000054620690EF0F7FA05EAE5750BE711F066
:10CBD0001DF94FF47A72A0FB020302FB0131C00B76
:10CBE00040EA4140A861CDE720690EF0E4FA002D4B
:10CBF000E0DA15F1860FDDD0F5E600BFCB0E0300BD
:10CC0000380F0300E80E03000A0F0300560F03005D
:10CC1000990F0300B30F0300024B0B600123136055
:10CC2000704700BF5CD9002000487047B0F2020096
:10CC300070B50C461946204616461D460EF028FCD7
:10CC400040B90C482B46224645210DF0F2FF6FF00B
:10CC5000150070BD5DB1B4F5C03F2A46214630468F
:10CC600003DABDE870400EF099B911F0CAF900205E
:10CC7000EFE700BFF90F030010B501220648114687
:10CC800011F023F80FF0FEFD044C20600FF0F7FDCB
:10CC90006060002010BD00BF64D900205CD9002076
:10CCA000F8B50E4614460FF0EAFD2146054630461B
:10CCB0000EF0EEFB374650B3B6FBF5F305FB1363FE
:10CCC00023B9B4FBF5F305FB134343B123463246C6
:10CCD000452111480DF0ADFF6FF0150002E0A542AF
:10CCE00001D90020F8BD4FF0FF324FF0FF330B4861
:10CCF00009F0BEF80FF0C3FD0546384605F004FF05
:10CD0000641B2F44F9D1054809F078F8E9E7234678
:10CD1000324645210248DDE71B10030064D900209C
:10CD2000F90F0300F8B50E461946304617461C4663
:10CD30000EF0AEFB40B923463246452116480DF0B1
:10CD400078FF6FF01500F8BD46EA040515F00305FD
:10CD500004D02346324645211048F0E7A4B14FF0F5
:10CD6000FF324FF0FF330E4809F082F824F003043D
:10CD7000AC4206EB050009D10A4AD2F80034DB07C1
:10CD8000FBD5074809F03AF80020DCE7795905F0AF
:10CD9000E9FE0435ECE700BFF90F03003F10030084
:10CDA00064D900200090034010B5036941B91C49C3
:10CDB0003E221C480DF095FE3E2119480DF088FEDC
:10CDC000486830B916493F2216480DF08AFE3F21C7
:10CDD000F3E75868F8B1884219D19C680868A14205
:10CDE000586000D19860002008602AB15A680A6033
:10CDF0009A68596002B99960002010E0814206D11A
:10CE00000868206098688142EDD19C60EBE7044699
:10CE100000680028F2D1002AE8D16FF0150010BD9B
:10CE200083100300A7F9020038B545682B69B3B138
:10CE30001035284605F0AAFC044680B9014628466C
:10CE400005F050FC084B98420BD122462846074972
:10CE500005F00EFC224605213120FEF7E9F90020FD
:10CE600038BD6FF00400FBE70000AD0B8DCF010073
:10CE700008B50268530904D14FF0FF33D340DB07F4
:10CE80000AD4064906484FF46C720DF02AFE4FF49E
:10CE90006C7102480DF01CFE024808BDBF10030073
:10CEA000A7F9020000258440F0B5406801F01F0496
:10CEB000057B87B044EA45140569002D5BD0B2F5C7
:10CEC000001F00F1100506D1214628460FF0D0FCC6
:10CED000002007B0F0BD0027B2F5800F01AE01972A
:10CEE000776033D1B3F1007F14BF052304238DF89D
:10CEF00004300023CDE9046303938368CB40D90752
:10CF000016D4B2F1A07F13D168460094FFF7B0FFAA
:10CF100004F1800350F82330DB0709D46A46214628
:10CF2000284605F0B3FB174B98421AD0CDF808D02D
:10CF30002146284603AA05F01BFA134B98421DD13F
:10CF400001222146284605F047FCC1E7B3F1C06F36
:10CF500005D0B3F1007F14BF01230223C7E70323E9
:10CF6000C5E76946284605F02BFC074B9842DDD003
:10CF70006FF00B00ADE76FF08500AAE76FF01500CA
:10CF8000A7E700BF0400AD0B0000AD0B430970B56F
:10CF900007D1104B596821B101250C680E4E854010
:10CFA00001B970BD8A682A400CD04B6843B90B495F
:10CFB0000B4861220DF095FD612108480DF088FDB8
:10CFC000304698471CB1236821461C46E8E72346B3
:10CFD000FAE700BF7CD90020FCE8020083100300C0
:10CFE000A7F902002DE9F043466840F20635337B8D
:10CFF000D00601F01F0747EA431748BF032302EAA0
:10D00000050558BFC2F3401387B0B5F5837F1446BA
:10D010008DF8033043D00FD8062D18D007D8B5B1FE
:10D02000022D3ED06FF0150007B0BDE8F083B5F5D6
:10D03000807FF7D101250AE040F20222954232D0EA
:10D04000B5F5407F31D0B5F5007FEBD10225012346
:10D05000220303FA01F12AD57368996033695BBB37
:10D0600003A80397FFF704FF84F4803300EB8700E5
:10D07000C3F30043C4F34044D0F8002244EA43041D
:10D080009DF8033022F4E16244EA830422F00702AF
:10D0900044EA05231343C0F800320020C4E7072503
:10D0A000D5E70425D3E70525D1E70325CFE76303BB
:10D0B00044BF7368D960D1E71036394630460DF168
:10D0C000020205F0E3FA14F4403F804616D13946D7
:10D0D00030460FF0CBFB244B9845DED130469DF80F
:10D0E000021005F061FB4045D7D020492048EC22D2
:10D0F0000DF0F7FCEC211D480DF0EAFC4FF00009A3
:10D1000001AB3946304603AACDE90439CDE901998E
:10D11000CDF80C9005F02CF9134B984282D114F401
:10D12000003315D09DF8033084F48034C4F30044F8
:10D130008DF80E3039464B46304603AA8DF80C5018
:10D140008DF80D4005F004FA074B9842C3D069E70B
:10D15000CDE9043339460DF10303304603AA0393A6
:10D1600005F006F9F0E700BF0000AD0BF210030078
:10D17000A7F9020008B50268530904D14FF0FF3344
:10D18000D340DB070AD4064906484FF46C720DF011
:10D19000A8FC4FF46C7102480DF09AFC024808BDDF
:10D1A000BF100300A7F90200002584402DE9F04FCD
:10D1B0001546824640F2FF19DFF848B185B000EB12
:10D1C0008108D04503D1002005B0BDE8F08FDAF822
:10D1D00000305A04C3F3C321C3F3080400F18C8068
:10D1E000494A1B0E4C4508BF4FF0FF34575C192BC2
:10D1F00000F28580DFE803F00D141A1D20261D8340
:10D20000838383346083838383838383838363778C
:10D210007A7DC5F80C45631C5BD10AF1040AD0E79E
:10D22000C5F81445661CF8D000265AE0C5F8084534
:10D23000F1E7C5F81045F5E7601CC5F80845ECD0E6
:10D24000002604E0611CC5F80C45E6D0012603A8C1
:10D250000394FFF78FFF012101FA04F3C36008E094
:10D26000C5F80845002FDDD1631CD6D0002606275F
:10D270003146DAF80030039403F40040002818BF68
:10D28000002103A818BF012601930091FFF772FF48
:10D29000019B00EB8400D0F80042C3F3412C0099BD
:10D2A0003B0243EA8C030B4304EA0B04234343EAA7
:10D2B0004603C0F80032B0E7C5F80C45D2E7C5F820
:10D2C0006045621CDAF80030A7D0C3F30043002B9E
:10D2D000BCD0012603A80394FFF74CFF06FA04F321
:10D2E00083603146C5E7C5F86445EAE7C5F8684597
:10D2F000E7E7C5F86C45E4E76FF0150064E76FF009
:10D30000850061E7F0F8FCFF2A110300F0B54B79C6
:10D31000012B6BD0032B40F09E8010248B79032BC4
:10D3200040F09980CE7916B1012E40F094800A79B0
:10D330001AB1022A40F08F800E220B684768B3F5BD
:10D34000967F55D0B3F5167F55D0B3F5966F55D06F
:10D35000B3F5166F55D0B3F5965F55D0B3F5165F9C
:10D3600054D0B3F5615F53D0B3F5964F52D0B3F5B7
:10D37000E14F51D047F61225AB424FD0B3F5164FCF
:10D380004FD04DF6C025AB424ED0B3F5614F4ED0D5
:10D39000B3F5963F4ED0B3F5E13F4DD0B3F5613FC5
:10D3A0004DD02E4DAB424DD0B3F5E12F4DD0B3F55E
:10D3B000612F4DD02A4DAB424DD14FF080533D6986
:10D3C0002DB1DFF8A0C0B5FBFCF5B3FBF5F33F686A
:10D3D0000569C7F82435436834431B682243C3F802
:10D3E0006C2503C985E803000020F0BD002495E703
:10D3F0004FF4A033E3E74FF41C33E0E74FF49E23F0
:10D40000DDE74FF41D23DAE7174BD8E7174BD6E7D4
:10D41000174BD4E7174BD2E7174BD0E74FF4000375
:10D42000CDE74FF41D03CAE74FF46503C7E74FF498
:10D430006B03C4E7114BC2E74FF0EB73BFE74FF04C
:10D440006C73BCE74FF08063B9E74FF0E863B6E771
:10D450004FF07063B3E76FF08500C6E790D003002C
:10D4600040420F000024F40000B0130000502700D9
:10D4700000F03A0000A04E0000C0750000903A0194
:10D480002DE9F3410546002201210820FDF7D0FED9
:10D490000820FDF79DFE28462969FFF737FF06465D
:10D4A00068BB2C69A368ABB16B68404A1B684049F4
:10D4B000C3F80423A0683246083010F0EEFCA368DD
:10D4C000DD63A06832463B49683010F0E6FCA36893
:10D4D000C3F89C506F68D7E9004313F001034BD0A9
:10D4E000D5F8108008F1140004F090FB324B9842FC
:10D4F00009D0452131480DF09CFB6FF00406304601
:10D5000002B0BDE8F08198F8140004F10C0204F5B3
:10D5100090710FF0E8F898F814004FF0010808FA3D
:10D5200000F004F045FB0823C4F800357B6AC4F81A
:10D5300044350023C4F84835C4F80880D4F858317D
:10D54000002BFBD00021C4F800156C6801AAE76825
:10D5500038460EF033F8002805DB019B3A6819794C
:10D560001868FFF723FE63685B075FBF08226B68DC
:10D570001B68C3F80025C2E70822C4F800257A6AB0
:10D58000C4F84425C4F848350123A360D4F82031F9
:10D59000002BFBD00023C4F82031D4F82031012324
:10D5A000E3604FF48073C4F80433C7E714020A0041
:10D5B00069B80200F9BC02000000AD0B3211030093
:10D5C0002DE9F84304468846466810F0B4FB6368CA
:10D5D000A8B92E4A127892B14FF020091F6864252D
:10D5E00060680EF0EEF800283ED101200FF079F8C7
:10D5F000013DF5D10021212009F0C2FEEFE74FF0F7
:10D60000200921691F68EFF3118589F31288BFF3A0
:10D610006F8F60680EF0D5F808B38B6853B1D3F8FC
:10D62000A4203AB1D3F8B420002A03DAD7F84C2565
:10D63000C3F8B420736801225B0744BF4FF4800332
:10D64000C7F80433736A204683F80080716A0EF0CD
:10D65000C8F885F31188BFF36F8FBDE8F88385F3B1
:10D660001188BFF36F8FCEE7EFF311810D4689F379
:10D670001288BFF36F8F60680EF0A3F80028D9D12D
:10D6800081F31188BFF36F8FB4E700BF2CEC00204B
:10D69000F7B506461C460569EFF31187202383F38F
:10D6A0001288BFF36F8FAB68D3F8A4C0BCF1000F32
:10D6B00007D087F31188BFF36F8F6FF00F0003B0AF
:10D6C000F0BDC3F8A420AB68C3F8A01001F060431C
:10D6D000B3F1005FAB6814D1C3F8A810AB68C3F80E
:10D6E000AC20294630460EF09EF887F31188BFF330
:10D6F0006F8F3369DB79012B01D1631C06D10020C8
:10D70000DDE7C3F8B0C00EF03DF8EAE74FF400469D
:10D7100000210A4824EAE4740023C4FB0601084AF5
:10D72000FBF77AFBAD6802460B4668350020002106
:10D73000CDE9000128460AF0BDFAE0E73F420F00BC
:10D7400040420F002DE9F74FD0F804A01746D0F85B
:10D7500010B09AF8082081468846DBF80840DAF8CD
:10D76000005052B159495A4840F2BB320DF0B9F954
:10D7700040F2BB3155480DF0ABF994F86120002A16
:10D7800040F0A18094F8622002F0FF01002A40F0EE
:10D790009A80581C51D0042B4FDD05224FF4004CC9
:10D7A00093FBF2F64B480023C6FB0C014A4AFBF7F9
:10D7B00033FB0023C4E91601C4E91087C4E912331E
:10D7C00063652365DAF8042051074CD594F860604E
:10D7D000002E48D0BE4228BF3E4640463246DAF8C8
:10D7E000201010F00EFCBF1B4FF0000328D194F85E
:10D7F00060200BF1100B921BD2B284F86020DAF893
:10D800002000811910F00AFCDBE8EF3F43F004032D
:10D81000CBE8E23F002AF7D145F30735002D08DBBE
:10D8200001226B092D4905F01F05AA40403341F83C
:10D830002320002003B0BDE8F08F00200146B8E7A8
:10D84000D4E916210A430DD0C5F80831D5F80831BE
:10D85000D4E9162300200021CDE9000104F10800DD
:10D860000AF028FAB0440023C5F83485C5F83875A5
:10D87000C5F81031D5F81021C5F84C31D5F84C3128
:10D88000012384F86130DAF804305A0718D5EFF331
:10D890001181202383F31288BFF36F8FD9F81020F2
:10D8A000136943F002009B07106101BF0822D9F8F9
:10D8B00004301B68C3F8002581F31188BFF36F8F14
:10D8C00001232B60B5E76FF00F00B3E7561103009B
:10D8D000A7F902003F420F0040420F0000E100E0C4
:10D8E00008B50268530904D14FF0FF33D340DB077A
:10D8F0000AD4064906484FF46C720DF0F2F84FF462
:10D900006C7102480DF0E4F8024808BDBF10030036
:10D91000A7F9020000258440012310B503FA01F1A4
:10D92000436804691B6819420AD10C490C484FF43A
:10D93000CB620DF0D6F84FF4CB6108480DF0C8F873
:10D940002368194218BF82F0010222B18368DB68A4
:10D95000BDE81040184783681B69F9E7A41103006C
:10D96000A7F902002DE9F84345680769064600213A
:10D97000686B0EF0DCF9041E10DBA96B481C17D095
:10D9800005F13C0000F028FB10F1130F044608D10C
:10D9900045213E480DF04DF96FF012042046BDE8D8
:10D9A000F883411D04D1452139480DF042F9F5E7CE
:10D9B0004FF00108EB6A9847BD68D7E9023203EBE4
:10D9C000C2039D420AD338460EF0E1F97368002184
:10D9D000586B0EF0ACF900EAE074DFE7286810F04D
:10D9E000FAF838B92A6845212B79126829480DF0D0
:10D9F00020F9D1E728682979EB8803F03002302A32
:10DA0000D0F810E0D0E901490AD1234940F2D332DD
:10DA100022480DF066F840F2D3311F480DF058F857
:10DA200003F00602042A08D11B4940F2DA321B48EF
:10DA30000DF057F840F2DA31EFE72468DA0708FA18
:10DA400001FC54BF43F4B01383F4D0131CEA040F59
:10DA500023F4801208D1104940F2ED320F480DF046
:10DA600040F840F2ED31D8E7DEF80040DB074CBF6C
:10DA70004CEA040424EA0C04CEF80040D9F8003043
:10DA80009847041E8ADB083597E700BFD5110300CD
:10DA90000512030027120300A4110300A7F90200D6
:10DAA0002DE9FF4105690646D0F80480A86D2B6E6C
:10DAB000002835D1002B53D0B8F830406A6D9C4215
:10DAC00028BF1C46EF6DEB6D53B1296E41B107F0D5
:10DAD0006041B1F1005F03D0082C28BF08246F6FAC
:10DAE00000926A6DAC661AB1AA6D002A18BF224670
:10DAF000CDE901271BB12B6E002B18BF2346002256
:10DB000069464046039305F025FA184B984229D000
:10DB10006FF00401304604B0BDE8F0410EF059B991
:10DB2000696DEF6D0A46B8F83040ABB1834228BF4B
:10DB300003469C4228BF1C460029C4D001F0604324
:10DB4000B3F1005FBFD0082C28BF0824286F2246FD
:10DB500010F057FA2A6FB6E7844228BF0446EBE775
:10DB60001946D7E704B0BDE8F08100BF0000AD0B57
:10DB700010B502780346002A5DD10C69A26E32B955
:10DB8000606E6FF07301BDE810400EF022B9E06DD9
:10DB900040B1216E31B1DB6823B1834202D0616FA5
:10DBA00010F02FFAA36DA26E2BB19A4211D9452124
:10DBB00021480DF03EF8236EA26E2BB19A4221D976
:10DBC00045211D480DF035F8606EBDE81040FFF7A7
:10DBD00067BF9B1AA3657BB9636C04F158020833D5
:10DBE0006364A36C04F14801013BA36404F14400A5
:10DBF0000EF08AF86065DEE7636D002BDBD013441E
:10DC00006365D8E79B1A23667BB9E36C04F1600275
:10DC10000833E364236D04F15001013B236504F1F3
:10DC20004C000EF071F8E065CEE7E36D002BCBD031
:10DC30001344E365C8E710BD501203002DE9F04F0F
:10DC4000984643688FB001938B880F469904054628
:10DC50009146046930D44FF0FF324FF0FF3304F1A6
:10DC6000100008F005F96760D5F804B0D5F810A0E9
:10DC7000DBF8083003939AF86D3023B1DAF80030FE
:10DC80009F4200F0B680B7F804E01EF4006F1AD08F
:10DC90004521AC480CF0CDFF6FF0850623689B88CA
:10DCA00013F4005304D1636004F1100008F0A6F8E7
:10DCB00030460FB0BDE8F08FA369002BCBD163686D
:10DCC0009F42C8D1D0E71EF0010F07D045212A6836
:10DCD0009D480CF0AEFF6FF01506DFE71EF0080F51
:10DCE00004D0452199480CF0A4FFF4E7CEF3451386
:10DCF000082B02D045219648F5E73B680293029A2B
:10DD0000944B9A4202D845219348ECE706AE0BF1BA
:10DD10000C0CBCE80F000FC69CE80F0086E80F0053
:10DD2000DDE902329A4228BF1A468C4B9A4211D240
:10DD30008B4B9A4246D88B4B9A4245D88A4B9A4293
:10DD400044D88A4B9A4243D889488A4B8A498242AE
:10DD500088BF0B461EF0020F0B930EF0040339D060
:10DD6000002B14BF032302238DF83030CEF30013B1
:10DD70008DF83130DBF800301EF0020FD3F8086563
:10DD800005A805962AD1FFF7ABFD0123B340C36078
:10DD90009AF86D302BB1584605F08EF800238AF8BA
:10DDA0006D302B46754A584606A905F047F8744B66
:10DDB0000246984218D0452172480CF03AFF6FF0A5
:10DDC00004066BE7704BC5E7704BC3E7704BC1E7C8
:10DDD000704BBFE7003B18BF0123C5E7FFF780FD8D
:10DDE0000123B3408360D3E70123CAF800708AF8A7
:10DDF0006D30012384F86C30019B996B4A1C09D06B
:10DE000003F13C0000F018F9743003D15721624847
:10DE10000CF00FFFB9F1000F69D1C4F84490002352
:10DE2000A36404F1580204F1480104F144000DF028
:10DE30006BFF6065B8F1000F61D1C4F84C8000231E
:10DE4000236504F1600204F1500104F14C000DF06F
:10DE50005BFF002601213246E065266420460DF076
:10DE600075FF2846FFF71CFE32463346A06C8342FE
:10DE70004DD100231946266DB1424FD1934238BF90
:10DE8000134627464FF4FA524FF0000802FB03F600
:10DE900057F8283B4FF4004C1B684146B6FBF3F69D
:10DEA00040F2E730C8364FF47A720023E6FB0C01EB
:10DEB000FAF7B2FF02460B46384607F0D9FF024692
:10DEC00098B3452135480CF0B4FE0198C4F8688039
:10DED00004F0F2FF6FF07301284684F86D800DF0B6
:10DEE00078FF384608F024F86FF07306D6E6D9F8C4
:10DEF00000306364002B92D0D9F8043090E7D8F852
:10DF00000030E364002B9AD0D8F8043098E7616CB5
:10DF100001EBC301496801330A44A8E7E06C00EB58
:10DF2000C100406801310344A6E7266C16F1740F66
:10DF3000CBD0002E3FF4B2AE014628690DF006FFAB
:10DF4000ACE600BF7312030092120300B912030083
:10DF5000DD12030047E801001113030000127A00EC
:10DF6000FF083D007F841E003F420F001FA10700F5
:10DF70008FD0030048E8010090D0030071DB01005E
:10DF80000000AD0B4713030000093D0080841E0014
:10DF900040420F0020A1070073130300A2130300E7
:10DFA00008B50268530904D14FF0FF33D340DB07B3
:10DFB0000AD4064906484FF46C720CF092FD4FF4F7
:10DFC0006C7102480CF084FD024808BDBF100300CC
:10DFD000A7F90200002584400123F0B587B08DF831
:10DFE0000230022300248DF804306B4403930F4663
:10DFF00001AB0DF10301049305460291059404F071
:10E00000DFFB0C4B064698420FD13946284603AA3F
:10E0100004F0AEF9B0420BD028469DF8031004F08E
:10E02000C3FB6FF0040007B0F0BD6FF01200FAE719
:10E030002046F8E70000AD0B2DE9F3410C460546FC
:10E040000EF018FC002221460746284604F0C4FBC7
:10E0500001A80194FFF7A4FF00EB8402D2F800129C
:10E06000154BA6000B4043F00C03C2F800320DF034
:10E07000C1FE80462B68DB59ABB1002721462846FC
:10E080000EF0F6FB01A80194FFF78AFF3044D0F8A8
:10E090000022094B134043F00403C0F80032384615
:10E0A00002B0BDE8F0810DF0A5FEA0EB0800062847
:10E0B000E0D96FF07307E1E7F0F8FCFF70B40E49A8
:10E0C00022F07F46D1E90034D01AC31844F100048D
:10E0D000C1E90034A6F50013B3F5400F09D2074B90
:10E0E0001B681A0A1B069C19054B42F10005C3E97F
:10E0F000004570BC09F060BCE0D2002090D900203F
:10E10000E8D200200D4B1868010A0006BFF35F8FAC
:10E110000B4BD3F80435181841F10001B3F5801FFB
:10E120000AD2084BD3E90023904271EB030303D2D8
:10E1300010F1807041F10001704700BF90D90020BC
:10E1400000500140E8D200202DE9F7432E4BD3F8D0
:10E15000042390070BD5D3F8042142B10022C3F861
:10E1600004212A4AD3F80431136801331360264A84
:10E17000D2F80433D90326D5254BD3E8EF1F21F07D
:10E180000100C3E8E40F002CF7D1CB0702D4D2F88A
:10E190004031C3B100251C4CC4F84051D4F8403183
:10E1A000FFF7B0FFEFF31182202383F31288BFF350
:10E1B0006F8F184BD3E90267B042B94106D282F3A0
:10E1C0001188BFF36F8F03B0BDE8F0834FF0FF38C5
:10E1D000D3E900104FF0FF391D60C3E902894FF405
:10E1E0008033C4F84833C4F84051D4F8403182F346
:10E1F0001188BFF36F8F0029E5D0009032463B466F
:10E2000028468847DFE700BF0050014090D9002032
:10E2100088D90020D0D200202DE9F84F04460D46C1
:10E22000434FD7E8EF8F28F00103C7E8E23F002A09
:10E23000F7D14FF480393F4EC6F80893BFF35F8F94
:10E24000BFF36F8FFFF75EFFA04271EB050308F08D
:10E25000010840D2384B201A65EB0101984271F158
:10E26000000148D2354BD3E902239D4208BF9442B6
:10E270003AD04FF0000C24F07F40834603216FF02A
:10E28000020EC6F84893C6F840C1D6F84031DFF810
:10E29000B0A02BF07F43C6F84035C6F84493D6F8BB
:10E2A0000425AEEB02035B4423F07F4353451BD9A7
:10E2B000D6F840315BB1D6F80425131A23F07F431A
:10E2C000B3F5000F10D9C6F840C1D6F8403101EBC4
:10E2D000020B0131DDE71B4BD3E8EF1F41F00101D9
:10E2E000C3E8E21F002AF7D1144B174AC3E90245DD
:10E2F0001A6000225A60B8F1000F16D0D7E8EF3F3D
:10E3000043F00103C7E8E23F002AF7D14FF480321F
:10E31000084BC3F804230B4BD3E8AF3FDB0742BFE6
:10E320004FF40012094BC3F80021BDE8F88F00BF7D
:10E330008CD900200050014001008000D0D2002084
:10E34000FDFF7F0088D90020BDE0010000E100E072
:10E3500070B54FF0FF3000254FF0FF31164C174BD2
:10E360000226C4F80833C4F84833154BC4F80855DE
:10E37000C3E902014FF480334FF40012C4F80433B0
:10E38000104B0121C4F804631520C3F880212A46EC
:10E39000FCF74EFF1520FCF71BFF01230A4AA36080
:10E3A0000021236009481360FFF736FF3046FEF76F
:10E3B000A5F9284670BD00BF0050014003000F00C2
:10E3C000D0D2002000E100E08CD90020FFFF7F00C8
:10E3D000431C10B50F4C05D08442A8BF0446012C45
:10E3E000B8BF0124FFF78EFE0B4AD2E90031C01AF4
:10E3F000B0F5000F074A0AD22044904228BF1046C9
:10E40000BDE81040C01841F10001FFF705BF1046FC
:10E41000F6E700BFFFFF7F00E0D2002008B5FFF75E
:10E4200071FE024B1B68C01A08BD00BFE0D200207D
:10E43000012310B5074C15206360FCF7D7FE4FF49D
:10E440000012054BC4F80833C4F84833034BC3F833
:10E45000802110BD0050014003000F0000E100E0EA
:10E4600070B505460A4C0B4EB4420ED90A490B480A
:10E4700097220CF036FB972107480CF029FBD4E9D2
:10E480000031284698470834EEE7F8D370BD00BF46
:10E49000E8310300E8310300E4130300A7F90200A8
:10E4A000F0B5002201212A2099B0FCF7C1FE3348C3
:10E4B00004F0CAFE044620B10246452130480CF063
:10E4C000B8FB6E46202130462E4A05F0B9FB0546C2
:10E4D000002837D12C4930460FF044FE801B00F154
:10E4E00060030DEB030000F8605C324649212748C9
:10E4F0000CF09FFB08AE40213046254A05F0A0FBFA
:10E50000054640BB202130460FF0BEFD1E490746A0
:10E5100030460FF027FE831B60336B4449211D48B2
:10E520007A1C03F8405C0CF084FB1B4D1B4EB5427B
:10E5300020D91B491B48B9220CF0D3FAB92118483D
:10E540000CF0C6FAC0F3074320F47F0245211648B9
:10E550000CF06FFBCEE7C0F3074320F47F024521A8
:10E5600012480CF066FBE0E7D5E9003120469847F9
:10E570000835DCE7F8D3204619B0F0BDECF3020013
:10E580001614030047140300DF2603004F14030092
:10E59000A8140300B7140300E83103000832030095
:10E5A000E4130300A7F9020069140300CE1403006A
:10E5B00037B5164C164DAC420DD916491648D02227
:10E5C0000CF08FFAD02113480CF082FAD4E9003015
:10E5D00098470834EFE7F9D3104911480DF10602C6
:10E5E00005F0F4FB01280CD1BDF8063023F004033C
:10E5F0009BB233B10B4857210CF01BFB0A4805F0C6
:10E60000BBFA04F087FE002003B030BD08320300DF
:10E6100008320300E4130300A7F902000B150300FE
:10E62000161503001F1503007F150300F0B50F4BEF
:10E6300001461A680E4B0B25002618461F46B842A5
:10E6400001D3013D04D11846013A19605A60F0BD6A
:10E6500004688C42FBD03CB14468141BA642BCBF8A
:10E66000034626460830EAE70346ECE750DA002086
:10E670005CDA00200020054BC3E90000044BD3E81E
:10E68000EF2FC3E8E10F0029F9D1704754DA0020D9
:10E6900050DA00202DE9F04F89B005460E460EF005
:10E6A0007FF920B96FF06D0009B0BDE8F08F0FF071
:10E6B000ADFB33680446002B0F4604D108F05AFD29
:10E6C0006FF00A00F0E7BCBF4FF0FF333360012268
:10E6D000002101A80FF0F9FAE8460795EFF3118B36
:10E6E000202383F31288BFF36F8F10F085F8DFF8D3
:10E6F00028A1DFF828915AF80000FFF797FFD9F812
:10E70000003042689A426ED10023454D00936B68F9
:10E71000002B6FD1C5E900888BF31188BFF36F8F91
:10E7200033685A1C6BD04FF4004E40F2E7300021A2
:10E7300023EAE37C4FF47A720023CCFB0E01FAF754
:10E740006BFB02460B4601A807F092FBEFF3118B1F
:10E75000202383F31288BFF36F8F00222B685BB1F5
:10E76000434556D10099002A4DD16A6829609A42E2
:10E7700000D169600023009310F03EF85AF80000C1
:10E78000FFF754FFD9F8003043608BF31188BFF3D3
:10E790006F8F0EF005F9002884D035686B1C27D0E8
:10E7A0000FF034FB4FF47A7EA0FB0E320EFB0121FA
:10E7B000A4FB0E420EFB0722DB0BE40B43EA4143B2
:10E7C00044EA42441B1B4FEAD1314FEAE57C61EB3E
:10E7D000D231ED1A6CEB010CBCF1000FB8BF002573
:10E7E00035602DB96CE743608BF31188BFF36F8FF1
:10E7F000002059E7C3F80080C5F804808CE74FF08B
:10E80000FF3213469FE711606968994208BF6A604A
:10E81000B0E71A461B68A2E70800000050DA0020A3
:10E8200054DA002008B5031E08DC07490748F32224
:10E830000CF057F9F32104480CF04AF90FF0DCFF13
:10E84000034A135008BD00BF89150300A7F9020051
:10E850000C00000070B50368114C2BB1A34203D328
:10E8600004F1A805AB4215D30E4D2B78062B0AD91F
:10E870000D490E4840F207120CF033F940F207112F
:10E8800009480CF025F95E1C03EB430304EBC304B9
:10E890002E7004600068BDE870400FF016BA00BF2B
:10E8A000A8D900201AE4002089150300A7F9020066
:10E8B00008B528B10A4A904202D3A83290420AD33E
:10E8C000084909484FF48B720CF00BF94FF48B7127
:10E8D00004480CF0FDF8BDE8084007F08FBA00BF0F
:10E8E000A8D9002089150300A7F9020070B50546D4
:10E8F00028B1174B984202D3A83398420AD315493E
:10E9000015484FF490720CF0ECF84FF490711148E8
:10E910000CF0DEF84B1C17D021EAE1744FF40046EE
:10E9200040F2E73000214FF47A720023C4FB060165
:10E93000FAF772FA02460B46284607F099FA0028C1
:10E9400018BF6FF00A0070BD4FF0FF321346F3E7B7
:10E95000A8D9002089150300A7F9020008B50268AC
:10E960000E4B2AB19A4203D303F114018A4210D309
:10E970000B4A117851B10B490B484FF49D720CF0C2
:10E98000B0F84FF49D7107480CF0A2F80121036024
:10E9900011700068BDE808400FF079B994D90020E3
:10E9A00019E4002089150300A7F9020008B528B171
:10E9B0000A4A904202D3143290420AD308490948C5
:10E9C00040F249120CF08DF840F2491104480CF065
:10E9D0007FF8BDE8084007F0BBB800BF94D900201D
:10E9E00089150300A7F9020070B5054628B1174B39
:10E9F000984202D3143398420AD31549154840F27D
:10EA000053120CF06EF840F2531111480CF060F8FC
:10EA10004B1C17D021EAE1744FF4004640F2E73076
:10EA200000214FF47A720023C4FB0601FAF7F4F9CF
:10EA300002460B46284606F0D5FF002818BF6FF0A7
:10EA40000A0070BD4FF0FF321346F3E794D900205F
:10EA500089150300A7F9020038B505460A4BD3E82B
:10EA6000EF1F0131C3E8E21F002AF8D1074B1C68F1
:10EA700004B938BDE369AB4201D005B113B9201D1B
:10EA800007F0BCF92468F3E750DA002054DA0020DC
:10EA900001460022002301480FF0CDB8ACDA002077
:10EAA0000146014806F006BDACDA0020014600220E
:10EAB000002301480FF0BFB8C4DA00200146014826
:10EAC00006F0F8BCC4DA002008B54FF480620649AD
:10EAD00006480FF0A8F8BDE808404FF40252044978
:10EAE00004480FF0A0B800BF1BE40020ACDA0020FF
:10EAF000E8840020C4DA002010B5044B1C6804B977
:10EB000010BD201D07F07AF92468F8E754DA0020D8
:10EB1000014805F02BB800BF1DEB010070B505469C
:10EB20000A4C0B4EB4420ED90A490B4813220BF083
:10EB3000D8FF132107480BF0CBFFD4E9003128465A
:10EB400098470834EEE7F8D370BD00BFD03103001A
:10EB5000E8310300C4150300A7F90200292864D096
:10EB600008DC01284CD0062863D000285BD04FF089
:10EB7000FF307047B0F58D7F04D0B0F5007FF6D13F
:10EB80001E2946E04B1E142BF1D801A050F823F0AB
:10EB9000E7EB0100E7EB0100E7EB0100E7EB010029
:10EBA000E7EB0100E7EB01006FEB01006FEB010009
:10EBB0006FEB01006FEB01006FEB0100E7EB010071
:10EBC000E7EB0100EDEB0100F1EB01006FEB010061
:10EBD0006FEB0100E5EB0100F5EB0100F9EB010043
:10EBE000FDEB01000E210020116070470F21FAE7B4
:10EBF0001021F8E71121F6E71221F4E71321F2E7DB
:10EC00002129F0D009DC1429EDD004DC0229EAD056
:10EC10000429E8D0ABE71529FBE72829E3D03D29F3
:10EC2000E1D02229F5E71F29F3E72029DBD03E298F
:10EC3000EFE73729EDE700BF4FF0FF32064B00202A
:10EC40001A609A611A639A641A669A67C3F89020E8
:10EC5000C3F8A820704700BFE0DA00202DE9F0419A
:10EC60001446002286B001290D461E46CDE9042235
:10EC7000DDF83080076803D1192C12D15F2307E03B
:10EC80002146284603AAFFF769FF002824DA6D23EE
:10EC90000FF0B2FD144A13504FF0FF3006B0BDE83C
:10ECA000F0812146284603AAFFF758FF0028EEDB33
:10ECB000143C012C07D836B14FF008083268B3680D
:10ECC0000492059304AE334629463846039ACDF89C
:10ECD000008005F057FDE1E7B5F58D7FF3D10C2CF1
:10ECE00008BF4FF00408EEE70C0000002DE9F041EA
:10ECF0001C46002386B00F461546CDE90433082391
:10ED00000668294638460DEB0302DDF83080039390
:10ED1000FFF724FF00280ADA0FF06EFD6D224FF096
:10ED2000FF361A4B1A50304606B0BDE8F081012F6D
:10ED30001DD1A5F11403012B19D803AA04AB304649
:10ED400000923946029A05F0F7FD06460028EAD1FE
:10ED5000012FE8D1042D0DD120680028E3D0FFF762
:10ED600061FD0FF049FD094B1B582360DBE742466C
:10ED70002346E4E7143D012DD5D8049BC4E90030B7
:10ED8000059BA3601023C8F80030CCE70C000000FE
:10ED90000B490346087880B90A49097839B1A2F5C8
:10EDA000807102290AD9A2F58872012A06D9013B8D
:10EDB000022B8CBF0020012070470020704700BF4D
:10EDC0009CE800209BE8002070B40023182501680F
:10EDD000084C05FB03F2A658B14206D1B0F9061063
:10EDE0000832A01870BC09F063BA0133082BF0D1C7
:10EDF00070BC7047E0DA00202DE9F04389B0054689
:10EE0000D0E900900E4617469846109C08B10DF0C8
:10EE100025F8A4B9CDE9004443463A463146484670
:10EE20000EF075FA0446686828B14FF0FF324FF0D3
:10EE3000FF330DF011F8204609B0BDE8F0832388B8
:10EE4000012B0BD1ADF80830636862880393082367
:10EE5000ADF80A2001936B440093DDE7022B18D133
:10EE60006288ADF80830ADF80A20231D0DF10C0CB6
:10EE700004F1140E624618685968083303C27345DA
:10EE80009446F7D1237D8DF81C301623019302ABF5
:10EE9000E2E70FF0B1FC6A22024B4FF0FF341A5048
:10EEA000C1E700BF0C0000002DE9F347074690467C
:10EEB0000C4679B300231A46C868834235D1802AAC
:10EEC00072D800254FF0FF324FF0FF3339480CF075
:10EED000C3FFA946384EE368AB422DD8002635461D
:10EEE000DFF8D4A0B14511DD85B9636838460193D8
:10EEF0002368A9EB060200930AEB06014346FFF7DD
:10EF00007BFF051EEEDD2E44B145EEDC29480CF0FA
:10EF1000A5FF06E00FF070FC16224FF0FF35274BDF
:10EF20001A50284602B0BDE8F087A16801EBC30182
:10EF3000496801330A44C0E7A36806EB090003EB04
:10EF4000C50253F8351052680FF05BF8A3684FEA1A
:10EF5000C50A53445B6801359944BCE7A3684FEA8E
:10EF6000C60A03EBC6035B683BB14FF00009A36818
:10EF700003EB0A025268914504D30136E368B342B9
:10EF8000ECD8CEE753F80A1063684944019323682C
:10EF900038460093A2EB09024346FFF72DFF011EFE
:10EFA00005DB89440D44E2E700263546E6E70D46D9
:10EFB000B7E700BF4CCC00201BE800200C0000008D
:10EFC0004FF0FF324FF0FF3370B505460B480CF0A1
:10EFD00043FF002318200A4A00FB03F156588C18FF
:10EFE000013605D1555005480CF038FF204670BD5C
:10EFF0000133082BF0D10024F5E700BFE8CB002057
:10F00000E0DA002038B5094D04464FF0FF322846BB
:10F010004FF0FF330CF020FF00234FF0FF32C4E924
:10F0200000232846BDE838400CF018BFE8CB00208C
:10F0300010B504460F4B104A186003680F48DA6198
:10F04000FCF7C8FE236853B90D490E4840F206325A
:10F050000BF047FD40F2063109480BF039FD0C3347
:10F06000D3E8EF1F41F00801C3E8E21F002AF7D1FF
:10F0700010BD00BFDCDA00209DF1010018F4020091
:10F08000FB0D0300A7F90200F0B5A1F58173046838
:10F0900087B0032B58D8DFE803F002417A540127E8
:10F0A000D2E9016113683B4AB3F904300492ADF828
:10F0B00014308DF816703368994205D10FF09CFB1F
:10F0C0000C22354B1A5014E000F1080528460EF0CA
:10F0D00083FF2B4600223946306808F0C9FF082319
:10F0E000204600933C22394604AB05F04BFB044616
:10F0F00010B14FF0FF340EE0336814333360CDE9C4
:10F100000200284602AA03A90EF06BFF039B002B06
:10F1100018BF6FF07704204607B0F0BDD2E9004277
:10F120001368143313600023CDE9033303AA04A941
:10F1300008300EF056FF049B0BB1039BE3800024C4
:10F14000E9E713684360FAE7032913D0042919D1CA
:10F15000126832F4804304D00FF04EFB16210E4BA0
:10F16000195004212046C2F3803207B0BDE8F040B8
:10F170000EF036BB204600220EF032FB840304F46E
:10F180008044C8E70FF038FB1622034B9AE76FF074
:10F190005E04C0E7C9ED01000C0000002DE9F0415C
:10F1A0000D1E0646174615DA07F032FFDFF87C80A1
:10F1B000012388F800303A46304625F04041FCF7FC
:10F1C000F5FB002388F80030044607F06FFF204667
:10F1D000BDE8F08115F0804804D007F019FFDFF892
:10F1E0005080E5E7FAF7E8FF041E09DB29463A46B6
:10F1F00030460DF084FE051E05DA20460BF066FC55
:10F200004FF0FF34E3E7FFF7DBFE014640B90FF0B4
:10F21000F3FA0C22074B1A50284605F07FFAECE768
:10F2200043462046044AFBF705F8D0E79CE8002057
:10F230009BE800200C00000020F402002DE9F043C0
:10F2400089B007460C461546FAF7B6FF0646002E6B
:10F2500038681EDB04B315B32B6801AA082B18BF4E
:10F2600016230DF10809019349460DF0B2FFB0F1E4
:10F2700000080BDBFFF7A4FE074698B90FF0BCFAB5
:10F280000C22274B1A50404605F048FA30460BF046
:10F290001DFC4FF0FF3619E02246A146E4E72A465E
:10F2A000A946E1E764B15DB1B9F80020012A11D1A6
:10F2B00008232B60BDF80A3022806380039B6360C3
:10F2C000002339463046174AFAF7B4FF304609B0F2
:10F2D000BDE8F083022A17D118232B60BDF80A304D
:10F2E00003AD638023460DF11C0C23F8042B2A4642
:10F2F00003CA624518605960154603F10803F6D148
:10F300009DF81C302375DBE70FF076FA8622044B5C
:10F310001A50404605F002FA3846FFF773FEB5E78B
:10F320000C00000020F40200F0B50A880B46012A08
:10F33000066887B00DD1ADF80020082249885B68C7
:10F34000ADF802100193694630460DF0D0FE07B0CB
:10F35000F0BD022A15D14988ADF80020ADF80210A1
:10F360001A1D01AD03F114072C46106851680832CC
:10F3700003C4BA422546F7D11B7D16228DF81430FE
:10F38000E1E70FF039FA6A22024B1A504FF0FF30D2
:10F39000DDE700BF0C000000D0E900234521014853
:10F3A0000BF047BC0016030008B5054804F0D8FB75
:10F3B000024618B1452103480BF03BFC002008BD74
:10F3C00049F401002E1603002DE9F843184E194F99
:10F3D000DFF8648000220023304606F0B5FC0546C5
:10F3E000D8B9BDE8F883237ADA070AD49B0708D492
:10F3F000216819B148460EF0B5FE10B14846636861
:10F4000098470C34BC420CD90C490D4860220BF0D3
:10F4100068FB602109480BF05BFB0A4C05F104090D
:10F42000F0E7E0D32946404606F044F8D2E700BFB3
:10F4300038CD002050CB0020D0CB00206016030038
:10F44000A7F90200FCCA00202DE9F041044610BBD8
:10F450002749362227480BF044FB362124480BF07D
:10F4600037FB2F7AFA070AD4296819B120460EF023
:10F4700079FE20B1BB070CD520466B6898470C3548
:10F4800045450DD91A4939221A480BF02AFB392172
:10F49000E4E70126F3E70026174DDFF86080EFE789
:10F4A000DFD31EB32046F9F7E3FC0022411D002301
:10F4B00013480EF0C0FB054658B9224657211148A3
:10F4C0000BF0B7FB0A494F220A480BF00AFB4F2109
:10F4D000C4E721460430F9F7C3FC29460A480EF078
:10F4E000E9FBBDE8F041094806F06CBFBDE8F081DA
:10F4F00060160300A7F90200FCCA002050CB0020D0
:10F50000D0CB00208C16030038CD00207CC9002011
:10F5100050B103685BB143684BB10069054BC01A39
:10F5200018BF4FF0FF3070476FF0150070474FF075
:10F53000FF307047EEFFC00000232DE9F04F0C466E
:10F54000017B89B005464268079369B1C4E900238D
:10F5500008222281426803730792AB6800200133BE
:10F56000AB60079B6B6079E0D0F80880B8F1000FC2
:10F5700005D110460CF0B9FD08B102326A606F681F
:10F580003E78002E71D00D2E51D00A2E02D17B78FC
:10F59000002B6AD03A46137892460D2B02F10102F5
:10F5A000F9D00A2BF7D04FF00009DFF8CCB05BF8A8
:10F5B000041B08460191F9F75BFC0199024650468D
:10F5C0000EF08CFD002850D009F10109B9F1040FAB
:10F5D000EDD10D2E01D00A2E02D17B78002B47D120
:10F5E00038460CF082FD002842D102AE3946304642
:10F5F00007AAB8F1000F20D10CF002FE96E8070030
:10F6000084E80700237ADBB1237A0798053B032BB4
:10F61000A3D80178627A0D2903D8184B0B41DB0778
:10F620001FD50CF062FDE0B9002A96D114E07B787A
:10F63000DBB10A2BAED1BB78AAE70CF074FEDDE794
:10F640003046696807AA00F0A5F896E8070084E844
:10F650000700237A002BD7D16FF04C0009B0BDE82A
:10F66000F08F012A08BF2A7377E76FF00400F5E7EF
:10F670006FF00A00F2E700BF64F40200FEDBFFFF58
:10F680002DE9FF411F460023054688461646CDE971
:10F6900001330393002A64D0FFF73AFF044688B988
:10F6A000AB68013B99429CBF2B68C5E901302846F5
:10F6B00001A9FFF741FFAB680446013B984505D916
:10F6C0000028F4D0204604B0BDE8F0810028F9D12C
:10F6D0009DF80C30052B47D10FF08EF8DFF89080A5
:10F6E000052F054640F80840019810D103782D2BCE
:10F6F00002D16FF02104E5E70A22214609F0AAF8B9
:10F7000055F80830222BF4D030607160DAE70A2215
:10F71000214608F0A9FF013F0546032F03D8DFE883
:10F7200007F00D10141810F5004341F10001B3F576
:10F73000803F71F10001DCD23580C3E7B0F5803F36
:10F74000F7E710F1004341F100010029D1D1356004
:10F75000B8E70FF051F858F80030222BC9D03560C7
:10F76000D3E76FF01504ADE76FF05E04AAE700BFC2
:10F770000C00000048B141B10023054AC0E9001166
:10F780008360C3600261184670476FF015007047D0
:10F79000EEFFC0000B7830B5392B08D82F2B0AD8D4
:10F7A000202B23D00023C0E90033836030BD5A2BC7
:10F7B00018D8402BF6D90C46164D14F8013F5A2B99
:10F7C00021D8402BF9D8203BDBB2192B03D825FADE
:10F7D00003F3DB07F1D402B11460641A092301605A
:10F7E0004460E2E7613B192BE5D9DBE74B785A2B04
:10F7F00006D8402B02D8303B092BD3D80131DAE7A9
:10F80000613B192BF9E75F2BD7D0613B192BE2D86D
:10F81000D3E700BF0160FF0308B530B100F084F802
:10F82000BDE80840002000F037BB00F0CDF800280C
:10F83000F6D0452102480BF0FCF96FF0150008BD29
:10F84000ED160300024610B528B145211948BDE860
:10F8500010400BF0EEB9184B1978184B18780CF0D3
:10F860002BFE024610B145211548F0E71549164810
:10F870000CF01AFE024610B145211448E7E70CF0DF
:10F8800015FE044618B1024645211148DFE70CF089
:10F890000FFE01210F4804F06FF920460CF00AFE1C
:10F8A000024610B145210C48D1E7BDE8104001F0F7
:10F8B0005FB800BF0F1703009FE80020D4CA0020E4
:10F8C00049170300841703008D17030096170300E0
:10F8D000BC170300E1170300F417030070B50B4CCD
:10F8E0000B4EC5B2B4420ED90A490B4893220BF015
:10F8F000F8F8932107480BF0EBF8D4E900312846DB
:10F9000098470834EEE7F8D370BD00BFD03103004C
:10F91000D03103001A180300A7F90200014806F0CD
:10F9200017B900BF10CC002070B50646124D4FF03D
:10F93000FF324FF0FF33114806F054F82C6844B9F9
:10F9400008200EF05AFB48B9FFF7E8FF6FF0680097
:10F950000DE063689E4207D02468F0E704604660CB
:10F960006B682BB9C5E90000FFF7D8FF002070BD18
:10F9700018606860F8E700BFA0DB002010CC002012
:10F9800038B50F4C05462368C3B14FF0FF334FF035
:10F99000FF320C4806F026F823680BB11C681BB92F
:10F9A000BDE83840FFF7BABF28465B6898471CB1EE
:10F9B000226823461446F2E72246FAE738BD00BF24
:10F9C000A0DB002010CC0020024B1868B0FA80F0B9
:10F9D00040097047A0DB0020F7B51646044640B941
:10F9E0001349144813220BF07CF8132110480BF034
:10F9F0006FF80EF001FF00230F4F0A46C351054672
:10FA000001A9204608F0BAFD019BA3420DD01B7846
:10FA10005BB900F10043013B033302D9EB59222BC0
:10FA200003D03060002003B0F0BD6FF03C00FAE777
:10FA300054180300A7F902000C00000030B51D4661
:10FA4000102387B01446019340B91049282210486A
:10FA50000BF047F828210D480BF03AF832B90B4962
:10FA600029220B480BF03DF82921F4E701AB02AA4B
:10FA70000CF0BFFB40B92246294602A8FFF7ACFFB5
:10FA8000002818BF6FF03C0007B030BD54180300C9
:10FA9000A7F902007FB51E4607231546019302AA67
:10FAA00001AB0CF0A6FB044638B1452102461248D2
:10FAB0000BF0BFF8204604B070BD019B32461033F6
:10FAC0006B4403F8080C0A210DF10B00FFF784FFCB
:10FAD000044618B1024645210848E9E78DF80B00B5
:10FAE0002A460A2102A8FFF777FF04460028E1D042
:10FAF000024645210248DBE78A180300AD180300DF
:10FB0000CF1803001FB500230393074B4FF4806207
:10FB1000029302AB009305490E23054806F058FCFA
:10FB200005B05DF804FB00BFF118030030ED0020C4
:10FB3000F0D2002000487047F0D200202DE9F041BB
:10FB40000546B2B03822002124A80EF081FA45B94A
:10FB50009749D82297480AF0C4FFD82194480AF060
:10FB6000B7FF0A230021302218A8CDE903310EF097
:10FB70006FFA4FF0FF33294613A8CDE91A33CDE9C8
:10FB80000833FFF7F7FD30B18949572289480AF059
:10FB9000A8FF5721E2E7012102AA13A80CF026FBD7
:10FBA000044668B14521024683480BF042F82B46D3
:10FBB0002246452181480BF03CF832B0BDE8F08187
:10FBC00004A913A89DF808700CF0F0FA044618B1C7
:10FBD000024645217A48E8E75A2F1ED0049B032BA2
:10FBE0001BD9022103AB10AA13A80CF002FB01469B
:10FBF00020B9102210A808F0C7FD1B900A2303218A
:10FC0000039310AA03AB13A80CF0F3FA014620B932
:10FC1000102210A808F0B8FD1A90042102AA13A817
:10FC20000CF0E4FA002864D19DF80880052105AAAB
:10FC300013A80CF0DBFA0621044606AA13A80CF060
:10FC4000D5FA059B04431C4309D11B9B5721009304
:10FC5000069A1A9B5B48CDF804800AF0EAFF07F089
:10FC6000FB03012B48D0052F78D8FFF7ADFE002805
:10FC7000A3D1554B1A78BA4207D08DF8900024A82A
:10FC80001F708DF89870FFF77BFE504B1A999A6899
:10FC9000914203D1DB681B9A9A4219D004234B4D41
:10FCA00018AC8DF890300FCC0FC50FCC0FC594E871
:10FCB0000F0018AE85E80F000FCE26AD0FC50FCE92
:10FCC0000FC594E80F0085E80F0024A8FFF758FE41
:10FCD0003F4A1378434555D0B8F1090F05D840F293
:10FCE000812323FA08F3DB0742D4424645213948F1
:10FCF00039E04FF0000899E7002309250721CDE9F5
:10FD00000A33CDE90D338DF830308DF83C300AAA36
:10FD100007AB13A807950CF06CFA0DAA044608214E
:10FD200007AB13A807950CF064FA54EA00020AD155
:10FD300008AB0DA90AA800F02DFC024618B1452118
:10FD400025480AF076FF012F01D0052F8DD11A9B8F
:10FD500001330BD0214806F051F886E75A2F84D0A2
:10FD60003A4645211E480AF064FF26E704277CE74F
:10FD7000052324A882F800808DF890308DF89880B3
:10FD8000FFF7FEFD07F0FB07012F7FF416AF089B7E
:10FD9000013309D1FFF7CEFE044600F065FD0146B0
:10FDA00020460DF0B4FF08E708A800F051FB04E777
:10FDB000F8180300A7F902002D1903003D1A0300EB
:10FDC0005F190300B31903009DE80020A8D30020A9
:10FDD0009EE800209B1A03000B1A0300A8CC002009
:10FDE0006E1A0300002313B504460193C8B10DF148
:10FDF00002020D490D4801AB03F0E8FF021E07DCCB
:10FE00000B4845210AF015FF6FF00D0002B010BD40
:10FE1000019B002001330CBF04239DF802302370A6
:10FE2000F4E76FF01500F1E7B51A0300D21A0300EA
:10FE30002D19030013B5044620B30DF10602134932
:10FE4000134803F0C3FF10F14D0F024603D1002306
:10FE50002370002007E0002807DC0E4845210AF047
:10FE6000E8FE6FF00D0002B010BD9DF80620092AD3
:10FE7000227004D840F28123D340DB07E9D46FF02D
:10FE80004C00F0E76FF01500EDE700BFDC1A03004F
:10FE9000D21A0300FE1A030073B5054601242A4E48
:10FEA000D6E8EF2FC6E8E14F0029F9D142B157213A
:10FEB00026480AF0BEFE6FF07604204602B070BD00
:10FEC0000DF10700FFF78EFF68B1452120480AF0C9
:10FED000B0FE6FF00D040023D6E8EF2FC6E8E13F37
:10FEE0000029EAD0F8E79DF8073003F0FB03012B67
:10FEF00001D10024EFE70DF1060000F041F80028E1
:10FF0000E7D1144806F014F8204600F05BF80446E8
:10FF10000028E0D1002DECD04FF0967200230D4860
:10FF200005F0A6FF10F10B0F04460AD149210A483B
:10FF30000AF07FFE6FF073049DF8060000F042F8AF
:10FF4000C9E70028F8D1D4E7A8DB0020291B03006B
:10FF50004A1B0300A8CC0020791B030008B5064803
:10FF600003F00AFE30B10246452104480AF061FE62
:10FF70006FF00D0008BD00BFA31B0300AE1B030004
:10FF800013B50446A8B10DF106020B490B4803F066
:10FF90001DFF0128024607D0094845210AF049FE05
:10FFA0006FF00D0002B010BDBDF8063000202370C8
:10FFB000F8E76FF01500F5E70B15030016150300C1
:10FFC000F01B0300042810B504461CD804281FD8D1
:10FFD000DFE800F0260A261E2600012216499A4074
:10FFE0000A421DD1012B13D1FFF7B8FF024618B901
:10FFF00000F07CF8024698B1452110480AF019FE3D
:020000040002F8
:100000006FF00D0010BDA0F11403DBB2182BE4D982
:100010000B48224645210AF00CFE6FF01500F1E76F
:100020002146084803F0A8FD0028EBD045210648EA
:100030000AF0FFFDE4E700BF010C3001301C0300B3
:100040005F1C0300801C03008B1C030010B50446DA
:1000500094B03822002106A80DF0FAFF44B91E49D9
:1000600050221E480AF03DFD50211B480AF030FD89
:10007000214601A8FFF77EFB30B11749342217480B
:100080000AF02FFD3421F0E76A46012101A80CF0A7
:10009000ADF8044658B10246452111480AF0C9FDA1
:1000A000224645210F480AF0C4FD14B010BD009A45
:1000B00042B1012A06D045210B480AF0BAFD6FF083
:1000C0001504EDE7032306A88DF820208DF81830DD
:1000D000FFF756FCE9E700BFC91C0300A7F90200BF
:1000E000FE1C03004D1D03002C1D030008B506482F
:1000F00003F042FD30B10246572104480AF099FD51
:100100006FF00D0008BD00BFBB1D0300791D03008B
:1001100070B504468EB03822002168460DF098FF75
:1001200044B91349134853220AF0DBFC5321104809
:100130000AF0CEFC0025104E0834214656F8040B78
:10014000F8F784FE48B90B2368468DF808508DF8FF
:100150000030FFF715FC0EB070BD01350A2DECD153
:100160006FF03C02452105480AF063FDF3E700BF4C
:10017000C61D0300A7F9020074F40200FB1D030072
:1001800038B5431E062B05460C4607D945210246C5
:1001900010480AF04EFD6FF0150038BD042903D950
:1001A0000A460D484521F4E70C4B5A5C0C4B53F8BA
:1001B00020100C4803F0E0FC38B1024645210A4803
:1001C0000AF037FD6FF00D00E7E7084B1D70084B94
:1001D0001C70E2E7DF1E0300061F0300701F030010
:1001E0009CF40200301F0300461F0300D4CA002005
:1001F0009FE800202DE9F74F052304226E460025D5
:10020000CDE90023154FDFF85880DFF8589056F8F5
:1002100004BB154BBBF1040F14BF3C4644462046BB
:1002200014BFCA469A46F8F723FE04280FD1214688
:100230005046F8F70BFE50B1224659460B4803F0E2
:100240009BFC024618B1452109480AF0F2FC15B1A1
:1002500003B0BDE8F08F0125D9E700BFD5CA002063
:10026000B4E80020A0E80020A5E800209F1F0300BC
:10027000B01F03000023064A13601371054A136080
:100280001371054A13601371044A136013717047A8
:10029000AFE80020A5E80020AAE80020A0E80020A0
:1002A000072810B5144605D009280CD0BDE8104029
:1002B000FFF7E0BF0748F8F7D3FD21460648BDE841
:1002C0001040F8F7CDBD0548F8F7CAFD21460448AF
:1002D000F5E700BFAFE80020A5E80020AAE800206D
:1002E000A0E8002010B592B004463822002104A8EE
:1002F0000DF0AEFE002300938DF8043002938DF8CC
:100300000C3054B9164917484FF49A720AF0E9FBB9
:100310004FF49A7112480AF0DBFB6A46204602ABA2
:1003200006A9F8F7FDFE024628B145210E480AF05D
:1003300080FC12B010BD69469DF8180002AAFFF7B4
:10034000AFFF9DF8183023B1FFF7F4FB07490DF01C
:10035000DEFC022304A88DF81030FFF711FBE8E75C
:10036000DF1F0300A7F902009B2003008CC90020B7
:100370002DE9F74F05230422CDE90023224B187005
:1003800088B9224803F0F8FB024640B145212048D5
:100390000AF04FFC6FF00D0003B0BDE8F08FFFF7DF
:1003A00069FF0020F8E76D4600241A4E1A4FDFF867
:1003B0006C8055F8049B1A4BB9F1040F14BFB24678
:1003C000BA46504614BFC3469B46F8F751FD042871
:1003D00014D151465846F8F739FD48B152464946BE
:1003E000104803F0C9FB024620B145210E48CFE773
:1003F000FFF700FF002CD4D10124DAE749460B486F
:1004000003F0BAFBEFE700BFB9E80020BC2003000F
:10041000C8200300DACA0020DFCA0020AAE80020B2
:10042000AFE80020F82003001B2103000C2103008B
:1004300008B548B9054B1B7833B1FFF71BFFBDE882
:1004400008400120FFF794BF08BD00BFB9E80020B5
:1004500010B504468EB03822002168460DF0F8FD34
:100460000C4B21681A68914203D162685B689A421A
:100470000DD00123206861688DF80030054B03C35F
:100480002068616802AB03C36846FFF779FA0EB0D3
:1004900010BD00BFACDB002038B50C46054640B9A6
:1004A00031B30846F8F7E4FC082816D06FF01500C1
:1004B00012E0F8F7DDFC0828F8D18CB12046F8F7F7
:1004C000D7FC0828F2D129460B48F8F7C9FC214689
:1004D0000A48F8F7C5FC002038BD074B1D70F6E749
:1004E00029460548F8F7BCFC0022044B1A70F2E7D5
:1004F000014B1970F8E700BFE4CA0020EDCA0020E4
:1005000010B530B31448F8F7B3FC04461348F8F7B5
:10051000AFFC082C14D108280DD1104A0E49104800
:1005200003F02AFB30B1024645210E480AF081FB58
:100530006FF00D0010BD08490B4803F01DFBF1E7FB
:10054000082802D105490948F7E7094803F014FBD8
:10055000E8E70848FAE700BFE4CA0020EDCA002037
:100560005221030099210300692103007B2103002C
:100570008E210300F7220300002208B5114603462E
:10058000034803F0F9FA002818BF6FF00D0008BD0A
:10059000CD2103002DE9F3411D4600230E461446EC
:1005A0000746019350B9544940F2831253480AF068
:1005B00098FA40F2831150480AF08AFA41B94E493C
:1005C0004FF4C2724D480AF08CFA4FF4C271F2E750
:1005D00045B9494940F2851248480AF082FA40F28A
:1005E0008511E8E7F8F744FC082868D13046F8F7A9
:1005F0003FFC082863D124B12046F8F739FC0828CD
:100600005DD13288B378ADF804200021022201A820
:100610008DF8063008F0B8F8072808D936494FF4A5
:10062000C87236480AF05DFA4FF4C871C3E7344B1C
:10063000022253F820800021F01C08F0A5F8B8F140
:10064000000F19D14FF0FF332B60D4B12288A3786B
:10065000ADF804200021022201A88DF8063008F030
:1006600093F8072823D9244940F29D1223480AF021
:1006700038FA40F29D119EE700FB08F02860013037
:10068000E3D03A88BB78ADF804200021022201A80B
:100690008DF8063008F078F807281DD9164940F281
:1006A000AF1216480AF01DFA40F2AF1183E7154B5E
:1006B00053F8206046B9452113480AF0BAFA6FF0A2
:1006C000150002B0BDE8F08102220021E01C08F014
:1006D0005BF870432860D4E70C4B022253F82040AB
:1006E0000021F81C08F050F81CB1444300206C6055
:1006F000E7E74FF0FF34F9E7E2210300A7F9020032
:10070000FCF40200DCF4020015220300BCF4020039
:10071000002370B592B00C460546CDE90433CDE90F
:100720000733CDE90A338DF818308DF824308DF871
:1007300030300193002867D0002965D0344E354A07
:10074000A0213046337003F07BFA024638B13248BC
:1007500045210AF06EFA6FF00D0012B070BD3146FF
:100760000DA8FFF707F850B12C492D4840F23F1271
:100770000AF0B7F940F23F1128480AF0A9F901AA96
:1007800001210DA80BF032FD024610B1452125488C
:1007900006E0019A22F00403012B06D057212248DB
:1007A0000AF047FA6FF04C00D7E7092604AA6B4617
:1007B0000E210DA800960BF01CFD02460028E5D185
:1007C00007AA6B460F210DA800960BF012FD0246FA
:1007D0000028DBD10AAA6B4610210DA800960BF069
:1007E00008FD02460028D1D102AB0AAA07A904A835
:1007F000FFF7D0FE18B1024645210C48D0E7029B16
:100800002B60039B2360A8E76FF01500A5E700BFEE
:10081000BAE800203A22030047220300E221030045
:10082000A7F9020069220300932203000B1A0300B8
:1008300013B56C460A4B93E8030084E80300204696
:1008400001A9FFF765FF38B14D3003D045210548B8
:100850000AF0EFF902B010BD2046FFF7F9FDF9E705
:10086000A0EC0200D4220300004870479CC900207D
:1008700010B5044694B03822002106A80DF0E8FB1C
:1008800044B93449582234480AF02BF958213148E8
:100890000AF01EF9214601A8FEF76CFF30B12D4980
:1008A00028222D480AF01DF92821F0E710236A4676
:1008B000012101A8FFF7C2F8044628B145210246EC
:1008C00026480AF0B6F909E0009AB2F1805F0BDB26
:1008D000452123480AF0ADF96FF04C04224645212A
:1008E00020480AF0A6F932E0089202210AAB09AAD0
:1008F00001A8FFF7CFF804460028EFD16A4603218C
:1009000001A80BF073FC044618B1024645211648B5
:10091000D7E7009B0421003B18BF01236A460DEB7B
:1009200001008DF82C300BF061FC044618B1024632
:1009300045210E48C5E7009B06A8003B18BF0123D0
:100940008DF82D300C238DF81830FFF719F814B0FE
:1009500010BD00BF01230300A7F9020034230300E8
:100960005C230300BF230300752303009A230300C5
:1009700008B50021054803F0FFF830B102464521D3
:1009800003480AF056F96FF00D0008BDEC23030090
:10099000F723030037B50A2201A90B3007F0F4FE54
:1009A00005460198D0B103782C2B17D10A220021DB
:1009B000013007F0E9FE04460C4B1B6873B193F954
:1009C00008209442F9D15B6853B9094B93F9002090
:1009D000A24203D15D70074805F010FA03B030BDA4
:1009E0002A460021E0B29847EFE700BFB4DB0020C1
:1009F000F6CA002008CD002008B550B9054803F01C
:100A0000BBF8024628B1BDE80840452102480AF07B
:100A100010B908BD212403002D24030010B504469D
:100A200068B14FF0FF324FF0FF3314480BF048FD30
:100A30000021134B1A6822B910480BF043FD002027
:100A400011E0944216D1226871B959681A608C423B
:100A500000D15A600023094823600BF033FD204683
:100A60000DF0C4FA012010BD0A605A68944208BF14
:100A70005960EFE711461268DDE700BF24CC002083
:100A8000B4DB0020012838B5044601D0152811D167
:100A90001B4803F071F8024618B1452119480AF0C5
:100AA000C8F8194803F068F8024618B145211748FC
:100AB0000AF0BFF81CBB4FF0FF334FF0FF32144871
:100AC0000BF0FEFC134B1C680CB1256824B91048D0
:100AD000BDE838400BF0F6BC94F9080040B16368FB
:100AE0001BB100220821C0B298472046FFF796FFAD
:100AF0001DB12B682C461D46E8E72B46FAE738BDAA
:100B00005824030063240300902403009C24030062
:100B100024CC0020B4DB00202DE9F7430646002555
:100B2000464F57F83590304649460DF01BFB4FEACB
:100B3000C50804460190B8B90135072DF1D13046FA
:100B40003F490DF00FFB0346002868D01B7C103096
:100B5000202B019045D03B49D3223B4809F0C1FFEF
:100B6000D321384809F0B4FF4846F8F781F9034625
:100B7000E35C2018202B01902DD10A2201A907F057
:100B800003FE44B247443F79012F12D12F4D95F90E
:100B90000030A3420DD1019803782C2B1ED10A22DC
:100BA0000021013007F0EAFC40B2A870284805F0A7
:100BB00025F9284B1D68002DC1D06B684BB195F904
:100BC0000800844201D0621C03D100223946C0B221
:100BD00098472D68EFE74FF0FF34D3E74FF0FF3031
:100BE000E3E70A2201A907F0CFFD45B20198037897
:100BF0002C2B06D01349D622134809F072FFD621B8
:100C0000AFE70A220021013007F0B8FCC0B200288B
:100C100014BF062607260F4BEFB21C6814B903B0A9
:100C2000BDE8F08363683BB194F90820954203D195
:100C300000223146384698472468EFE71CF5020049
:100C4000CA240300DB240300A7F90200F6CA00202F
:100C5000F0CC0020B4DB00200348452108B509F0A2
:100C6000E8FF0020FAF7DCF9E925030008B503786E
:100C7000014653B1054802F07FFF024628B1BDE8A6
:100C800008404521024809F0D4BF08BD47250300AC
:100C90000B26030008B5B0B90B48FFF7E7FF0B4878
:100CA000FFF7E4FF0848FFF7E1FF0748FFF7DEFF23
:100CB0000548FFF7DBFF0448FFF7D8FFBDE8084011
:100CC0000148FFF7D3BF08BD3700030036260300F5
:100CD0000A466FF461714318622B10B5174C12D895
:100CE000A0F28630032803D8DFE800F01F21232577
:100CF0001349144807F0FAFB1248F8F7B9F863698A
:100D000081B210489847E068421C01D00AF022F9ED
:100D1000A068431C08D00AF01DF94FF0FF330022F1
:100D2000C4E902332271236110BD0749E1E7074995
:100D3000DFE70749DDE70749DBE700BFE0DB00202D
:100D40005C2603005BE90020742603009226030062
:100D5000A8260300C9260300F8B5024606460D463C
:100D60001948442109F065FF0024184FA54205D811
:100D700000244421164809F05CFF20E00023B868F5
:100D80002A1B31190AF0FAF800280EDA0DF034FDAA
:100D90000446104D452142590F48524209F049FF7F
:100DA0006459732C03D06442E3E70444DEE76FF038
:100DB000720140F28930FFF78BFF6FF0720400225E
:100DC000064B20461A70F8BDE2260300E0DB002047
:100DD000032703000C000000EA2603005AE9002064
:100DE00070B5292186B005460DF0A6F9044618B95C
:100DF0006FF0150006B070BD2C2128460DF09CF94F
:100E000006460028F4D00023241A411C621E04A8C0
:100E1000CDE904330DF074F904A80DF021F9731E27
:100E200085B2194613F80129A2F130000928F8D932
:100E30002C2ADDD10023721A013A013104A8CDE930
:100E400004330DF05DF904A80DF00AF905EB002557
:100E50002A4CADB22A464421294809F0EAFE23690A
:100E60000121002BD4BF06224FF4817220680AF0C2
:100E700093F80028E0600CDA0DF0BEFC0446214D2A
:100E8000452142592048524209F0D3FE6059404260
:100E9000B0E723695A1C18D003930423012200935E
:100EA0004FF48D7103AB0AF071F870B10DF0A4FC32
:100EB0004521144E054682591448524209F0B9FEA4
:100EC000E0680AF047F8A859E1E723686DBA012BFA
:100ED0000CBF082218220E49E068E5830AF044F8A6
:100EE000002808DA0DF088FC064E05468259452197
:100EF00008485242E2E700207CE700BFE0DB002028
:100F0000112703000C0000002427030041270300E1
:100F1000FCDB00205E27030070B5ADF5347DFFF7E4
:100F20005FFF30BB224D234EEB6801930123ADF8E8
:100F3000083044F62062012101A80AF00DF80028CB
:100F400009DC0DF059FC45211B4B1A581B48524235
:100F500009F06FFE07E0BDF80A30DB070CD444212E
:100F6000174809F066FEE86809F0F4FF0022154B07
:100F70001A700DF5347D70BD00234FF43172E868AE
:100F800003A909F0F3FF041E07DA0DF035FC0A4B44
:100F900045211A580C485242DAE7E4D0A1B203A81E
:100FA000AB69984722464421304609F042FEC0E72B
:100FB000E0DB0020C82703000C0000007C270300B2
:100FC000992703005AE90020AB2703002DE9FF41D0
:100FD0000C4601214F4E0746B36844F6206202A832
:100FE0000293ADF80C1009F0B7FF002815DA0DF0E8
:100FF00003FC0446484D452142594848524209F0F5
:1010000018FE615940F287304942FFF761FE6FF0E8
:101010000404204604B0BDE8F08106D144214048D4
:1010200009F007FE6FF07304F3E7BDF90E20D10657
:101030000CD545213B4809F0FCFD6FF0670140F2FB
:101040008530FFF745FE6FF06704E2E712F02008F5
:101050000CD04521344809F0ECFD6FF0700140F2EE
:101060008630FFF735FE6FF07004D2E7D3070CD45B
:1010700045212E4809F0DDFD6FF00A014FF4627042
:10108000FFF726FE6FF00A04C3E7294D43462946C1
:101090004FF43172B06809F069FF011E0CDC0DF0ED
:1010A000ABFB04461C4D452142592248524209F0EF
:1010B000C0FD64596442ACE705F801801FB12846C1
:1010C000736989B298471A4A44211B4809F0B1FD57
:1010D00000221A4B1A70002C9BD04FF4FA76144D54
:1010E000174F0A22284601A907F048FA38B1019B98
:1010F0002BB11B78202B02D1844207D006463946FB
:1011000028460DF02FF810B1851CEAE72646344634
:101110007FE700BFE0DB00200C000000DE270300BB
:10112000FB27030013280300202803002E280300B8
:101130005BE900203F2803005C2803005AE90020F7
:10114000DF26030008B5084B1A784AB10621074884
:10115000FFF702FE30B9BDE80840C821FFF736BFEF
:1011600001221A7008BD00BF5AE900206D28030053
:10117000054B9B68013303D0044905480CF0C7BDFB
:1011800004480CF096BE00BFE0DB0020ACC9002094
:10119000D8D3002060CB00202DE9F843037C012B3D
:1011A0000CD14069FFF7B8FE00221D4BD3E8EF1FBA
:1011B000C3E8E02F0028F9D1BDE8F883002BF3D174
:1011C0008769868B4069FFF70BFE04460028EBD148
:1011D000DFF85080DFF85090B442D8F80C000FD2FE
:1011E0000023321B391909F0C9FE051E10DA0DF073
:1011F00003FB0E4B45211A580D48524209F019FDC8
:10120000D8F80C0009F0A6FE00220A4B1A70CBE7B2
:101210002A464421484609F00CFD2C44DCE700BF77
:10122000BCDB0020E0DB00208E2803000C00000067
:10123000742803005AE90020F8B50123184ED6E8B7
:10124000EF2FC6E8E13F0029F9D1164916480CF006
:101250005EFD0024154FE2210120FFF7B7FE10F1DB
:10126000740F054608D104F59C442034BC42F2D9E1
:101270006FF073052846F8BDA0F16403632BEAD92B
:10128000E228F7D1094FD6E8AF3F012BF2D140F663
:10129000CD400021643406F073F8BC42F3D9E7E78F
:1012A000BCDB0020C0DB0020D8D300203F420F0071
:1012B000F0B55B4C1546227907460E4685B042B123
:1012C0004521584809F0B5FC6FF01505284605B0D2
:1012D000F0BD114602AB09F045FE50B109F040FEE9
:1012E0003A4603464521504809F0A3FC6FF07505C6
:1012F000ECE7029FBA68FB69012A226030D11868C6
:10130000596804F11C0203C2384609F027FE6B1C21
:1013100033D106220121206809F03EFE0028A0609A
:1013200008DA0DF069FA414B45211A5840485242FB
:1013300009F07FFC236871BA012B0CBF0822182228
:10134000E183A0683B4909F00FFE002844DA0DF064
:1013500053FA364E0546825945213748524231E00C
:1013600004F11C0C03F1180E624618685968083322
:1013700003C273459446F7D1C6E74FF48172012149
:10138000206809F009FE0028A06008DA0DF034FAA0
:10139000264B45211A582648524209F04AFC04239C
:1013A000009301224FF48D71A06803AB039509F0FF
:1013B000EDFD78B10DF020FA45211C4E054682590D
:1013C0001E48524209F035FCA06809F0C3FDAD5932
:1013D0006D427BE72561ADE7DC210120FFF7F6FDDB
:1013E000DC28054603D0A06809F0B4FD6EE7144A76
:1013F0001449154807F07AF81348F7F739FD014604
:101400001148FFF7A9FC05460028ECD10146012050
:10141000FFF7DCFD44210D4809F00BFCC82555E71A
:10142000E0DB0020A0280300BB2803000C00000024
:10143000E6280300FCDB002003290300412703000A
:1014400021290300292903005BE900203329030037
:1014500037B502460D461E481E4907F047F81C489E
:10146000F7F706FD01461A48FFF776FC044660BB15
:1014700040F24B110120FFF7A9FD40F24B139842B7
:10148000044612D12A461449114807F02FF8104893
:10149000F7F7EEFC01460E48FFF75EFC0446A0B9E4
:1014A000E6210120FFF792FD0446E62C0DD1012232
:1014B0000A4B1A714FF4C80200230948CDE90023F2
:1014C0004FF40042002306F0F5FB204603B030BD88
:1014D0005BE90020432903004D290300E0DB0020E5
:1014E00060CB002008B5094B1B7943B106210848A1
:1014F000FFF732FC40B9DD210120FFF767FDC8206E
:101500000021FFF7E5FBDD2008BD00BFE0DB002088
:101510005729030008B506210E48FFF71DFC18B92E
:10152000D7210120FFF752FD06210B48FFF714FCDD
:1015300030B9D3210120FFF749FDD32801D1D320B1
:1015400008BDD3210120FFF741FD10F1740FF4D144
:10155000F6E700BF5E2903006529030008B550B90E
:1015600008210948FFF7F8FB60B9BDE80840C82129
:101570000120FFF72BBD012802D108210348F1E724
:101580006FF0150008BD00BF6C290300752903002A
:1015900070B506210546A0B01548FFF7DDFB20B168
:1015A0006FF00404204620B070BDE3210120FFF756
:1015B0000DFDE3280446F5D101260E4B0E4A0F49D6
:1015C0005A6168462A461E7406F090FF6846F7F78F
:1015D0004FFC01466846FFF7BFFB05460028DFD1F8
:1015E000FFF72AFE294604463046FFF7EFFCD9E70D
:1015F0007E290300C0DB00205BE90020A329030053
:1016000013B5C8B1C1B14FF0FF3200240C4BC3E990
:101610000420C3E9022299611C714FF400620E2379
:1016200008490948009404F0D3FE0848084904F02A
:1016300057FE204602B010BD6FF01500FAE700BF5C
:10164000E0DB002030F10020D8D30020C0DB0020F8
:101650009911020010B5064906480AF035FF044604
:1016600020B102464521044809F0E3FA204610BDA6
:101670007918020014DC0020B8290300F8B5644D85
:101680000E462C6F00F00807072C51D0132C00F0E9
:101690009380052C40F0A8806D6D45215D4809F0D0
:1016A000C8FAE9043AD545215B4809F0C2FA172483
:1016B0002A0504D54521594809F0BBFA1824AB0581
:1016C0000CD54521564809F0B4FA564B2C049A6BB8
:1016D00003D54521544809F0ACFA1924680504D50E
:1016E0004521524809F0A5FA1A24E90518D54521E3
:1016F0004F4809F09EFA1B24F369002F40F08380C5
:10170000C3F3080222B96FEA53236FEA4323F3615C
:1017100031462046BDE8F840F9F78EB91624C7E7F0
:10172000AA04E9D54521434809F083FA1C24E3E7DC
:10173000EC6D4521404809F07CFA630604D545214B
:10174000AA6E3E4809F075FAE50705D545213C48E3
:1017500009F06FFA2624CFE7A00705D545213948BF
:1017600009F067FA2724C7E7610705D54521364800
:1017700009F05FFA2824BFE7220705D54521334841
:1017800009F057FA2924B7E7E30605D54521304883
:1017900009F04FFA2A24AFE7A50605D545212D48C3
:1017A00009F047FA2B24A7E720062AD545212A4825
:1017B00009F03FFA2C249FE7ED6E4521274809F0F8
:1017C00038FAA90703D54521254809F032FAEA0776
:1017D00003D54521234809F02CFA6B078CD5452108
:1017E000214809F026FA87E72049214AA4F110038D
:1017F0000F2CD8BF0A461F48452109F01AFA0024C9
:101800007AE7252478E723F4FF7323F001037EE7CA
:1018100014DC0020B4070300CF070300E507030032
:10182000FD07030000ED00E01B080300350803007E
:101830005508030072080300F7290300152A030066
:101840002A2A0300452A0300682A0300882A030085
:10185000AA2A0300C42A0300E32A0300FB2A030088
:101860001A2B03004F2B0300822B03008709030070
:101870009C090300A00A030000B5164B89B01A7832
:1018800052B9154915484FF4927209F02AF94FF4EC
:101890009271114809F01CF95A6AD86C00929A6A40
:1018A00020F005000192DA6A694602921A6B0392EF
:1018B0005A6B04929A6B0592DA6B06921A6C1B6D46
:1018C00007929B0748BF40F00400FFF7D7FE09B01E
:1018D0005DF804FB14DC0020BB2B0300A7F9020019
:1018E000F0B585B06E4681680546103921F00704D1
:1018F00009F00BFA32460A4B03F1100C3746186810
:101900005968083303C763453E46F7D11023214683
:10191000284609F0B1F9003818BF012005B0F0BD24
:1019200064F9020030B50D46816887B0102302AA21
:101930001039044609F08BF9002802DA012007B0BB
:1019400030BD1022204602A90AF0EBFD00283AD152
:1019500010221E4902A80CF087FB00280CBF0123AF
:1019600002232B7020460AF0D6FD012301460DF11B
:101970000702204609F06BF90028DFDB9DF80730ED
:10198000204603F00F021B096A702B7101220DF132
:1019900007010AF0C6FD10B96B78042B03D90123A7
:1019A0006B7000232B71A2682046183A22F00702C0
:1019B000083AA91C0AF0C8FD0028BFD12046E91C3E
:1019C0000AF01BFEBBE70323CBE700BF64F902006C
:1019D00013B50C4B0C4603EBC00001A90079F8F7D6
:1019E000F5FE014660B9221E18BF012201980AF0D7
:1019F0001BFE0446019809F029F9204602B010BDEB
:101A00000124FAE754F502002DE9F0411F46164B78
:101A1000044693F800800D461646A2B0B8F1000FB8
:101A200015D1684609F042FA3A4631462846289BC5
:101A3000A0470446684609F03AFAB8F1000F02D010
:101A40000A4804F085F8204622B0BDE8F0814FF046
:101A5000FF324FF0FF33054803F0C4FF0028E0D009
:101A60006FF08304EFE700BF2CEC002060CC002077
:101A7000002300B589B0CDE9063303AB04930423FA
:101A800003900593A9B10B6806934B680793022353
:101A9000111E18BF01210848CDE9002140F2F5319F
:101AA00004AA00F02FF80028B8BF012009B05DF8A3
:101AB00004FB0123ECE700BF0501004070B54026A0
:101AC00096B006AB05460C463246002118460CF08F
:101AD000BFFA4FF48072CDE90206CDE90454ADF8A7
:101AE000402054B1012304AA00920021044801932C
:101AF00002AA00F007F816B070BD2046FBE700BF51
:101B00000001004010B4B1F5004F029C0ED2042B2E
:101B10000CD8042C0AD8240444EA0364134644EA8B
:101B20000102014610BC0348FFF76EBF6FF0800052
:101B300010BC7047217C010030B50468ACB1B4FA28
:101B400084F30122C3F11F03DBB29A4024EA0202AC
:101B5000D0E8EF5FA54204D1C0E8EC2FBCF1000F44
:101B6000F6D1EAD102480B7030BD0248FCE700BF55
:101B70000000AD0B0200AD0B10B50368CB40DB07D6
:101B800010D401238B40026843EA0201D0E8EF4FF2
:101B9000944204D1C0E8EC1FBCF1000FF6D1F2D1A1
:101BA000014810BD0148FCE70000AD0B0400AD0B7F
:101BB000014BC3F8040570470070014008B541B9F6
:101BC00006490748482208F08CFF4821034808F0DE
:101BD0007FFF40F00040C1F8800008BD2E2C0300BC
:101BE000A7F9020008B541B9064907484E2208F096
:101BF00078FF4E21034808F06BFF40F00040C1F829
:101C0000800008BD2E2C0300A7F902000146014800
:101C100000F066B9BCC90020F7B5324B044650B19C
:101C2000012825D030493148DC2208F05AFFDC2158
:101C30002D4808F04DFF0222C3F808230122064672
:101C4000DA60C3F80401D3F80431012342F21075BD
:101C5000244F8DF807306CB3012C1AD02449234847
:101C60004FF4747208F03DFF4FF474712048E0E7C0
:101C70000022C3F808035860C3F80021D3F80031EC
:101C80000DF10706E1E70BB301200AF02AFD013D43
:101C90001CD0D7F80C3403F48033002EF3D0D7F8DF
:101CA0000C2402F001020FE083B101200AF019FDBB
:101CB000013D0BD0D7F8183403F48033002EF3D055
:101CC000D7F8182402F0030232700BB903B0F0BD4C
:101CD0009DF807000128F9D10AF003FD013DBAD1B2
:101CE000F4E700BF005000406B2C0300A7F902008E
:101CF000A82C0300044B1A7922B9012218601A712A
:101D0000024870470248704788DC00200000AD0B95
:101D10000C00AD0B08B50E4B1A7952B90D490E489F
:101D20004FF4987208F0DDFE4FF49871094808F0FE
:101D3000CFFE1B6833B10520F9F76CFA10B9052006
:101D4000F9F746FA0122054BC3F8182508BD00BF74
:101D500088DC00206B2C0300A7F902000050004033
:101D600038B5354C237953B9344940F27F123448A1
:101D700008F0B7FE40F27F11304808F0A9FE50B1DC
:101D800001284ED02D4940F2C3122D4808F0A9FE7B
:101D900040F2C311F0E72B4BD3F81814D3F81824F2
:101DA000C90323D502F00303022B05D0012B02D077
:101DB0000020FFF731FF0123224A0220C2F8183524
:101DC00008224FF48273002103F1804303F5A043FE
:101DD00019601D68012502F1804202F5A0421560DC
:101DE000226812B3174BC3F804030FE0D3F814248E
:101DF000D207E0D5D3F81C2402F00302013A012AED
:101E0000D6D822681AB10222C3F8042338BDD3F809
:101E10000421002AFBD00022C3F80421D3F80431A6
:101E2000F4E700224FF48073CDE71A68002AFCD053
:101E300019601B68EAE700BF88DC00206B2C0300F8
:101E4000A7F902000050004008B5094B1B7953B9AF
:101E50000849094840F2DD1208F043FE40F2DD1166
:101E6000044808F035FEBDE80840FFF7D5BE00BFC6
:101E700088DC00206B2C0300A7F9020010B5164B7C
:101E8000D3F8002152B10020C3F80001D3F800219B
:101E90000122C3F80823114B1B6898470E4BD3F857
:101EA000042182B10022C3F80421D3F80421D3F81D
:101EB0001824D3F81824022102F00302012A03D1C6
:101EC000C3F818159A6010BDC3F80813034B01201E
:101ED000BDE810401B6818470050004088DC002017
:101EE0000079024B03EB0010FFF726BEC4C90020A7
:101EF00070B5322402791E4B624352FA81F20832E5
:101F000033F81240E10526D5C4F3432124F4F854F4
:101F100023F8124064240026027904FB02340E34B4
:101F200034F8025F15F4807F03D0C5F34325A9423E
:101F300011D00136202EF3D164240025624302EB38
:101F4000C1029D50027904FB02305830FFF714FEA5
:101F5000084B984200D170BD074908484FF4DC7225
:101F600008F0BFFD4FF4DC71034808F0B1FD00BF7D
:101F7000D4C900200000AD0B112D0300A7F9020009
:101F800008B50268014610460AF0B8FB50B90D4981
:101F90004FF46C720C4808F0A4FD4FF46C710948C2
:101FA00008F096FD02F01F0352090B6008D00549A6
:101FB00040F2B932044808F094FD40F2B931EEE73E
:101FC000024808BDBF100300A7F9020000258440A5
:101FD000072808B50AD90749074840F2AA3208F08D
:101FE00080FD40F2AA31034808F072FD800000F540
:101FF000807008BDDC2C0300A7F90200322358438F
:10200000034B50FA81F1083133F81100400B70474F
:10201000D4C9002032235843044B50FA81F10831CF
:1020200033F81100C0F34000704700BFD4C900204E
:1020300032235843054B50FA81F1083133F811002F
:1020400010F01C0018BF0120704700BFD4C9002049
:1020500032235843044B50FA81F1083133F8110010
:10206000C0F34010704700BFD4C9002010B504462B
:1020700008460A460AF042FB50B91B4940F2E512F5
:102080001A4808F02EFD40F2E511174808F020FD2F
:1020900024792046FFF7BEFF40B113494FF4F37295
:1020A000124808F01EFD4FF4F371EEE7114620468A
:1020B000FFF7BEFF40B90C4940F2E7120B4808F0A9
:1020C00010FD40F2E711E0E711462046FFF7C0FFA0
:1020D00038B120461146FFF791FFBDE81040FFF7E9
:1020E00077BF4FF4BE7010BD112D0300A7F9020099
:1020F000024611F0010004D003490B6A13600B6221
:1021000003B90020704700BF002584402DE9F84343
:10211000002407460E4625464FF00108A146B54269
:102120000DD1124BD3F87C2132B10022C3F87C21AF
:10213000D3F87C3144F000442046BDE8F883E8B28F
:10214000FFF746FFA0F58072920808FA02F21742E4
:1021500009D000F1804303F54433196819B1C3F87D
:1021600000901B6814430135D9E700BF00100340FD
:102170002DE9F74F0546554B296DD3F80403C0B23E
:1021800040F00040FFF7C2FF061E18DA0023684641
:10219000E96D00934FF00108FFF7AAFF95F85C3056
:1021A000DB0759D4296D4FF00040FFF7AFFF6846B9
:1021B000E96DFFF79DFF0028F0D126F000460124CD
:1021C000002E69D103B0BDE8F08F94FAA4F4B4FAFC
:1021D00084F4E10804F1080335F8139004F00702D1
:1021E0001DF8013008FA02F223EA020301A80DF8F3
:1021F00001300194FFF7C4FE019B4FEA990B803335
:1022000050F82370C9F3820A1BF0040FD146C7F3BC
:10221000014725D05246214628460AF079FA01A8FE
:102220000194FFF7ADFE019BFFB2803350F82330DD
:10223000C3F301439F4207D1002120460AF0D2FA9E
:10224000394620460AF0CEFA01A80194FFF798FE1D
:10225000019B08FA03F30362009C002CB5D1A1E7AF
:10226000022F0DD1032120460AF0BCFA0AF0050323
:10227000012BE9D14A46214628460AF049FAE3E70C
:10228000022120460AF0AEFABAF1030FF2D0032F72
:10229000DAD1BAF1020FECE796FAA6F3B3FA83F3B8
:1022A00004FA03F29B0003F1804303F54433D3F8AF
:1022B000101526EA0206D3F810252846C2F301427B
:1022C000C1F304210AF024FA7AE700BF00100340AA
:1022D00032222DE9F3410379214F534353FA81F31D
:1022E000083337F813300546DB070C46CEB234D539
:1022F0000AF095FA95F8048021464046FFF7A8FEBB
:1023000060B121464046FFF779FE2A6800B202EB31
:1023100080030022C3F81025C3F810252146284663
:10232000FFF7E6FD32222B7901A802FB03660023AA
:10233000083627F816300194FFF722FE019B00EBC8
:102340008300D0F80022074B134043F00203C0F88B
:102350000032054802B0BDE8F0810448FAE700BF4A
:10236000D4C90020F0F8FCFF0000AD0B0400AD0B59
:102370002DE9FF41166804460D46174646B30AF09C
:1023800040FAA0BB3346CDE900008DF80E008DF871
:102390000F000DF10F0228460DF10E010AF0D5F9DC
:1023A00032202379674A434353FA85F3083332F8DE
:1023B000131021F0020122F813102379434353FA3A
:1023C00085F3083332F8131041F0010122F813109D
:1023D0007B68002B47D02679294630461A78D3F8F7
:1023E0000480FFF717FE20B1B8F1000F23D0564844
:1023F0003CE04FF0320E0EFB06F6DFF848C156FA0D
:1024000085F608363CF81630E8B223F4604323F032
:1024100020032CF81630B8F1000F0CD0032AE6D8B0
:102420007B6821685B681E7801EB86010ABBC1F8F6
:102430001025C1F81025322623794249734353FAF7
:1024400085F3083331F8130020F01C0021F8130045
:102450002379734353FA85F3083331F8130040EAC4
:10246000820221F81320BB6863BB384804B0BDE882
:10247000F081D1F8108528F00308C1F81085216893
:1024800001EB8603D3F8101521F4473121F4407194
:10249000C3F810152902D3F8108501F4F85141EA68
:1024A000024141EA0801C3F8101523790EFB03002D
:1024B00008303CF8103043EA463343F020032CF850
:1024C0001030B8E72946D3E900872046FFF710FD12
:1024D000B8F1000FC9D0642320791A4E4343F21893
:1024E000F358984504D153689F4201D100210CE074
:1024F000642303FB00600DF10F015830FFF71CFB54
:10250000124B9842B2D19DF80F10642223795343A5
:1025100003EBC10346F8038023795343322203EBD4
:10252000C10333445F602379534353FA85F308337F
:1025300036F8132042EA412242F4807226F8132032
:1025400093E700BFD4C900200400AD0B0000AD0B21
:102550002DE9FF4105460C461E465AB30779384619
:10256000FFF758FD20B921463846FFF771FD40BB03
:1025700021463846FFF75CFD10B15378012B20D07F
:1025800001238DF80F3000230DF10F01CDE9002359
:102590002046931C01320AF0D8F832222B793149B7
:1025A000534353FA84F3083331F8132042F0030203
:1025B00021F81320002E53D021462879FFF72AFD59
:1025C00018B9294804B0BDE8F08196F800C0322758
:1025D00061468B0000212A68224802EB8C02C2F877
:1025E0001015C2F810152A79E1B27A4352FA84F232
:1025F000083230F812E02EF4604E2EF0200E20F853
:1026000012E096F801E0BEF1000F29D02A68B678F2
:102610001A44D2F810354FEA0E4E23F4981323F4DF
:10262000F853C2F81035230203F4F8530EF4403E79
:102630003605D2F8108543EA0E0306F480163343BC
:1026400043EA0803C2F810352B7907FB0311083160
:1026500030F8113043EA4C3343F0200320F81130B6
:102660000248AFE7D4C900200400AD0B0000AD0B59
:1026700030B564250479044B05FB0434A16001796D
:1026800005FB0133DA6030BDD4C9002038B50C46F3
:1026900052B90F490F4840F20D3208F022FA40F2C9
:1026A0000D310B4808F014FA05792846FFF7D0FCE5
:1026B00058B132235D43084B55FA84F4083433F89B
:1026C000143006485B0B137038BD0548FCE700BFAB
:1026D000112D0300A7F90200D4C900200000AD0BA2
:1026E0000400AD0B2DE9F843224B026806469A42DE
:1026F0000AD02149214840F21E3208F0F2F940F296
:102700001E311D4808F0E4F9077964201C4D00FBD8
:10271000075898F860405CBB4046A14640222146DD
:1027200010300BF095FC3668D8F85080A04512D1D7
:10273000002346F30730C6F87C31D6F87C31F8F731
:1027400047FD642303FB075501230E4885F86030DD
:10275000AB65BDE8F883E0B2FFF73AFCA0F5807303
:102760009B081F2B04BF46F8009033580134DDE767
:102770000548EEE700100340112D0300A7F9020001
:10278000D4C900200000AD0B0C00AD0B6421027910
:10279000044B01FB023393F86000003818BF01209E
:1027A000704700BFD4C9002064235422007913FB72
:1027B000002302481844FFF7DFB900BFD4C9002046
:1027C00064235422007913FB002302481844FFF7C6
:1027D000B3B900BFD4C900202DE9F3410646007902
:1027E0000D461746FFF724FC50B9354940F2FA323E
:1027F000344808F076F940F2FA31314808F068F9C7
:1028000033682946D3F80423002AA4BF4FF00042BE
:10281000C3F8042334792046FFF71AFC18B329467D
:102820002046FFF7F7FB8046E8B929462046FFF728
:10283000E5FB0446FFF7CCFB356822B245F8008083
:102840002B58336803EB8203D3F8102542F00102C2
:10285000C3F8102527B101233268A340C2F804331E
:1028600002B0BDE8F08147B9154940F20E42154863
:1028700008F037F940F20E41BFE732235C43124BB8
:1028800054FA85F4083433F81430C3F38203042B6C
:1028900011D0052B11D001A80195FFF771FB019A0A
:1028A0000369D34003F00103991C284602B0BDE838
:1028B000F04109F097BF0321F7E70221F5E700BFD8
:1028C000112D0300A7F90200D4C900200148FFF729
:1028D0004FBC00BF38CA002070B516460D4641B93E
:1028E0000B490C48372208F0FCF83721084808F05B
:1028F000EFF8094C237943B92A20F8F769FC012342
:10290000064823712560A66070BD0548FCE700BF3E
:102910004F2D0300A7F9020090DC00200000AD0B52
:102920000C00AD0B38B540B917494A22174808F0DA
:10293000D8F84A21144808F0CBF8154B1B79012B25
:1029400006D011494B22114808F0CBF84B21F1E792
:102950000023104A50F8234003F5A2710133082BDD
:1029600042F82140F6D100230A4A00F11C0103F588
:10297000B27451F8045F0133082B42F82450F6D1A9
:10298000036CC2F8043338BD4F2D0300A7F90200D1
:1029900090DC002000A0024070B51C4E3379012B62
:1029A00008D01B491B485F2208F09BF85F2118489C
:1029B00008F08EF80024184D2A20C5F81045C5F8F7
:1029C0001445C5F81845C5F81C45C5F82045C5F897
:1029D0002445C5F82845C5F82C45C5F89045C5F8E7
:1029E0009445C5F89845C5F89C45C5F8A045C5F877
:1029F000A445C5F8A845C5F8AC45F8F7F7FB4FF076
:102A0000FF33C5F80833347170BD00BF90DC00207F
:102A10004F2D0300A7F9020000A0024008B5094BA2
:102A20001B79012B08D0084908487A2208F059F888
:102A30007A21054808F04CF8054A8340C2F804336F
:102A400008BD00BF90DC00204F2D0300A7F9020055
:102A500000A0024008B5094B1B79012B08D008499A
:102A60000848822208F03DF88221054808F030F835
:102A7000054A8340C2F8083308BD00BF90DC00203F
:102A80004F2D0300A7F9020000A00240F8B501266F
:102A90000027124B124DD3F80C4304B9F8BD94FA39
:102AA000A4F0B0FA80F006FA00F3072824EA030441
:102AB0000ADD0C490C4840F2F31208F012F840F21B
:102AC000F311084808F004F8084B82009F502B6867
:102AD000002BE2D0A9689847DFE700BF00A00240C2
:102AE00090DC00208A2D0300A7F9020000A102401B
:102AF000044AD2F80834DB07FBD50160BFF35F8FCF
:102B0000704700BF00900340B0F5801F08B50AD39E
:102B10000F49104840F2071207F0E3FF40F2071197
:102B20000B4807F0D5FFC0F30B037BB902220A4B19
:102B3000C3F884254FF0FF320260D3F80024D20797
:102B4000FBD500220548C3F8842508BD0448FCE7EE
:102B5000BC2D0300A7F90200009003400000AD0B5C
:102B60000A00AD0BB0F5801F38B50AD30F4940F20B
:102B700095120F4807F0B5FF40F295110B4807F08A
:102B8000A7FF10F0030408D008494FF4CB7208489F
:102B900007F0A7FF4FF4CB71F0E70123054DC5F80F
:102BA0008435FFF7A5FFC5F8844538BDBC2D03006B
:102BB000A7F902000090034008B50268530904D148
:102BC0004FF0FF33D340DB070AD4064906484FF4E1
:102BD0006C7207F086FF4FF46C71024807F078FFC3
:102BE000024808BDBF100300A7F902000025844079
:102BF0000C4B984213D00AD80B4B98420FD00B4B7A
:102C000098420CD00A4BC31A584258417047094B9E
:102C1000984204D0084B984201D0084BF3E70120BA
:102C2000704700BF40420F0090D0030020A1070072
:102C300048E8010000093D0000127A0080841E006F
:102C400073B51446421C06460D4615D0012902D123
:102C5000A3B109F083FE01A80196FFF7ADFF00EBD9
:102C60008600D0F80022074B45EA840413401C4339
:102C700044EA4504C0F8004202B070BD09F07AFE93
:102C8000E9E700BFF0F8FCFF2DE9F843564A4B692D
:102C9000054693420C4690F8049023D016D8534A28
:102CA000934200F08A80524A934200F08980514A50
:102CB000934200F08880504950484FF4B67207F0B4
:102CC00010FF4FF4B6714C4807F002FF4C4A934294
:102CD0007CD04C4A93427CD04B4A9342EBD14FF08C
:102CE000005601E04FF080562422DFF82081E07E7C
:102CF00002FB0983997F60F3000199772B79217C8E
:102D000002FB03839A7F61F341029A77E77EEFB972
:102D1000237E3A46012B94BF002301230121206822
:102D2000FFF78EFF3B463A4601216068FFF788FFB8
:102D30003B463946A27EA068FFF782FF237C3A46D5
:102D40000121E06883F00103FFF77AFF242303FBEE
:102D50000983E2681A62217C9A7F61F341029A77C3
:102D6000277FA07C217E637E2A6847B9D4E900C70B
:102D7000A468C2F808C5C2F80C75C2F81045003B3B
:102D800018BF01230229C2F8C005C2F8246523D068
:102D9000032924D0012901D143F00203C2F854359C
:102DA00024222B79534358F80330DBB12868BDE85F
:102DB000F84340F30730F8F70BBA4FF0806693E71B
:102DC0004FF0006690E74FF000768DE74FF08046B9
:102DD0008AE74FF0004687E743F00403DEE743F05D
:102DE0000603DBE7BDE8F88340420F0090D0030004
:102DF00020A1070048E80100F82D0300A7F9020010
:102E000000093D0000127A0080841E009CDC002036
:102E1000431C13B504460DD0019001A8FFF7CCFE6A
:102E200000EB8400D0F80022034B134043F0020370
:102E3000C0F8003202B010BDF0F8FCFF2DE9F843F5
:102E400005461F4651B91649164840F2292207F097
:102E500048FE40F22921124807F03AFE24232E7939
:102E6000DFF844905E4309EB060494F81C80B8F147
:102E7000000F10D14869FFF7BBFE70B1284649F832
:102E800006206760FFF700FF0123084884F81D80D3
:102E90002377BDE8F8830648FBE70648F9E700BF5B
:102EA000F82D0300A7F902009CDC00200000AD0B08
:102EB0000C00AD0B0400AD0B2DE9F0412427067981
:102EC000204C7743E3191B7F054653B91E491F4821
:102ED00040F28A2207F005FE40F28A211A4807F0E4
:102EE000F7FD006840F30730F8F780F9E35953B174
:102EF0002B68174A06EBC601C3F80823286804EBC1
:102F0000810109F015FD2B68242505FB0645D3F842
:102F10000805D3F80C75D3F81085AB7FDB070AD40E
:102F2000FFF776FF4046FFF773FF3846FFF770FF65
:102F3000286AFFF76DFF242303FB06440023237751
:102F4000BDE8F0819CDC0020F82D0300A7F9020009
:102F5000520108002DE9FF4724230779774E824666
:102F600003FB07631B7F0D46904653B9744940F23B
:102F70005D32744807F0B5FD40F25D31704807F0EE
:102F8000A7FD0B6853B94B6843B16D4940F25E32FF
:102F90006C4807F0A6FD40F25E31EFE7D5E9022369
:102FA0004AB953B1664940F25F32664807F099FD6D
:102FB00040F25F31E2E75B0B02D16B685B0B08D03C
:102FC0005F494FF458725F4807F08BFD4FF458711A
:102FD000D4E718F008090ED0242303FB07631B6A0B
:102FE000013308D0564940F26332564807F079FD64
:102FF00040F26331C2E724237B43F218517F00295A
:1030000040F09A80F35823B118F0140F04BF012345
:103010005377242495E80F0004FB076404F10C0C9B
:103020008CE80F00206A421C04D0A37F9B071AD5AE
:1030300009F094FC2B68DAF8004023B103F06043F8
:10304000B3F1005F06D1AB6883B103F06043B3F125
:10305000005F0BD02423002203FB07633A485A7712
:1030600004B0BDE8F08709F085FCE3E718F0010340
:1030700018BF0123C4F8503518F0020318BF01230C
:10308000EC46C4F8403595E80F008CE80F00039B30
:10309000C4F84405C4F84815C4F83425C4F83835D4
:1030A0000023C4F81831D4F818310723C4F80035C8
:1030B00024237B43F218B9F1000F1DD10121F058F0
:1030C000216158B9D4F81831002BFBD06246402159
:1030D000204609F0EFFB24237B43F218F35813BB7F
:1030E000106A451C13D107EBC707204606EB870182
:1030F00009F01EFC1548B3E7F358A3B9106A411C48
:10310000F8D0937F9A070BD509F034FCF2E7937F50
:103110009B0702D509F02EFCE5E709F01FFCE2E76A
:1031200009F01CFCE6E7402318F0040F14BFC4F8B4
:103130000833C4F80433DDE7054891E79CDC002040
:10314000F82D0300A7F902000A00AD0B0000AD0B3B
:103150000B00AD0B70B5184D40212A46174809F0F9
:10316000A9FB40B355F80C3CA5F10C0453B9144924
:10317000144840F2B53207F0B4FC40F2B5311048C3
:1031800007F0A6FC206A421C04D0A37F9B070FD542
:1031900009F0F0FB637F1BB10B49084809F0C8FB3D
:1031A000002323720948D4E90031BDE87040184774
:1031B00009F0D4FBEEE770BDA8DC002000B00040B1
:1031C000F82D0300A7F902009CDC0020A4DC0020FD
:1031D00037B50125074C4FF4FA70656108F00EFE13
:1031E000002363610193256123690193019B03B06F
:1031F00030BD00BF0056004030B50D4D89B0036AA8
:1032000003AC01908DF808300FCD0FC42B6801A8D6
:10321000236009F0D5FB40B9044603AD55F8043BE3
:10322000984710B90134052CF8D109B030BD00BF62
:10323000A8EC0200034BD3E8EF2FC3E8E10F00290D
:10324000F9D17047C0DC002038B50546002850D0C1
:10325000436A002B50D0836A002B4DD00124294BA8
:10326000D3E8EF2F002A03D1C3E8E14F0029F7D1BB
:1032700045D1686A00F0B2F8FBF726FC224BC82063
:103280009C6608F0BBFD2846FFF7B6FF044640B930
:1032900001221D4B0220DA66FFF7CCFF00242046F6
:1032A00038BDFFF795FF002C11DBAB6A204698472D
:1032B000164B9C421AD013DCA4F18864033C012C09
:1032C00011D82846FFF798FF04460028E0D00122D5
:1032D0000D4BDA66FBF710FC0020FFF7ABFFDEE7D3
:1032E0000B4B9C42EDD06FF00404F0E76FF00A0442
:1032F000EDE76FF00D04D2E76FF01504CFE74FF064
:10330000FF34CCE7C0DC0020005000400500400442
:103310000100500530B52D4B87B01A68022A05D040
:10332000032A43D04FF0FF3007B030BD0422D3E86A
:10333000EF1F022903D1C3E8E02F0028F7D1F1D114
:10334000234D0DEB02040FCD0FC42B6801AD23609C
:10335000002455F8043B01349847052CF9D109F0B5
:1033600031FB00F05BF850B1002000F049F8FFF7A6
:103370002FFFFBF7C1FB0020FFF75CFFD4E7154BE5
:10338000D3F8F030DB070DD50A2008F039FDEEE761
:103390000A2008F035FDD5F84034012BE7D1013C77
:1033A000F6D1E4E741F2C1240B4DF4E70422D3E85F
:1033B000EF1F032903D1C3E8E02F0028F7D1B1D1D3
:1033C000002000F01DF809F0EDFAD0E7C0DC002085
:1033D000BCEC020000ED00E000500040014B186022
:1033E000704700BFC4DC002007B5044BCDE90001E5
:1033F0001B686846984703B05DF804FBC4DC0020F6
:10340000014B1870704700BF1FEC0020024B18786A
:10341000431E5842584170471FEC0020024B187859
:10342000C31E5842584170471FEC002070B5036816
:103430000446033BDBB2052B03D8094A52F823505C
:103440002DB9A06858B1BDE8704000F01DB809F072
:1034500005FB21682B46BDE87040090C184770BD7C
:103460005CF50200014B5B69184700BF9CCA002055
:10347000014B1B68184700BF9CCA0020014B5B68CA
:10348000184700BF9CCA0020014B1B69184700BFAA
:103490009CCA0020014B9B68184700BF9CCA0020B3
:1034A000014B9B69184700BF9CCA0020014BDB6998
:1034B000184700BF9CCA0020014B1B6A184700BF79
:1034C0009CCA0020014B5B6A184700BF9CCA0020C1
:1034D000014B1B68D8687047C8DC0020002230B55B
:1034E0000B4B19680C6894420FD001EBC2039D6826
:1034F000A8420BD14FF003020433D3E8CF1F0029B9
:1035000003D1C3E8C02F0028F7D130BD0132EAE76C
:10351000E0DC00202DE9F041002406460F4620465D
:10352000DFF854803368A34201D8BDE8F08106EB90
:10353000C4056B68DBB2012B16D16A68B8F800309D
:10354000B3EB124F10D1022FA8680FD1FFF76EFF17
:1035500001206B6823F0FF0343F003036B60B8F8AE
:1035600000300133A8F800300134DBE70168090CB2
:1035700009F01AFAECE700BFB2E1002010B5074CE1
:1035800002216068FFF7C6FF0028F9D101212068F9
:10359000FFF7C0FF0028F3D110BD00BFE8DC00201A
:1035A00070B5072860D8DFE800F00B5F475F435F26
:1035B0003C0401F0CBFC0320BDE87040FBF74CBAA3
:1035C00003202A4BD3F81446D3F81866284B1D78ED
:1035D0001870EDB2FFF714FF012D10D1254B264ACC
:1035E0009C4212D0230C1B04B3F1886F0DD0A4F5BC
:1035F0008033203B022B0FD96FF004031360314658
:10360000C4F30B00FFF7F0FE00E014601B4B1868DA
:10361000FBF74EF90020CFE7194931F91330136059
:10362000F4E70024124B20461C70FFF7E9FEEDE79B
:10363000FFF7A4FF0220BFE70D4B1A78012AD0B292
:103640000ED1104A1168104A8C68546049681160A4
:1036500002221A70FFF7D4FE084B1868FBF728F90E
:10366000FFF78CFF0120A7E770BD00BF00A002405C
:1036700021EC002001005005E4DC0020D0DC00201B
:1036800074F90200CCDC0020E8DC00200A23F7B546
:103690004FF47A750C4E0D4F01933168386809F07C
:1036A000B8F9044640B908F0C3FB40B9012001A9AC
:1036B000FAF7F0FF6E30F0D1204603B0F0BD01986C
:1036C000684308F09BFBE8E7D4DC0020DCDC00204A
:1036D000054B1B782BB9054B1968054B186809F089
:1036E00098B90020704700BF20EC0020D8DC0020F3
:1036F000E0DC002070B5164B42681B6822F0FF0228
:1037000042F00202C31A42601248134A0168C3F32E
:103710008913D2E8DF4F651CC2E8D65F002EF8D1CE
:1037200001EBC3014A6892B242EA04424A6002686D
:10373000032002EBC302536823F0FF0343F00103AD
:10374000536008F05BFB0122044BDA6070BD00BFE0
:10375000D8DC0020E0DC0020B4E1002000A0024022
:103760002DE9F04F95B038220021064603A80AF053
:103770006FFC022304930823069320230893042359
:103780000D93102340250F9380230122CDE911537F
:10379000D523002157480B921393FBF75BF805469E
:1037A000002840F0A380024653493079FFF794F88F
:1037B00003A8FFF7B7F834686268B2F59D6F40F070
:1037C00092806169E3680B44E16903F59D630B44F2
:1037D000B3F5003F00F28780206829460AF038FCE4
:1037E00033681C68D3F81C9004F53A72019204F116
:1037F0006007424A04F1A40804F1200BB9F1000F5C
:103800005BD1C2F800B000254FF0010A2570657049
:1038100084F802A0E570336840461B696360336832
:103820005B69C4F814B0A360354BC4F81890C3F8B2
:103830000080344BE7601F600823C4F8108084F8D0
:10384000A43088F8015088F8025088F8035084F8B2
:1038500060307D70BD70FD7009F0BEF8384609F02B
:10386000BBF8294B04F53A721A60284B04F1E802C0
:1038700031681A60264B274E1960274B2749C3F839
:103880001046C3F81456264B264C1D80264B86F84E
:1038900000A01D80254B029525601D611B690293C8
:1038A000029B144B1868FBF721F898B103236FF0C3
:1038B00073043370FFF770F811E09B6904F140095D
:1038C000636433684846DB69C2F800B0236401F0E2
:1038D00015FB98E72468002CECD1154B1C70204692
:1038E00015B0BDE8F08F6FF01504E3E76FF02D041D
:1038F000F5E700BFD0DC0020A1350200CCDC0020C1
:10390000E0DC0020DCDC0020D8DC0020D4DC00205F
:10391000C8DC002021EC002000A00240F049020099
:10392000B4E10020E4DC0020B2E1002000560040B9
:1039300020EC002070B5164B42681B6822F0FF0295
:1039400042F00102C31A42601248134A0168C3F3ED
:103950008913D2E8DF4F651CC2E8D65F002EF8D18C
:1039600001EBC3014A6892B242EA04424A6002682B
:10397000032002EBC302536823F0FF0343F001036B
:10398000536008F03BFA0122044B5A6070BD00BF3F
:10399000D4DC0020DCDC0020B4E1002000A00240E8
:1039A00010B5FFF773FE012400220321047081701B
:1039B0004270C270FFF7BEFF054B1C7009F01FF884
:1039C000BDE81040034B47F230511868FAF78EBF3C
:1039D00020EC0020D0DC002038B50A4B04461B78D0
:1039E000022BDDB20DD1FFF751FE50B100220121B3
:1039F0008460017042708570C270BDE83840FFF786
:103A000099BF38BD21EC0020034A126812B100288A
:103A100000DB1047704700BFFCDC00202DE9F743B6
:103A2000002581460F461048294690461E460193C0
:103A300006F066F9041E11DB0134204609F03BF85C
:103A4000C9F8000068B1334642462146019606F0A7
:103A500057F928463C6003B0BDE8F0836FF01500CD
:103A6000F9E76FF00B00F6E7D8EC020010B50E4B4B
:103A700004461B68A3B1F5F7FBF9082810D9237A8F
:103A80003F2B0DD00949082220460AF00AFB0146C7
:103A900030B904F108000A22BDE8104004F074BEF9
:103AA0004FF0FF3010BD00BFFCDC0020342E0300BF
:103AB000F7B504460F460420002116461D4608F0BF
:103AC000CFFF024638B914B1204608F0F6FF6FF078
:103AD0000B0003B0F0BD00206FF0580314600D4CD4
:103AE000137350739073D073207031460320576066
:103AF00008F0D6FF4FF0FF3301932378AB4201D19A
:103B00000020E6E7022001A9FAF7C4FD0028F4D05E
:103B1000DFE700BF22EC0020F8B5054600240F4F78
:103B200057F8046B284631460AF01CFB28B90134CB
:103B3000042CF5D14FF480300DE06CB1A31E012BA5
:103B4000F8D83046F5F794F90A220021284404F009
:103B500015FD40EA0440F8BD2046FCE774F502007C
:103B6000014B18600020704700DD0020014B1860F9
:103B7000704700BFFCDC00200FB42DE9FF410A9C18
:103B8000FFF744FC00284AD0002C4BD0284E294F88
:103B900031683868FAF728FF002846D1264D316889
:103BA0002868FAF7A3FE002836D122460BAB03A9FA
:103BB00002A80193FFF732FF044658B12868FAF7CC
:103BC00077FE3868FAF7F2FE204604B0BDE8F0410F
:103BD00004B07047029C2046FFF748FF02230646C8
:103BE000012220460399FFF763FF04460028E5D130
:103BF000DFF84880D8F80000FFF78EFF0446D8F8B9
:103C0000000008F054FF2868FAF752FE002CD8D1C3
:103C10003046FFF7F9FED4E76FF00A04D1E74FF022
:103C2000FF34D1E76FF00D04CEE76FF00A04CBE765
:103C300014DD00200CDD002010DD002004DD00205C
:103C40000CB42DE9F04F89B080460F46129CFFF767
:103C5000DDFB002800F0A280B8F1000F00F0A18089
:103C6000002C00F09E80002F00F09E80514DDFF868
:103C700048B12968DBF80000FAF7B6FE002840F0EA
:103C800096804E4E29683068FAF730FE002840F0E2
:103C90008280224613AB07A906A80593FFF7BEFE54
:103CA000044618B13068FAF703FE23E0DDE9069315
:103CB0000193434B1D68002D39D00C228246414BA5
:103CC0001B6802FB03530293029B9D421CD1BAF175
:103CD000000F2CD03068FAF7EBFD4A4639464046D3
:103CE000D047044618B94046FFF716FF0446484639
:103CF00008F0E3FEDBF80000FAF758FE204609B0B2
:103D0000BDE8F04F02B07047AB68A3420DD9019AED
:103D100048469A4228BF1A46296803930AF0C1F917
:103D200018B9039BD5F804A01C460C35CCE74846CF
:103D3000FFF79CFE02230546012248460199FFF742
:103D4000B7FE04460028ADD1DFF87C904046D9E9A3
:103D5000004ABA455246214628BF3A460AF051F970
:103D6000BA45204607D908F0A2FE3068FAF7A0FD50
:103D70006FF00604BEE7FFF7CFFE0446D9F8000057
:103D800008F095FE3068FAF793FD002CB2D1284672
:103D9000FFF73AFEAEE76FF00A04ABE74FF0FF34EF
:103DA000ACE76FF00D04A9E76FF01504A6E76FF01C
:103DB0000A04A3E714DD00200CDD002010DD002044
:103DC000F4DC0020F0DC002004DD00200EB42DE93E
:103DD000F343DDF824808146FFF718FB00285DD00F
:103DE000B9F1000F5DD0B8F1000F5AD0304C314F0F
:103DF00021683868FAF7F8FD002855D12E4E216861
:103E00003068FAF773FD002845D14846F5F730F8D9
:103E1000451C284608F04FFE044668B93068FAF79A
:103E200047FD6FF00B043868FAF7C0FD204602B07A
:103E3000BDE8F04303B0704749462A460AF060F9EE
:103E40002046FFF713FE0223814601222046294621
:103E5000FFF72EFE0446306814B1FAF729FDE2E7B9
:103E6000FAF726FDB9F1000F144D06DB2868FFF7BD
:103E700053FE10B94846FFF7C7FD0AAA4146286815
:103E8000019205F065FF041E286808BF6FF04C041E
:103E900008F00DFEC7E76FF00A04C4E74FF0FF34E7
:103EA000C4E76FF00D04C1E76FF00A04BEE700BF7E
:103EB00014DD00200CDD002010DD002004DD0020DA
:103EC00038B5C3680446A72B01D0206810E0032949
:103ED00007D0042926D0022902D10122154B1A70DD
:103EE00038BD144B00681A78022A05D10028F7D093
:103EF000BDE8384008F0DBBD0F4D2A6862B12B6881
:103F00009847002320682B6008F0D1FD0B4B186800
:103F1000BDE83840FAF7CCBC094A106061685160CE
:103F20000222DCE7074B1B68002BCED000689847C5
:103F3000CBE700BF22EC0020F8DC002010DD0020E1
:103F400004DD002000DD0020012210B511460B48E1
:103F5000FAF780FC70B90A48FAF700FD014648B943
:103F60004FF0FF32074B1A60BDE8104001230522D5
:103F7000FFF79EBD6FF02D0010BD00BF10DD0020CB
:103F80000CDD002014DD002010B400F11C03D3E888
:103F9000EF2F511EC3E8E41F002CF8D1012A0CDCDE
:103FA000074BD0E8EF2FC0E8E13F0029F9D16422A8
:103FB000002110BC04300AF04BB810BC704700BFA1
:103FC0001EF1010010B500240A4B4FF45072214637
:103FD00009481C700AF03CF821462246064B074867
:103FE00001310829C3E900029A6003F16803F7D19F
:103FF00010BD00BF23EC002018DD00201EF10100E1
:10400000164830B5002203464FF0FF34144DD0E877
:10401000EF1FA94204D1C0E8EC4FBCF1000FF6D16C
:104020000CBF0121002112D1682101FB02330122C2
:104030000C49DA61097893F8202061F3451283F87E
:1040400020200222A3F8482083F84A2030BD013204
:10405000082A00F16800DAD10846F7E718DD0020E9
:104060001EF1010023EC002030B502460023682534
:10407000054905FB03F460180C59944203D0013341
:10408000082BF6D1002030BD18DD002010B5044605
:10409000043008F006FF606C08B1FAF701FD064B2A
:1040A000D4E8EF2FC4E8E13F0029F9D12046BDE86C
:1040B0001040FFF769BF00BF1EF1ADDE70B50825E7
:1040C000064C074E2368B34202D02046FFF7DEFFBE
:1040D000013D04F16804F5D170BD00BF18DD00207A
:1040E0001EF101002DE9F8430F4C06460025A046BD
:1040F0004FF068090D4B0E4F18702368BB420CD06F
:1041000009FB058393F8202066F3451283F82020ED
:10411000A36B13B1204608F032FD0135082D04F1E0
:104120006804EAD1BDE8F88318DD002023EC002004
:104130001EF10100112806DC00280DDB084BC340EE
:1041400003F001007047B0F5817F07D040F21113F2
:10415000C31A5842584170470020704701207047E9
:104160004100020010B5436904461BB909F097FBF2
:1041700023684360044B1868FAF79AFB2046BDE8B1
:10418000104009F08EBB00BF58E00020032208B5A4
:1041900011460448FAF75EFB002818BF6FF02D00A7
:1041A00008BD00BF58E000202DE9F04F9A460023DB
:1041B00087B081460E461446CDE903330593FFF7D9
:1041C00025F928B90120FAF72DFB6FF00A0475E0F4
:1041D000B9F1000F4ED1002E00F0BA80002C55D15D
:1041E000254606274FF0010801940A220021304697
:1041F00004F0CAFA4FF6FE73421E9A4200F21A8188
:104200004FEA002B4BEA102B1FFA8BFB002C3AD005
:104210002368DB0437D53A21304609F035FF00B179
:10422000461C3046854909F09DFF0A2200286DD0C2
:104230000021033004F0A2F90446814B4FF47A6167
:104240001868FAF753FB002840F08980B9F1000F95
:1042500061D04846F4F70CFE0146182008F000FC37
:104260000646002859D1764B6FF009041868FAF712
:104270001FFB23E054B9002EB2D1354606274FF07C
:104280000108B34601964FF0FF34D6E7236823F4C4
:10429000A05323F00203002B40F0C980606838B9B6
:1042A000A06878B108F0A0FD60B96FF0060405E0E1
:1042B00008F094FD0028F3D16FF00504204607B004
:1042C000BDE8F08FE068D0B9606800F0DDFCC3B2F3
:1042D0000193A368E768002B08BF0123002F08BFE4
:1042E000062725685FFA83F8BFB296B105F4A0539C
:1042F000B3F5805F7FF479AF4FF0000B88E7A168DA
:1043000008F086FD0028DFD16B205CE701463046CF
:1043100090E7B346B7E749469FE70461B9F1000F5C
:1043200007D04846F4F7A4FD49460246306809F034
:1043300068FE019B314647F20D00B361C6F81C8050
:104340003762756103AA00F0CBFC1628044602D13F
:104350006FF00104B2E705DC50B10B2806D16FF015
:104360000204ABE7722801D173202CE720462AE72C
:104370002020DDF81090FAF78BFB0646CAF8000003
:1043800068B3D9F8080009F044FA7060DAF8006000
:104390007368012B0CD0022B24D03046FAF780FB37
:1043A0006FF005040498002888D008F080FB85E7AA
:1043B0000823C6E90287002733613560F76109F1F8
:1043C00018085A464046B9F8141008F07EFB706190
:1043D000DAF8006073693BB93046FAF761FB6FF0B9
:1043E0000904DFE71623E4E715F002051DD0B9F84C
:1043F00016000130FAF74CFBDAF80030B06198692A
:1044000028B95869FAF74CFBDAF80000E5E7B9F883
:104410001410B9F81620414409F0F3FDDAF8002031
:10442000B9F816309269D754BCE7B561BAE74FF0D6
:10443000FF3443E76FF0070440E700BFE5250300C2
:1044400058E00020F8B548F20F03994205460E46A1
:1044500040D022D848F20D03994233D048F20E03DF
:10446000994233D00069FFF7FFFD044610B3B6F55B
:10447000004F1FD9A6F50046013E0B2E1AD8DFE8E3
:1044800016F0AE00E800B600B600B6003A013A01F8
:10449000B600C400190019000B0149F20403994247
:1044A0001CD0B1F5104F3FD9C068FFF7DDFD0446C1
:1044B000002848D12868002800F02D81BDE8F84088
:1044C00008F0F5BABDE8F840FFF74CBEBDE8F8408B
:1044D00008F008BDBDE8F84008F0F1BC0369082BFE
:1044E00000F21981DFE813F01000160009000E0039
:1044F00016001701170118001E000020BDE8F84043
:10450000FFF7F0BD0120F9E70021E868BDE8F840B9
:1045100008F028BC0121F8E70021E868BDE8F84070
:1045200008F02CBC0121F8E70069FFF79DFD044667
:104530000028BFD048F281039E42BBD101462846E5
:1045400000F0E8FA56E049F202039E4200F0CD8006
:1045500037D808F08FFB0746E0B91020FAF798FA31
:104560000646B8B13946102209F072FD2B68736017
:104570006B683381698A002900F0C8802A8A05F1B6
:10458000140008F0A2FAF060002840F0BF80304626
:10459000FAF786FA286808F08AFA204608F02CFB19
:1045A00058B1204608F066FB38B994F8203043F043
:1045B000800384F820300C23A361204608F021FBFF
:1045C00018E049F203039E423DD049F282039E4225
:1045D0007FF470AF0146284600F0B4FA0AE06B6938
:1045E0002BB9284609F05BF9AA6943681A60284686
:1045F00009F057F9204608F04DFB002800F08B80A9
:104600002046BDE8F84008F0BABA90F8203043F0F0
:10461000010380F8203008F014FB18B13E4B1868F5
:10462000FAF746F994F82030204623F00A0384F87C
:10463000203008F02FFB10B1204608F0A0FA2046E9
:10464000FFF724FDD3E7286969280BD16823A3610C
:10465000D0E790F82030EE686FF3410380F8203007
:10466000686918B100F024FBA061C3E7204608F098
:10467000D2FA28B994F8203043F0040384F82030AB
:10468000204608F0C8FA0028B4D0002EB2D000218D
:10469000204600F075FAADE76B69F3B9284609F0DA
:1046A000FEF8AA6943681A60426892F8203043F025
:1046B000040382F82030436822691A614368626902
:1046C0005A6183684BB105F10C0205F1300152F8D3
:1046D000040B8A4243F8040BF9D194F82230002BE2
:1046E00085D0013B84F8223081E790F822300133F5
:1046F00080F822307EE7284609F0D1F86B6913B9BB
:10470000AB69436073E74FF0FF33FAE73146204669
:1047100008F052FA6EE7F8BD5CE0002030B585B0D5
:104720000546FFF7A1FC044628B90920FAF77AF8F4
:104730004FF0FF300EE0FEF769FE68B9204608F042
:1047400080FA18B10E4B1868FAF7B2F82046FFF756
:104750009DFC002005B030BD0021082008F080F944
:10476000014608B96920E1E7056101AA47F209009D
:1047700000F0B6FA0028ECD01628EAD0D6E700BF41
:104780005CE000202DE9F04385B081468846144660
:104790001D460C9EFFF768FC40B90920FAF742F865
:1047A0004FF0FF33184605B0BDE8F08315B90EB1E0
:1047B0001620F3E7B8F1290F00F09D800CDCB8F16A
:1047C000010F11D0B8F1060F00F09180B8F1000F81
:1047D00000F08F806D20E1E7B8F58D7F39D0B8F516
:1047E000007FF7D11E2C08E0222C10DC202C05DCE9
:1047F000142C12D0152C17D0022CEBD131461020DE
:1048000008F02EF90746002879D16920C6E73C2C2C
:1048100011D03D2C16D0282CEFE73246294605B0A2
:10482000BDE8F04309F041B83246294605B0BDE87D
:10483000F04309F048B83246294605B0BDE8F043D8
:1048400009F04FB83246294605B0BDE8F04309F0FB
:1048500068B8631E112BBDD801A252F823F000BF27
:10486000B7480200E1480200FD470200D5470200B8
:10487000D3480200A9480200D5470200D5470200EC
:10488000D5470200D5470200D5470200C5480200BF
:10489000FD470200FD470200FD470200D547020028
:1048A000FD470200FD4702003246294605B0BDE83B
:1048B000F04309F059B83246294605B0BDE8F04347
:1048C00009F066B83246294605B0BDE8F04309F064
:1048D00074B83246294605B0BDE8F04309F07FB808
:1048E0003246294605B0BDE8F04309F087B8372CB9
:1048F00083E71F2C81E7202C80D03E2C7DE7C0F879
:104900001090404608F0AEFF7861204600F0C4F9F0
:10491000B86125B132462946386809F072FB39463C
:1049200047F203007E6001AA00F0DAF9034600288E
:104930003FF438AF32E700BF2DE9F04385B0814640
:10494000884614461D460C9EFFF78EFB40B9092091
:10495000F9F768FF4FF0FF34204605B0BDE8F0835B
:1049600005B10EB90E20F3E7B8F1290F00F09480DD
:104970000CDCB8F1010F11D0B8F1060F00F0878000
:10498000B8F1000F00F086806D20E1E7B8F58D7F6B
:104990002DD0B8F5007FF7D11E2C79E0152C1FD053
:1049A0000ADC042C15D0142CEED13246294605B071
:1049B000BDE8F04309F059B8A4F12103012BE3D875
:1049C0001020316808F04CF80746002868D16920AB
:1049D000BEE73246294605B0BDE8F04309F035B8D8
:1049E0003246294605B0BDE8F04309F04DB8621ED5
:1049F000122AC9D801A151F822F000BF734A02005F
:104A0000814A0200C1490200C1490200654A020010
:104A1000494A020089490200894902008949020085
:104A20008949020089490200574A02008949020067
:104A3000C1490200C1490200C1490200894902007E
:104A400089490200C14902003246294605B0BDE845
:104A5000F04309F028B83246294605B0BDE8F043D6
:104A600009F033B83246294605B0BDE8F04309F0F5
:104A70003EB83246294605B0BDE8F04309F049B8D2
:104A80003246294605B0BDE8F04309F054B8372C4A
:104A900096D079E71F2CFBE7202C91D03E2CF7E72E
:104AA000C0F81090404608F0DDFE7861204600F026
:104AB000F3F83946B86101AA47F20400D7F800803C
:104AC00000F00EF9044620B1404607F0F6FF2046FC
:104AD0003EE77A68336841469A4228BF1A4628461C
:104AE000326009F08EFA404607F0E7FF34E700BF76
:104AF00008B5FFF767FAFFF749FB40B90122044800
:104B00001146F9F7A7FE002818BF6FF02D0008BD69
:104B10005CE0002010B543690C467BB191F8203071
:104B20006FF3C30381F82030406900F0C1F8044BF3
:104B3000A061BDE810401868F9F7BABE10BD00BF0B
:104B40005CE0002010B591F820300C466FF3C303F1
:104B500081F82030006960B9DBB223F0140343F020
:104B6000140381F82030054BBDE810401868F9F7B0
:104B70009FBE00F09DF8A061F5E700BF5CE000205B
:104B80002DE9F743DFF8FC900446D9F800000191C5
:104B9000F9F7ACFE074650B1019B002B70D11023F2
:104BA000A3614FF0FF37384603B0BDE8F083606C77
:104BB000D8B1F4F75DF9461C94F84B8031464FEAC2
:104BC000880808F10C0007F04BFF054678B920462D
:104BD00008F03CF808B16923A361D9F80000F9F79F
:104BE00067FE6920F9F71EFEDBE73E46E4E723682F
:104BF0004246036194F8483004F14C01037594F87F
:104C00004A30183000F8023C94F8493000F8033C70
:104C100094F84B3000F8013C09F0F3F9F6B1324654
:104C2000616C286809F06CFA6E6094F820300420FA
:104C300043F008032A4647F2810184F8203007F048
:104C40002FFF204608F002F80028ACD1204607F0DC
:104C5000F8FF40B9A0690028A5D0C3E72E706E7098
:104C6000AE70EE70E0E7022001A9F9F713FD10F134
:104C70000B0F05D00028E9D00028B8BF4042B1E7AB
:104C80007420AFE75CE0002003289CBF014B18565E
:104C9000704700BF3D2E030002383C289ABF034BEB
:104CA00053F820004FF0FF30704700BF5CF7020060
:104CB00070289ABF024B53F820000248704700BF8B
:104CC00098F50200ADBAADBA013804289ABF034B7B
:104CD00053F820004FF0FF30704700BF84F502000A
:104CE0004FF0FF3337B50D4DCA60144615600A46C4
:104CF00001460420019307F0D3FE2068A84202D0A9
:104D0000FFF7D6FF08E0022001A9F9F7C3FC00284D
:104D1000F3D00028B8BF404203B030BDEEC100BCA4
:104D20002DE9F041056807460C463DB101F470439A
:104D3000B3F5005F04D1404BC3E90015BDE8F08135
:104D40003E4E336863B144F20402914264D00CD801
:104D500044F2020399424ED044F20303994253D0E5
:104D60003868BDE8F04107F0A2BE44F2012221F408
:104D7000807393420FD044F203139942F0D1304C28
:104D8000206808B107F093FE01222E4B1A702560AF
:104D90000420336826E0DFF8B080D8F8000008B1BE
:104DA00007F085FE44F201339C420CBF032202222D
:104DB00095F85170254B264C1A70C8F8005017F022
:104DC00008053368227810D01AB9052098470123C6
:104DD000237007F04107012F02D102203368984762
:104DE00001203368BDE8F0411847002AF1D00620C1
:104DF00098472570EDE7174C206808B107F057FE7B
:104E0000032033682560EDE70D4C206808B107F0FA
:104E10004EFE00220B4BB9E72A78032AA0D8DFE820
:104E200002F0020507090720984799E70820FBE7E9
:104E30000920F9E70A20F7E770E0002060E0002091
:104E400064E0002024EC00206CE0002025EC002031
:104E500026EC002068E0002008B50023094A0A4833
:104E600013700A4A13700A4A13700A4A13700A4AE6
:104E7000136001221146F9F7EDFC002818BF6FF00E
:104E80002D0008BD26EC002078E0002028EC002052
:104E900027EC002025EC002060E0002010B50B4C32
:104EA000206818B107F003FE00232360084C206837
:104EB00018B107F0FCFD00232360064C206818B1F0
:104EC00007F0F5FD00232360002010BD6CE00020FA
:104ED00068E0002064E0002030B4074B1C6844B157
:104EE00043688589A4460268C1899BB2E8B230BC98
:104EF000604730BC704700BF7CE0002000210122E9
:104F0000074B1970074B1A70074B1970074B196044
:104F1000074B1960074B18600748F9F79BBC00BFA7
:104F200029EC00202BEC00202AEC002084E000205B
:104F300088E0002098E0002080E00020024B186804
:104F400008B1F9F7B5BC704780E0002070B4284B79
:104F50001B68196958691A7C00221A745C7C5A749F
:104F60009C7C9A74DC7CDA741C7D1A755C7D5A75A5
:104F70009C7D03299A75DC7DDA7529D0042929D016
:104F800001290FD185681B4E954210D11A7A012153
:104F900000221972597A5A72997A9A72DA7A6FF0F3
:104FA0005F02DA72144B70BC1868F9F781BC911C6F
:104FB00000EB81014C682178622907D0633918BF62
:104FC0000121490046F821400132DDE70121F9E7DE
:104FD000187ADEE7187A1972597A5A72997A9A729F
:104FE000DA7A6FF05F02DA720122044B1A70D9E7A5
:104FF00098E000208CE0002080E000202AEC0020D7
:1050000008B5084A084B93420AD9084908481822AB
:1050100005F067FD1821054805F05AFD1433F2E745
:10502000FCD308BD74E90200D4E80200412E03005D
:10503000A7F90200F7B504460D46EFF311872023C8
:1050400083F31288BFF36F8F1F4A0428966898BFB6
:105050001E4B127C94BF53F820301D4B009245210B
:1050600002461C4805F0E5FD3DB1EB69C3F30803BA
:105070001BB14521184805F0DCFD36B1304608F07B
:1050800063FE034608B1027802B9144B324645214B
:10509000134805F0CEFD29462046FBF7DDFD042C24
:1050A00008D110491048872205F01BFD87210D48C3
:1050B00005F00EFD87F31188BFF36F8F304603B004
:1050C000BDE8F040F5F7F6BF9CE0002050F8020084
:1050D000642E03007A2E0300A72E0300722E030015
:1050E000CD2E0300EA2E0300A7F9020038B5094BC4
:1050F00053F82040013053F82050A54200D838BD65
:10510000636823B1204608F071FD0834F5E7236891
:105110009847FAE764F80200012270B5344B032087
:1051200086B01A70FFF7E2FFF5F778FC08F07AFD19
:105130000420FFF7DBFF2F4C2F4DAC42264624D92D
:105140002E4945222E4805F0CCFC45212B4805F080
:10515000BFFC54F80C3C059354F8103C049354F8ED
:10516000143C039354F8183C029354F81C3C0193EC
:1051700054F8203C009354E90A2354E90C0101F04F
:105180001BFA54F8303C5E65D7E7AE4204F13004B8
:10519000DFD301F03DFF174C1A4EAC421BD9174923
:1051A0006922174805F09DFC6921CFE7D4E90A235D
:1051B000B3F1FF3F08BFB2F1FF3F05D052EA030150
:1051C000206803D108F0C2FD3034E6E731461830DC
:1051D00002F00AFBF8E7E9D301F068FFF4F774F98D
:1051E000094A137B23F00103137306B070BD00BF9F
:1051F0002CEC00207CEB02007CEB0200562F03001D
:10520000A7F90200C3DD020028D5002008B5034835
:10521000034A0021121A08F001FD08BDD0CD00207C
:1052200030EC0020982370B5134E012203FB00667A
:10523000002386B0CDE904230F220193CDE9023289
:1052400014234FF4A0720D4D0D4903FB0055044685
:1052500002FB00110B4B3046009501F0ADF9737B5A
:105260002C7423F004037373074B013403EBC42342
:10527000EE606B6006B070BD90D400209CE0002012
:10528000300101202D57020030F90020BFB5002069
:10529000FFF72CFF2D4B03F5006282F3088883F3A0
:1052A0000A880024E0232A4D2A4E85F82230EC7724
:1052B0002C766C76AC7685F820406B6A264F43F4EA
:1052C000E0236B6285F82340F5F760FEF6F736F8C9
:1052D0004FF0FF33AB62EB62F6F7EEF9F6F752F8F8
:1052E00040F201131D4D2846AB81C5E9194403F076
:1052F000B3F8B560FFF784FE0120FFF7F7FE022048
:10530000174DFFF7F3FE01F02DFF164B7561059366
:10531000012315494FF48052CDE9034328463B460B
:10532000CDE90144009401F047F906466A7B28461E
:1053300022F004026A7301F08FFB2046FFF772FF30
:105340003A4631462846F5F7D5FF00BF30F9002030
:1053500000ED00E09CE000201951020078D600200A
:1053600028D50020772F03007002012038B50B4CA0
:105370000B4DAC420FD90B490B48192205F0B1FB7C
:105380001921084805F0A4FB2046D4E9011208F0D1
:105390004AFC1834EDE7F7D3002038BDB8CB002025
:1053A000E8CB00207F2F0300A7F902002DE9F04F82
:1053B000064689B09046DDE9122306A899461746AD
:1053C000059106F1140508F023FDDDE90634CDE969
:1053D0000234EFF31184202383F31288BFF36F8F1D
:1053E000284602F075F938B92F4988222F4805F070
:1053F00078FB88212C482AE0284602F08DF9EFF34B
:105400000583D3B94FF0200B06F10C0A4246304613
:105410000599F4F729FD0346D8B12846029302F016
:1054200065F9029B002836D11F4940F231121F480E
:1054300005F057FB40F23111DCE757EA0903E1D0F0
:105440001B491A484B2205F04CFB4B21184805F02C
:105450003FFB57EA0907E0D0DDE9022306A808F080
:10546000FBFCDDE906232146CDE90023174628464B
:105470005246994601F0DEFBEFF311848BF312885C
:10548000BFF36F8F284602F023F90028ACD02846DE
:1054900002F042F9BAE784F31188BFF36F8F184620
:1054A00009B0BDE8F08F00BFBA030300A7F90200FE
:1054B0007F2F0300F8B504460E4600F11405EFF304
:1054C0001187202383F31288BFF36F8F284602F0E1
:1054D000FFF840B916498822164805F002FB8821DA
:1054E000134805F0F5FA284602F016F92046314631
:1054F000F4F780FC04F10C0008F071FC28B1394687
:105500002846BDE8F84001F0F7BC284602F0EEF866
:1055100040B9074940F23112064805F0E2FA40F27C
:105520003111DDE787F31188BFF36F8FF8BD00BF3E
:10553000BA030300A7F90200002038B50A4C0B4D4E
:10554000AC420FD90A490B48942205F0CAFA9421BB
:10555000074805F0BDFA204608F077FB002802DB7B
:105560002034EDE7F7D338BD98CB0020B8CB00202E
:10557000A12F0300A7F902002DE9F74305460E46C7
:1055800091461C4600F10807EFF31188202383F3AE
:105590001288BFF36F8F384602F09AF838B92B495A
:1055A00088222B4805F09DFA8821284822E03846B9
:1055B00002F0B2F82B69FBB133601C68EB692C6117
:1055C0000133EB6114B96A6993421BD0EB68E41AAA
:1055D00009D4D5E905235A43A24204D9B4FBF3F216
:1055E00003FB124474B11B491948E72205F079FA0C
:1055F000E721184805F06CFA59EA04020FD16FF060
:105600000B043360384602F071F8C8B90F4940F214
:1056100031120F4805F065FA40F23111C5E7CDE9C6
:1056200000942A464146384601F004FB044618B966
:10563000094B9B685B693360204603B0BDE8F0838B
:1056400088F31188BFF36F8FF6E700BFBA0303003A
:10565000A7F90200A12F03009CE000202DE9F041F2
:1056600004460D4600F10806EFF31187202383F36B
:105670001288BFF36F8F304602F02AF838B92849F4
:105680008822284805F02DFA882125482CE030464C
:1056900002F042F8E368EB1A1DD4D4E90512514335
:1056A000994218D9B3FBF2F102FB11339BB9D4F83C
:1056B0001080B8F1000F19D1204601F061FBA8B1AC
:1056C000C0F89080456101F0C7F939463046BDE821
:1056D000F04101F011BC144912484FF4887205F0F2
:1056E00000FA4FF48871104805F0F2F9236930464A
:1056F0002B60E3692561013BE36101F0F7FF40B9ED
:10570000074940F23112074805F0EBF940F2311138
:10571000BBE787F31188BFF36F8FBDE8F08100BF4F
:10572000BA030300A7F90200A12F030008B50C4B30
:105730009B6893F90E30002B09DB2024EFF31183D3
:1057400084F31288BFF36F8F05F0C1FBF6E70549BC
:1057500005481B2205F0C5F91B21024805F0B8F9E0
:105760009CE00020C62F0300A7F902002DE9F743B3
:105770000446894690461D46EFF3058353B152EA2D
:10578000050307D043497E22434805F0AAF97E214C
:10579000404813E004F10806EFF31187202383F358
:1057A0001288BFF36F8F304601F092FF40B93B493A
:1057B0008822394805F095F98821384805F088F99C
:1057C000304601F0A9FF626A23699A424AD2204614
:1057D00001F0D6FA054690B1E268002449464069D6
:1057E00008F00FFC2846C5F8904001F035F939461D
:1057F000304601F081FB204603B0BDE8F083206A0B
:105800006369984202D3A369984206D3214998223A
:10581000214805F066F99821BAE7E268494608F0A0
:10582000F0FB236AE26804F128001344A2692362B2
:10583000934208BF63694FF0100108BF2362636A97
:105840000133636202F0F4FC0024304601F04EFFA5
:10585000D8B9124940F231120F4805F042F940F22E
:105860003111AAE758EA05030CD00D4B22469B687C
:105870003946C3F814903046CDE9008501F0DAF9D5
:105880000446B8E76FF02204DFE787F31188BFF31F
:105890006F8FB0E7E72F0300A7F90200BA030300F8
:1058A0009CE000202DE9F7430446884617461D4634
:1058B000EFF3058353B152EA050307D04549DA22D5
:1058C000454805F00EF9DA21424813E004F10806D4
:1058D000EFF31189202383F31288BFF36F8F3046D3
:1058E00001F0F6FE40B93D4988223B4805F0F9F841
:1058F00088213A4805F0ECF8304601F00DFF636A64
:10590000002B43D0E268E169404608F07AFBE36986
:10591000E26820461344A269E361934204BF6369CD
:10592000E361636A013B636201F02AFA05460028DD
:105930003ED0206A6369984202D3A369984206D395
:105940002449F322244805F0CCF8F321BCE7696927
:10595000E26808F056FB236AE26828461344A2690D
:105960002362934204BF63692362636A0133636203
:105970000024C5F8904001F06FF84946304601F028
:10598000BBFA2546284603B0BDE8F08357EA050375
:105990000CD0134B22469B684946C3F8148030460E
:1059A000CDE9007501F046F90546EBE76FF02205F9
:1059B000304601F09BFE40B9084940F231120648DA
:1059C00005F08FF840F2311193E789F31188BFF3A6
:1059D0006F8FD7E7E72F0300A7F90200BA03030090
:1059E0009CE000202DE9F341044617461E46EFF3E4
:1059F000058545B1514952486F2205F072F86F2173
:105A00004E4805F065F8EFF31188202383F31288E0
:105A1000BFF36F8F4B4801F05BFE38B94A498822CB
:105A2000474805F05EF888214748EAE7454801F015
:105A300073FEE368454A9BB1A0689168884224D010
:105A400057EA060329D13F4801F050FEA0B188F380
:105A50001188BFF36F8F6FF00F0002B0BDE8F081C7
:105A6000916891F90E100133E36093683548216124
:105A7000A36001F03BFE50B9334940F23112304887
:105A800005F02FF840F23111CEE72169EBE788F3FA
:105A90001188BFF36F8F0020DFE791F90E1090F9A6
:105AA0000E306FF07E029942A8BF19469142B8BFEE
:105AB00011468B4202DD08F0E2F8054622464146D7
:105AC000CDE900761F4801F0B5F80028E3D0EFF3E8
:105AD0001186202383F31288BFF36F8F194801F0DA
:105AE000F7FD00289AD0174801F016FEA068C0B153
:105AF000236821699C420AD04BB193F90E30994238
:105B0000A8BF19466FF07E039942B8BF194608F046
:105B1000B6F830B131460B4801F0EEF96FF00A00EB
:105B20009BE7002DF6D1074801F0E0FD0028A3D047
:105B300086F31188BFF36F8FF0E700BF09300300D1
:105B4000A7F90200BCE00020BA0303009CE000209B
:105B500070B50446EFF3058646B13149D722314886
:105B600004F0BFFFD7212E4804F0B2FF8368002B5A
:105B700050D02D4A926893424FD1C36833B9284917
:105B8000EF22284804F0ADFFEF21ECE7012B03D012
:105B9000013BC360002070BDEFF31185202383F328
:105BA0001288BFF36F8F214801F092FD38B9204968
:105BB00088221C4804F095FF88211D48D4E71B4823
:105BC00001F0AAFD2169A06808F059F8204601F00B
:105BD000D7F8A06058B190F90E202261C0F890600B
:105BE00000F03AFF2946114801F086F9D2E7E0605B
:105BF0000E4801F07BFD40B90D4940F231120948D1
:105C000004F06FFF40F23111D7E785F31188BFF33D
:105C10006F8FBFE76FF01500BDE74FF0FF30BAE7B9
:105C200009300300A7F902009CE00020BCE000203E
:105C3000BA0303002DE9F04704460D469046994605
:105C40009DF820A000F10806EFF31187202383F3CD
:105C50001288BFF36F8F304601F03AFD40B93849E2
:105C60008822384804F03DFF8821354804F030FF91
:105C7000304601F051FDBAF1000F00D0656804F123
:105C80000C0001F07DF860B10023C0F81480C0F86A
:105C9000903000F0E1FE3046394601F02DF9002049
:105CA00019E0B9F1000F28D0082102F0DBFBA0B900
:105CB000304601F01BFD40B9214940F23112214824
:105CC00004F00FFF40F23111CFE787F31188BFF3E3
:105CD0006F8F6FF00B00BDE8F0870122C0F80480E1
:105CE0000260016801F003015DB922680A430260A5
:105CF000626820606AB960600BE04046C8F80090B6
:105D0000EFE72A68032A10D80160616839B9C4E94D
:105D10000000042104F1140002F08AFABBE70A68CB
:105D200002F0030202430A60E5E722F003020A439D
:105D300002602A6802F0030240EA02032B60E8E7EF
:105D4000BA030300A7F902002DE9F7430546904680
:105D50001F4600F10806EFF31189202383F3128810
:105D6000BFF36F8F304601F0B3FC40B92049882261
:105D7000204804F0B6FE88211D4804F0A9FE3046F4
:105D800001F0CAFC2C68D4B123686A6823F00303CD
:105D9000944220464FF001012B6008BF6B6007F072
:105DA0007DFF0446304601F0A1FCC0B9104940F225
:105DB0003112104804F095FE40F23111DCE758EA48
:105DC0000703EFD049463046CDE9008705F10C02C4
:105DD00000F030FF38B9084B9B685C6903E089F339
:105DE0001188BFF36F8F204603B0BDE8F08300BF7A
:105DF000BA030300A7F902009CE0002038B504466E
:105E0000EFF31185202383F31288BFF36F8F1548BA
:105E100001F05EFC40B914491448882204F061FE88
:105E20008821114804F054FE0E4801F075FC20460C
:105E300000F0A6FF50B10022C0F8902000F00CFE48
:105E40002946BDE83840074801F056B8D4E9023287
:105E50009A4218BF01330221A36004F1100002F03E
:105E6000E7F9EDE7C0E00020BA030300A7F902005C
:105E7000F7B5044616461D46EFF305835BB152EABB
:105E8000050308D026492748882204F02AFE8821E5
:105E9000234804F01DFEEFF31187202383F31288BB
:105EA000BFF36F8F204801F013FC38B91F498822D7
:105EB0001C4804F016FE88211C48EAE71A4801F045
:105EC0002BFCA368ABB1013B1748A36001F00EFCAB
:105ED00040B9164940F23112124804F002FE40F275
:105EE0003111E9E787F31188BFF36F8F002003B00A
:105EF000F0BD56EA05030BD10B4801F0F7FB002873
:105F0000E7D087F31188BFF36F8F6FF00F00EEE7D4
:105F100022463946CDE90065034800F08BFEE6E7EE
:105F20002B300300A7F90200C0E00020BA030300F1
:105F300070B50446EFF31185202383F31288BFF375
:105F40006F8F134801F0C4FB40B9124912488822F0
:105F500004F0C7FD88210F4804F0BAFD0C4801F099
:105F6000DBFB6FF00A06204600F00AFF20B1C0F804
:105F7000906000F071FDF6E7A060022104F11000CE
:105F800002F056F92946BDE87040014800F0B4BF60
:105F9000C0E00020BA030300A7F902001FB5094AB8
:105FA00002AB92E803004FF4705283E803000093C1
:105FB00005494FF0FF33054800F00AFA002005B00C
:105FC0005DF804FBD0EC020070120120C0D5002067
:105FD0002DE9F0430546674E674F85B0EFF3118812
:105FE000202383F31288BFF36F8F304601F070FBDC
:105FF00040B962498822624804F073FD88215F48F5
:1060000004F066FD304601F087FBD5F89840A4B94E
:10601000022105F1B00007F068FE90BB00234FF0AD
:10602000FF3202934FF0FF334146CDE90023304663
:1060300005F1A00201F078FAD0E7D5F89C2023689A
:10604000944208BFC5F89C30C5F89830D5F8B030F8
:10605000304643F00203C5F8B030E368D4F804904A
:1060600023F0040343F00103E36001F03FFB90B928
:10607000424940F23112424804F033FD40F23111FE
:10608000BDE705F1A80400220121204601F000FA35
:106090000028F8D1C2E788F31188BFF36F8FB9F1F8
:1060A000000F09D13749364840F2AF2204F019FDFC
:1060B00040F2AF213348A3E72046C847EFF31188E9
:1060C000202383F31288BFF36F8F304601F000FB6B
:1060D00000288ED0304601F01FFBE368D90623F07C
:1060E000010231D4E260E3689A0716D5386823F0DC
:1060F0000203E36088B10021036870B142689442F2
:1061000030D1036841BB7A683B60824200D17B603A
:10611000002340F8083BFFF771FED5F8B030304659
:1061200023F00203C5F8B030C3F3002401F0DEFA17
:1061300000289DD088F31188BFF36F8F002C7FF467
:106140004DAF01F017F849E723F01103E36004F1C4
:106150001000FFF753FEC6E70B607B68834208BF61
:106160007960D5E723B11A68014618461346C4E79B
:106170001A46F9E7CCE00020C4E00020BA0303008F
:10618000A7F9020054300300F8B5C36804469A0723
:106190000F46C3F3400638D45B0724D40B680BB911
:1061A00083680B60E368DD0720D5A36853B92849ED
:1061B00028484FF4AF7204F094FC4FF4AF712448B8
:1061C00004F086FC02263B603D68002D3CD0224B4B
:1061D0009B68AB420CD0D5F8B030D807C3F380022F
:1061E00016D46FF0120600233B6027E00126EBE790
:1061F00007F0A1FDD5F8B0300028EED1D907C3F3E0
:10620000C002EED552B15B0708D46FF00F06EAE783
:10621000002AFAD1C3F3C003002BF6D10023236078
:10622000D5F89C3063B9C5E92644284607F068FDD7
:10623000E36843F00403E3603B68A3603046F8BDC5
:106240001C60C5F89C40F0E76FF01506CBE700BF77
:1062500054300300A7F902009CE0002073B5044607
:10626000EFF31185202383F31288BFF36F8F194852
:1062700001F02EFA40B918498822184804F031FC80
:106280008821154804F024FC124801F045FA002347
:106290000321201F0193A4F1100607F026FD28B169
:1062A000A369304601A90193FFF76EFF094801F089
:1062B0001DFA40B9084940F23112084804F011FCB7
:1062C00040F23111DDE785F31188BFF36F8F02B023
:1062D00070BD00BFCCE00020BA030300A7F90200A4
:1062E00038B50D46044640B90B4999220B4804F0D5
:1062F000F8FB9921084804F0EBFB31B906499A22D2
:10630000064804F0EEFB9A21F4E71022002107F082
:106310009FFE656038BD00BF54300300A7F902003E
:1063200037B50C46019051B922494FF4C272224848
:1063300004F0D7FB4FF4C2711E4804F0C9FB4B6850
:1063400043B91C4940F285121B4804F0CAFB40F2D5
:106350008511F1E7EFF31185202383F31288BFF352
:106360006F8F164801F0B4F938B9154988221248E0
:1063700004F0B7FB88211248DFE7104801F0CCF9A0
:10638000204601A9FFF700FF04460C4801F0AEF9D2
:1063900040B90B4940F23112074804F0A2FB40F229
:1063A0003111E8E785F31188BFF36F8F204603B002
:1063B00030BD00BF54300300A7F90200CCE000203C
:1063C000BA0303000146014807F0A1BCC0D5002074
:1063D000F0B589B004460E9D50B92D4940F2DF2238
:1063E0002C4804F07EFB40F2DF21294804F070FBCA
:1063F00041B927494FF43872264804F072FB4FF434
:106400003871F2E7D0F8B00010F0010008D0204950
:1064100040F2E1221F4804F064FB40F2E121E4E78E
:10642000C4E9260004F1A000C4E9280004F1A80092
:10643000C4E92A004DB32879002840F2011008BFB2
:106440000120C4F8B00000204FF0FF364FF0FF37B6
:10645000CDE90330CDE90100CDE9066720460E4BBA
:10646000009400F001F955B1296811B1204607F0F8
:1064700068FC6B791BB1237B43F001032373204637
:1064800009B0BDE8F04007F061BC0120D9E700BFCA
:1064900054300300A7F90200D15F020038B50D4661
:1064A000044650B90E4940F25B320E4804F019FB25
:1064B00040F25B310A4804F00BFB41B908494FF444
:1064C0005772084804F00DFB4FF45771F2E7302281
:1064D000002107F0BDFD4FF480736560E36038BDB7
:1064E00054300300A7F90200F7B516461D460C46C6
:1064F000019051B92849294840F2D53204F0F1FA07
:1065000040F2D531244804F0E3FAEFF31187202359
:1065100083F31288BFF36F8F214801F0D9F838B99F
:10652000204988221D4804F0DCFA88211D48EAE74A
:106530001B4801F0F1F8E36813F01E0F22D155EA71
:10654000060211D1204601A9FFF71EFE0446144899
:1065500001F0CCF8C0B9134940F231120F4804F0F1
:10656000C0FA40F23111E1E743F00803E360019B18
:1065700004F11000A36232462B460B4901F034F9B6
:106580000124E4E70024E2E787F31188BFF36F8F6B
:10659000204603B0F0BD00BF54300300A7F902004D
:1065A000CCE00020BA0303005D620200014601480E
:1065B000FFF79ABFC0D500202DE9F04385B098467B
:1065C0000F9B04460F2B0E4637D12349884538D1FF
:1065D00004F15801C4E91611109900272173042110
:1065E000073222F0070506EB05096173A3734946DC
:1065F0002046C4E90677A760E773F4F759FA0E9BC3
:10660000073020F00700E066C4E9196502930D9B8E
:10661000A9EB000901930C9B4A460093314643467F
:106620002046F4F747FE0D4B67659B6803B11B6F6F
:106630004846236705B0BDE8F08303F110011E2929
:10664000C6D90749074840F2112204F04AFA40F23D
:106650001121034804F03CFA2D5702009CE0002071
:1066600075300300A7F90200F0B587B00446DDE9F4
:106670001276EFF3058555B11749184840F29E226E
:1066800004F02FFA40F29E21134804F021FA0595F8
:10669000109D04950F9D03950E9D02950D9D0195EE
:1066A0000C9D0095FFF788FFB6F1FF3F08BFB7F1DB
:1066B000FF3F05D056EA070305D1204600F054FC01
:1066C000204607B0F0BD3A463346054904F11800AC
:1066D00001F08AF8F4E700BF75300300A7F9020063
:1066E000C3DD020038B5124D2B4653F8184F9C42BB
:1066F00000D004B9EC68AB6888B943B90D490E48BD
:10670000C82204F0EEF9C8210A4804F0E1F95A7BE6
:10671000D20604D1A26912B9DA897F2A05D89C422F
:1067200002D0204600F05AFF23466B6138BD00BFFF
:106730009CE0002098300300A7F9020008B590F90A
:106740000D200146002A437B10DA03F07F034373D8
:106750000B4B984208D10B490B48802204F0C1F939
:106760008021084804F0B4F907F0F2FA074B986862
:10677000431A58425841BDE80840FFF7B3BF00BF75
:1067800090D40020C4300300A7F902009CE0002050
:1067900008B5836853B90A490A4840F2362204F022
:1067A000A0F940F23621064804F092F907F0D0FA39
:1067B000437B23F0020343730023836008BD00BFC3
:1067C000C4300300A7F9020070B590F90D30427B88
:1067D000002B37DBD30635D18369002B32D162F031
:1067E0007F024273184A904208D11849184879220A
:1067F00004F077F97921154804F06AF915490A4639
:1068000052F8184F944218BF2346CC6923B9C0E907
:1068100000242060C8610CE090F90E5093F90E60DE
:10682000B5420BD0AE4209DD5A68C0E900321060B3
:1068300058600020BDE87040FFF754BFA342E6D087
:106840001B68E3E770BD00BF90D40020C430030094
:10685000A7F902009CE000202DE9F843171E0E4620
:1068600014BF08211021427B044611420FD141EA96
:106870000203D20923D14373082931D00120FFF745
:1068800031FFBFF35F8F637B23F060036373414B82
:106890009B68A3426BD1EFF30583002B67D13E4881
:1068A00000F024FF002855D13C4940F26B123C48CF
:1068B00004F017F940F26B11384804F009F903F0BD
:1068C0007F034373374B984207D1374980223448BE
:1068D00004F007F980213448EFE707F039FACBE7F5
:1068E000A36813B12046FFF753FF04F1180001F02D
:1068F00027F8A56D04F15808A84511D04FF00009FC
:1069000075B12846FFF744FF05F1180001F018F8AB
:106910002846C5F89090FFF757FFA56DA845EFD121
:10692000DFF87080D8F808309C42A7D1EFF30583D8
:10693000002BA3D00120FFF7D5FE40F201131B4D21
:10694000AB8100232846C5E9193301F085FDC8F85D
:10695000085096E73046F4F7C3FBCFB1124940F236
:10696000ED120F4804F0BDF840F2ED11B3E70A480C
:1069700000F0BCFE40B9094940F23112084804F069
:10698000B0F840F2311197E786F31188BFF36F8FAB
:10699000BDE8F8839CE00020D0E00020BA030300AB
:1069A000A7F9020090D40020C430030078D600205C
:1069B00070B590F90D200146002A437B224C0FDA76
:1069C00003F07F03A042437308D12049802220486E
:1069D00004F087F880211D4804F07AF807F0B8F930
:1069E0004B7BA14263F07F034B7306D11749792299
:1069F000174804F076F87921EDE7164A104650F86A
:106A0000183FD469834208BF002323B9C1E90004B9
:106A10002160D1610CE091F90E5093F90E60B542FE
:106A20000ED0AE420CDD5868C1E9003001605960FB
:106A30009068BDE87040431A58425841FFF752BE73
:106A40009C42E3D01B68E0E790D40020C4300300F0
:106A5000A7F902009CE0002038B50446EFF3118549
:106A6000202383F31288BFF36F8F124800F030FEAB
:106A700040B911498822114804F033F888210E48A2
:106A800004F026F80B4800F047FE2046FFF79CFE76
:106A9000084800F02BFE40B9074940F23112074880
:106AA00004F01FF840F23111E9E785F31188BFF3D4
:106AB0006F8F38BDD0E00020BA030300A7F90200B1
:106AC00038B50446183000F03BFFEFF31185202362
:106AD00083F31288BFF36F8F154800F0F9FD40B9BA
:106AE00014498822144803F0FCFF8821114803F060
:106AF000EFFF0F4800F010FE627B12F0100211D081
:106B00000B4800F0F3FD40B90A4940F231120A483F
:106B100003F0E7FF40F23111E8E785F31188BFF396
:106B20006F8F38BD29462046BDE83840FFF794BE38
:106B3000D0E00020BA030300A7F9020038B50446EC
:106B4000EFF31185202383F31288BFF36F8F13486F
:106B500000F0BEFD40B912498822124803F0C1FF7F
:106B600088210F4803F0B4FF0C4800F0D5FDA3685E
:106B700013B12046FFF70CFE084800F0B7FD40B9FE
:106B8000074940F23112074803F0ABFF40F23111E0
:106B9000E7E785F31188BFF36F8F38BDD0E00020A1
:106BA000BA030300A7F9020070B504460D46EFF3DF
:106BB0001186202383F31288BFF36F8F1A4800F0E9
:106BC00087FD40B919498822194803F08AFF8821B6
:106BD000164803F07DFF144800F09EFD637B13F020
:106BE000280F0CD1A36813B12046FFF7D1FD637BBA
:106BF00095B903F0FB0320466373FFF7E5FD0A48F0
:106C000000F074FD58B9094940F23112084803F008
:106C100068FF40F23111DBE703F0EB03EBE786F3AB
:106C20001188BFF36F8F70BDD0E00020BA0303005E
:106C3000A7F902002DE9F047DFF8B0A02C4F164667
:106C4000DDE90898DAF808202A4BB84204460D46D8
:106C50001A600AD12849294840F2AB2203F041FFCB
:106C600040F2AB21244803F033FFEFF311832023DC
:106C700083F31288BFF36F8F384600F029FD38B9CF
:106C80001F4988221D4803F02CFF88211C48EAE791
:106C9000384600F041FDDAF808703146384607F012
:106CA0005FF8B8F1FF3F08BFB9F1FF3F06D04A4691
:106CB0004346144907F1180000F096FD204600F005
:106CC00015FD40B90E4940F26B120C4803F009FF64
:106CD00040F26B11DAE7064800F008FD0028F1D019
:106CE0002846BDE8F047F4F7FBB900BF9CE0002060
:106CF000D0E00020D4E00020C4300300A7F9020057
:106D0000BA030300C3DD020070B50546EFF3118638
:106D1000202383F31288BFF36F8F164800F0D8FC4E
:106D200040B915498822154803F0DBFE8821124836
:106D300003F0CEFE0F4800F0EFFC2C68A54210D007
:106D400014B12046FFF724FD0A4800F0CFFC50B9EB
:106D5000094940F23112094803F0C3FE40F23111F3
:106D6000E5E70024F0E786F31188BFF36F8F204634
:106D700070BD00BFD0E00020BA030300A7F90200F5
:106D800070B50546EFF31186202383F31288BFF315
:106D90006F8F184800F09CFC40B9174988221748AB
:106DA00003F09FFE8821144803F092FE114800F082
:106DB000B3FC2C68A54214D034B12046FFF7E8FCA0
:106DC00004F1180000F0BCFD0A4800F08FFC50B937
:106DD000094940F23112094803F083FE40F23111B3
:106DE000E1E70024F0E786F31188BFF36F8F2046B8
:106DF00070BD00BFD0E00020BA030300A7F9020075
:106E00002DE9F04104460E46EFF31188202383F369
:106E10001288BFF36F8F324800F05AFC074638B92A
:106E200030498822304803F05CFE88212D4814E068
:106E30002B4800F071FC637BDA0610D1A56975B9A7
:106E400003F07F036373294B9C4218D128492648DD
:106E5000802203F046FE8021254803F039FE0027FA
:106E6000A6731F4800F042FC002832D11D4940F2B1
:106E700031121D4803F035FE40F23111D6E72046AD
:106E800006F066FF637B1B4A63F07F036373134660
:106E900071B2A17353F8180F984218BF0546D06914
:106EA00025B9C4E900300460D4610AE095F90E60A8
:106EB000B1420AD08E4208DD6B68C4E900531C6001
:106EC0006C600120FFF70EFCCBE7A842E9D02D68EB
:106ED000E6E788F31188BFF36F8F3846BDE8F0818D
:106EE000D0E00020BA030300A7F9020090D40020EC
:106EF000C43003009CE0002038B503460C46D1B9ED
:106F0000EFF30585BDB9154A51699268914212D0D7
:106F100000F0ECFB50B9124940F26B12114803F03B
:106F2000E0FD40F26B110E4803F0D2FD2846BDE8AB
:106F30003840F4F7D5B8184600F0D8FB40B90849F6
:106F400040F23112074803F0CCFD40F23111EAE77C
:106F500084F31188BFF36F8F38BD00BF9CE0002021
:106F6000BA030300A7F9020038B50446EFF3118510
:106F7000202383F31288BFF36F8F184800F0A8FB1B
:106F800040B917498822174803F0ABFD88211448FF
:106F900003F09EFD114800F0BFFB637B5A0711D43C
:106FA0000E4800F0A3FB40B90D4940F231120D48E4
:106FB00003F097FD40F23111E9E785F31188BFF343
:106FC0006F8F38BD23F0040320466373FFF7FCFB8B
:106FD0002946BDE838400148FFF78EBFD0E00020C9
:106FE000BA030300A7F90200034648B9EFF305828C
:106FF00032B9064A51699268914201D0F4F770B8EB
:1070000083F31188BFF36F8F704700BF9CE00020AF
:1070100010B5EFF31184202383F31288BFF36F8F31
:107020001D4800F055FB38B91C4988221C4803F064
:1070300058FD882119480CE0174800F06DFBEFF36C
:10704000058343B117498A22154803F04AFD8A2176
:10705000144803F03DFD144B9A68D37B012B06D1F5
:1070600010498B220E4803F03CFD8B21F0E7013BD9
:10707000D373094800F03AFB40B9084940F2311295
:10708000074803F02EFD40F23111D3E784F3118855
:10709000BFF36F8F10BD00BFD0E00020BA03030024
:1070A000A7F90200E63003009CE0002038B5EFF3BA
:1070B0001185202484F31288BFF36F8F244800F0D9
:1070C00007FB38B923498822234803F00AFD8821A9
:1070D00020480FE01E4800F01FFB204B9A68D37B2E
:1070E00053B91F494FF453721B4803F0FAFC4FF495
:1070F00053711B4803F0ECFCEFF3058040B11849D5
:1071000040F24D32144803F0ECFC40F24D31F0E710
:107110000133D373FFF7E6FA0D4800F0E7FA40B900
:107120000C4940F231120C4803F0DBFC40F2311103
:10713000CEE785F31188BFF36F8FEFF3118084F3EF
:107140001288BFF36F8FBDE83840FFF74DBF00BF17
:10715000D0E00020BA030300A7F902009CE0002061
:10716000C4300300024B03F11802C3E90622704742
:107170009CE00020F8B5EFF305834BB1394940F2AC
:107180005C42394803F0ADFC40F25C41354811E007
:10719000EFF31185202383F31288BFF36F8F3348F9
:1071A00000F096FA40B9324988222F4803F099FC42
:1071B00088212F4803F08CFC2C4800F0ADFA2D49B3
:1071C0002D4C8868437BA04203F07F03437306D1B4
:1071D00024498022244803F084FC8021D6E706F06D
:1071E000B7FD8B685A7BA34262F07F025A7306D1C7
:1071F0001C4979221C4803F074FC7921C6E7084633
:1072000050F8182FCC69824208BF002222B9C3E986
:1072100000042360CB610CE093F90E6092F90E70CC
:10722000BE4216D0B74214DD5168C3E900210B609D
:1072300053600120FFF756FA0C4800F057FA60B986
:107240000B4940F26B12084803F04BFC40F26B1103
:10725000AFE7A242DBD01268D8E72846BDE8F84085
:10726000F3F73EBFC4300300A7F90200D0E00020CE
:10727000BA0303009CE0002090D400202DE9F041E7
:1072800005460E46EFF305834BB1364940F277428F
:10729000354803F026FC40F2774132481FE050EABF
:1072A000010303D1FFF766FF002059E0821C71F152
:1072B000FF3316DB06F0A6FD2C18EFF31188202310
:1072C00083F31288BFF36F8F284800F001FA60B98A
:1072D00027498822244803F004FC8821244803F02D
:1072E000F7FB6FF00104241AE7E7224F1F4800F074
:1072F00013FAB868204B1860FFF720FAB8682A46DE
:10730000334618301D4900F06FFABA681748537BAE
:1073100043F01003537300F0E9F940B9144940F207
:107320006B12114803F0DDFB40F26B11D6E74046CB
:10733000F3F7D6FEBB685B7BDB0608D5094940F254
:107340009342094803F0CDFB40F29341A5E706F0D4
:1073500059FD201A63EB0303012873F10003A3DB3B
:10736000BDE8F081C4300300A7F90200D0E000209E
:10737000BA0303009CE00020D4E00020C3DD02003B
:1073800010B5EFF3058454B11149124840F2A142FF
:1073900003F0A7FB40F2A1410D4803F099FBB1F1C6
:1073A000FF3F08BFB0F1FF3F06D10B4B9868FFF7D6
:1073B00087FB4FF0FF3010BDFFF760FF4FF47A728C
:1073C00047F6FF73C0FB0234D80B40EA4440F2E7B3
:1073D000C4300300A7F902009CE00020014B98682C
:1073E000704700BF9CE0002038B50446EFF31185DC
:1073F000202383F31288BFF36F8F214800F068F9D0
:1074000040B920498822204803F06BFB88211D48A1
:1074100003F05EFB1A4800F07FF9237BDA071AD5E8
:10742000174800F063F940B9164940F23112164886
:1074300003F057FB40F23111E9E785F31188BFF300
:107440006F8F1249104840F2965203F04AFB40F207
:1074500096510E48DCE7637B1B0709D5084800F00E
:1074600045F90028E0D085F31188BFF36F8F38BD50
:1074700029462046BDE838400122FFF7EDB900BF9C
:10748000D0E00020BA030300A7F90200C4300300D3
:107490002DE9F843064688461746EFF31189202365
:1074A00083F31288BFF36F8F1C4800F011F9054673
:1074B00040B91B4988221B4803F013FB8821184858
:1074C00003F006FB154800F027F93468A6421AD0ED
:1074D000DCB12046C4F890806761FFF759F904F1E8
:1074E000180000F02DFA2046FFF76EF90B4800F067
:1074F000FDF860B90A4940F231120A4803F0F1FA86
:1075000040F23111DBE70025F0E72546EEE789F38D
:107510001188BFF36F8F2846BDE8F883D0E00020C4
:10752000BA030300A7F90200D3B5DDE90667089C9A
:10753000CDE90067FFF77EFB1CB1034B9B685B69DD
:10754000236002B0D0BD00BF9CE0002008B568B148
:107550000E4B98420AD303F11802904206D2182229
:10756000C01AB0FBF2F302FB130343B10849094808
:10757000382203F0B6FA3821054803F0A9FA0122AF
:10758000054BC0105843054B1A5408BD10D70020B6
:1075900011310300A7F90200ABAAAAAA2DEC002022
:1075A000C3897F2B12D80A4B1B6863B1094B90F932
:1075B0000E201B689A4209DB437BDB0606D1064B93
:1075C000C31A18BF012303F0010070470023FAE734
:1075D000DCE00020D8E0002090D4002070B50E4BF5
:1075E0000E4C1E7C054606EB460304EBC304204606
:1075F00000F0A6F900220A4B28469A55FFF7D0FF63
:1076000048B1084B2046BDE870401A680649013A67
:10761000D31700F0E9B870BD9CE0002010D700201F
:107620002DEC0020DCE000204D75020038B5EFF3B2
:107630001185202383F31288BFF36F8F1E4800F05B
:1076400047F840B91D4988221D4803F04AFA8821AD
:107650001A4803F03DFA184800F05EF8194B1A4A30
:107660009C681068A0420ED1FFF7B8FF124800F0E6
:107670003DF8E0B9114940F23112114803F031FAF6
:1076800040F23111E4E700211B7C11600F4AD35C0A
:10769000002BEBD02046FFF783FF0028E6D0637B6A
:1076A000DB0602D12046FFF783F92046DCE785F3AD
:1076B0001188BFF36F8F38BDD0E00020BA030300FC
:1076C000A7F902009CE00020D4E000202DEC00206F
:1076D000006838B1044B00F003001B7CC01A18BFCF
:1076E00001207047012070479CE0002000230268C1
:1076F0000360EFF30581074B19B19968497BC9070E
:1077000006D4197C98680843831A58425841704738
:10771000012070479CE00020024B1A7C9B681343B9
:10772000036070479CE0002008B50648064A0749F8
:10773000121A06F075FABDE80840054A05490648E0
:1077400006F06EBA80C50020CCCD002020320300A8
:10775000000000000832030080C50020034B1B68B6
:107760000BB9F6F75BBE0020704700BFE0E00020D9
:1077700030B570B10B4B5B6898420AD0036843B1D7
:10778000D3E90421D0E90445121941EB0501C3E90D
:107790000421D0E9003213605A600023C0E90033AD
:1077A00030BD00BFC4CA002010B50E4B1C689C42FF
:1077B00004D1FFF7D3FF6FF0004010BDFFF7CEFFFD
:1077C000002CF8D0D4E904321B1A62EBE072B3F15A
:1077D000004F72F10001EEDA002AACBF184600201B
:1077E000EBE700BFC4CA0020B3F1FF3F08BFB2F10E
:1077F000FF3F2DE9F047044692461D4600F08F807A
:10780000066846B1474948486E2203F06AF96E217E
:10781000444803F05DF98160EFF31187202383F37F
:107820001288BFF36F8F4148FFF752FF38B94049C4
:1078300088223D4803F055F988213D48E9E73B4857
:10784000FFF76AFFBAF1FF3F75F1FF3323DA6FF0FC
:1078500001033849D1E900209B1A4FF0FF3262EB57
:107860000000B3EB0A0360EB0500012B70F100028E
:1078700001DA01233046C4E904302F4B1A68D3F8EB
:1078800004C09A4218BF164686B9C4E9003CCCF839
:1078900000405C601CE0FFF761FF1AF1010845F150
:1078A000000518EB000345EBE070E4E7D6E90415AA
:1078B000D4E904208A4270EB050E23DA891A726833
:1078C00065EB0005C6E90415C4E900621460746044
:1078D0001A689A4209D0944207D1184B1C6824B9FF
:1078E000FFF762FF2146F6F773FD1048FFF7FEFE33
:1078F00088B90F4940F231120B4803F0F2F840F218
:1079000031119AE7521A60EB05006645C4E904207C
:10791000BBD03668B8E787F31188BFF36F8FBDE837
:10792000F08700BF39310300A7F90200E4E000202E
:10793000BA03030028D70020C4CA0020E0E00020DA
:1079400038B50446EFF31185202383F31288BFF383
:107950006F8F1648FFF7BCFE40B9154988221548BD
:1079600003F0BFF88821124803F0B2F80F48FFF780
:10797000D3FE236883B12046FFF7FAFE00240B48AC
:10798000FFF7B4FE58B90A4940F23112094803F032
:10799000A8F840F23111E6E76FF01504EFE785F340
:1079A0001188BFF36F8F204638BD00BFE4E0002090
:1079B000BA030300A7F902002DE9F84F0446EFF3DC
:1079C0001188202383F31288BFF36F8F4248FFF79B
:1079D0007FFE40B941498822414803F082F888215E
:1079E0003E4803F075F8DFF8FC90DFF8FCB03A4849
:1079F000FFF792FECBF80040D9F8004000264C4536
:107A000008BF00240027DFF8E4A0DBF80030DAE943
:107A10000021002C45D0D4E904504FEAE37CAB426E
:107A20007CEB000E05DAED1A60EB0C00C4E90450A3
:107A300037E0AA1841EBE5712046C4E90467CAE9BA
:107A40000021FFF795FE2448FFF750FE40B9234977
:107A500040F23112224803F044F840F23111BFE7FE
:107A600088F31188BFF36F8F2046A3689847EFF320
:107A70001188202383F31288BFF36F8F1648FFF716
:107A800027FE0028A6D01448FFF746FEDBF800309A
:107A9000D9F800405B1B4C45CBF80030B5D1DAE992
:107AA000002100249A1841EBE371CAE90021CBF8C8
:107AB0000040FFF779FE2146F6F78AFC0648FFF7FB
:107AC00015FE0028C3D088F31188BFF36F8FBDE87F
:107AD000F84FFFF7ABBD00BFE4E00020BA0303009E
:107AE000A7F90200C4CA0020E0E0002028D7002047
:107AF00070B5EFF31186202383F31288BFF36F8FE5
:107B00001548FFF7E5FD40B914498822144802F0F2
:107B1000E8FF8821114802F0DBFF0F48FFF7FCFD6A
:107B2000FFF71CFE0F4AD2E90045041945EBE0754A
:107B30000948FFF7DBFD40B9084940F23112084817
:107B400002F0CFFF40F23111E4E786F31188BFF372
:107B50006F8F2046294670BDE4E00020BA03030081
:107B6000A7F9020028D70020F8B50446EFF31187E3
:107B7000202383F31288BFF36F8F4A48FFF7A8FDD5
:107B800040B949498822494802F0ABFF882146485C
:107B900002F09EFF4348FFF7BFFD22686AB14148EB
:107BA000FFF7A4FD002878D13F4940F231123F4849
:107BB00002F097FF40F23111E9E7D4E90A36581C88
:107BC00046F10001022871F1000127D3012B76F163
:107BD0000001BCBF012316465D1E46F1FF3606F0CC
:107BE00015F9013041F10001401946EB010101286E
:107BF00071F100014CDB06F009F9013041F100019F
:107C00006FF00102401946EB01034FF0FF31121AE9
:107C100061EB030320462649FFF7E6FD236B0133A2
:107C20002363236AD3B11F48FFF760FD0028BBD050
:107C300087F31188BFF36F8F2046236A9847EFF3CD
:107C40001187202383F31288BFF36F8F1548FFF746
:107C50003FFD002895D01348FFF75EFD54F8185FEC
:107C6000A5429CD0002D9AD02846FEF767FF00233E
:107C70000C48C5F89030FFF739FD002894D087F301
:107C80001188BFF36F8F2846BDE8F840FEF7E4BEC9
:107C90006FF001024FF0FF33BCE787F31188BFF3A9
:107CA0006F8FF8BDE8E00020BA030300A7F90200D7
:107CB000697B02002DE9F843064614461D469146AD
:107CC0009846EFF31187202383F31288BFF36F8F59
:107CD0002348FFF7FDFC40B922498822224802F0E0
:107CE00000FF88211F4802F0F3FE1D48FFF714FD36
:107CF000B5F1FF3F08BFB4F1FF3F0CD11848FFF7C3
:107D0000F5FC38BB174940F23112174802F0E9FE82
:107D100040F23111E6E7631C75F1FF330ADB012CF9
:107D200075F100032246BCBF0122002512F1FF3984
:107D300045F1FF383046FFF703FEDDE90823C6E9C9
:107D40000A2300234A463363304643460749FFF778
:107D50004BFDD3E787F31188BFF36F8FBDE8F8833E
:107D6000E8E00020BA030300A7F90200697B0200E3
:107D70002DE9F843142315460C4600264FF0200841
:107D800003FB0100434F0CB9BDE8F88310F8073C32
:107D9000A0F1140903F03F0340F80C6C102B3FD8FE
:107DA000DFE803F04E20093E163E3E3E2A3E3E3EB0
:107DB0003E3E3E3E340050F8043C002B37D136495D
:107DC000B722364802F08DFEB721334802F080FE1C
:107DD00050F8043C5BBB3049BB22304802F081FEC6
:107DE000BB21F2E750F8043C0BBB2B49BF222B48C8
:107DF00002F077FEBF21E8E750F8043CBBB9264902
:107E0000C322264802F06DFEC321DEE750F8043C91
:107E10006BB92149C822214802F063FEC821D4E78A
:107E20001D49D0221D4802F05CFED021CDE750F85C
:107E3000143C2BB150F8102C13605A6040E90566D1
:107E40003846FFF753FC48B9154940F23112134840
:107E500002F047FE40F231111148B7E785F311886F
:107E6000BFF36F8FEFF3118588F31288BFF36F8F25
:107E70003846FFF72DFC013C30B9094988220748F4
:107E800002F02FFE8821E7E73846FFF745FC484619
:107E900079E700BFECE000205D310300A7F90200A4
:107EA000BA0303002DE9F74F0025144607462E4676
:107EB0004FF0200AA946DFF8A88100910193009BAA
:107EC0009D4203DB304603B0BDE8F08FEFF3118B2A
:107ED0008AF31288BFF36F8F4046FFF7F9FB38B97A
:107EE00060498822604802F0FCFD88215D4865E019
:107EF0004046FFF711FC7B7B03F03F03102B56D865
:107F0000DFE803F02C42095528555555485555557D
:107F1000555555554E003B699B68FBB10223FA68E5
:107F2000C7F80890C2F38630034363F39432FA60D3
:107F300084F800904046FFF7D9FB1437002840F042
:107F40008880484940F23112474802F0CAFD40F2A9
:107F50003111CBE73B691B68002B31D1019B002B12
:107F6000E8D12378002BE5D07B7B03F03F03102B77
:107F700068D8DFE803F035452767386767675167DA
:107F80006767676767675A003B699B68002BE5D0A6
:107F90000123C4E73B695B6A002BDFD01023BEE7F7
:107FA000386900F0CFF90028D8D02023B7E72F494F
:107FB00064222D4802F095FD64212C4802F088FDD2
:107FC0000423ACE7386930B928498E22264802F0EC
:107FD00088FD8E21F1E722463946103005F085FFF5
:107FE000BC600136A6E7386930B9204992221E48A4
:107FF00002F077FD9221E0E7224639461430EDE7A2
:10800000386930B919499622174802F06AFD96215D
:10801000D3E722463946E1E7386978B913499A220D
:10802000114802F05EFD9A21C7E7386930B90F495F
:108030009F220D4802F055FD9F21BEE7224639469A
:108040002830CBE70949A722074802F04AFDA721BB
:10805000B3E78BF31188BFF36F8F01352FE700BFB4
:10806000ECE00020BA030300A7F902005D31030031
:1080700008B542B111492E22114802F032FD2E21DD
:108080000E4802F025FD3F2906D90C4930220C4844
:1080900002F027FD3021F3E733B9084931220848BF
:1080A00002F01FFD3121EBE782600902027B01F43F
:1080B0007C511143C0E9031308BD00BF5D310300CB
:1080C000A7F902002DE9F04F1E46534B17469C6856
:1080D0000123054685B004F1600284F8603084F81D
:1080E0006130EFF3058BBBF1000F0AD04B494FF421
:1080F00095724B4802F0F5FC4FF49571474802F039
:10810000E7FC40B9454940F22B12454802F0E9FC32
:1081100040F22B11F2E7002908DA40494FF4967239
:108120003F4802F0DEFC4FF49671E7E757EA06039A
:108130000CBF01230023FFF7B5FE8046EFF3118942
:108140004FF0200A8AF31288BFF36F8F3548FFF78C
:10815000BFFA38B934498822314802F0C2FC88217C
:108160003148CCE72F48FFF7D7FA94F86030E3B9ED
:108170004A46414628460393FFF7FAFD2948FFF790
:10818000B5FA039B40B9284940F23112244802F065
:10819000A8FC40F23111E3E789F31188BFF36F8F38
:1081A0001C46204605B0BDE8F08F57EA060384F868
:1081B00060B00BD11B48FFF799FA0028E3D089F390
:1081C0001188BFF36F8F6FF00A04EAE74946CDE9E3
:1081D0000076164A1348FEF72DFD0446EFF311868C
:1081E0008AF31288BFF36F8F0E48FFF771FA0028E9
:1081F000B0D00C48FFF790FA284632464146FFF7C8
:10820000B7FD0848FFF772FA0028BCD086F3118842
:10821000BFF36F8FC5E700BF9CE000205D31030016
:10822000A7F90200ECE00020BA030300CCCA00204A
:1082300070B504460D46EFF31186202383F31288B0
:10824000BFF36F8F1748FFF743FA40B916498822EA
:10825000164802F046FC8821134802F039FC114808
:10826000FFF75AFA2068844209D0D0E9003213603F
:108270005A6000232946C0E9003305F067FE09482B
:10828000FFF734FA40B9084940F23112074802F0CA
:1082900028FC40F23111DFE786F31188BFF36F8FBE
:1082A00070BD00BFECE00020BA030300A7F9020094
:1082B00070B504460D46EFF31186202383F3128830
:1082C000BFF36F8F1C48FFF703FA40B91B498822A0
:1082D0001B4802F006FC8821184802F0F9FB1648FA
:1082E000FFF71AFA01212068E5608442A1600CD1F1
:1082F0001148FFF7FBF9C0B9104940F2311210489C
:1083000002F0EFFB40F23111E6E7D0E900321360F2
:108310005A600023C0E9003305F018FE31460446D8
:108320000548FEF7E9FD204670BD86F31188BFF3CE
:108330006F8F0024F7E700BFECE00020BA030300D2
:10834000A7F90200F8B504680546ACB344689CB3CD
:1083500000F11406EFF31187202383F31288BFF393
:108360006F8F3046FFF7B4F940B91449882214489A
:1083700002F0B7FB8821114802F0AAFB3046FFF754
:10838000CBF9D5E903439C420DD1AC683046FFF7E9
:10839000ADF968B9094940F23112094802F0A1FB70
:1083A00040F23111E7E724BF6A689B181C1BEDE718
:1083B00087F31188BFF36F8F2046F8BDBA0303001F
:1083C000A7F90200F7B5043205460C4617D200267D
:1083D000002741F00401CDE90067FCF7E7FF70B129
:1083E00040F8045B64B1013C204209D005490648CD
:1083F000252202F076FB2521024802F069FB0020CD
:1084000003B0F0BD7E310300A7F9020003280A463D
:1084100008B501D9830708D00C4943220C4802F063
:1084200060FB4321094802F053FB431E034206D080
:1084300006494722064802F054FB4721F2E701466D
:10844000BDE808400348FFF7BDBF00BF7E31030011
:10845000A7F90200B8CB0020014B0367704700BFAB
:10846000B8CB002038B504460D4605F064FC20B9B1
:10847000064B9B681B6F0BB938BD054B2A4621463E
:108480001846BDE83840FFF79DBF00BF9CE00020C4
:10849000B8CB00200CB430B589B005460C461C2280
:1084A000002101A805F0D4FD022305958DF80630C2
:1084B0000D4B029323462CB1B4F1004F28BF4FF06F
:1084C0000043013B1D440DAA0C9901A8069500929A
:1084D00000F0E0FA14B1059B00221A7009B0BDE863
:1084E000304002B0704700BFB7E702000EB470B56D
:1084F00089B004461C2200210DAD01A855F8046B7B
:1085000005F0A6FD022301A82A4631468DF8063063
:10851000094B0594029304F100430095013B069337
:1085200000F0B8FA0028A4BF0023235409B0BDE826
:10853000704003B0704700BFB7E702000EB470B5DB
:1085400089B005461C2200210DAC01A854F8046B2B
:1085500005F07EFD012301A8224631468DF8063044
:10856000054B05950393009400F068FF09B0BDE842
:10857000704003B0704700BFA3E70200242A2DE932
:10858000F041044601D8012A4CD1364B162206F0A0
:1085900033F91A5001B10C6000273846BDE8F0816C
:1085A00035462E4616F8010B2028F9D0A0F1090710
:1085B0000346042FF4D92B2836D02D2837D14FF07D
:1085C000010CAE1C6B78302B38D1307840F0200095
:1085D00078282FD132F010002CD173783446102235
:1085E00002360CF1004000270138B0FBF2FE02FB1E
:1085F0001E08392B82BF03F1FF3343F02003263BD3
:10860000303B9A421ED9774502DC03D1984501D20E
:108610004CF0020C354607FB0237344615F8013B97
:108620002E46E6E70546BCE74FF0000CC9E74FF0E1
:10863000000CC8E7002A08BF0822D2E7002A08BFBA
:108640000A22CEE701B10C601CF0010F18BF7F4277
:108650001CF0020FA1D0034B2222074606F0CCF8F3
:108660001A509AE70C000000242A2DE9F84F8046A2
:10867000894601D8012A60D1424B162206F0BCF887
:108680001A50B9F1000F01D0C9F800800023194633
:108690001846BDE8F88F31460E4616F8013B202BF0
:1086A000F9D0A3F109001C460428F4D92B2B46D09D
:1086B0002D2B46D101278E1C4C78302C48D1337895
:1086C00043F02003782B3ED132F010033BD1747875
:1086D000B0461025023617F1FF3B6FF000432A46E3
:1086E00043F1000A584600235146F0F795FB00235A
:1086F0008C461946392C82BF04F1FF3444F0200423
:10870000263C303CA54228D998427CEB010E05DB83
:10871000614508BF834203D1A24201D247F002075C
:10872000A5FB033EB04605FB01EEE3184EF1000148
:10873000B6461EF8014B7646DCE70146ACE700275B
:10874000B9E70027B9E7002A14BF15460825C2E794
:10875000002A14BF15460A25BDE7B9F1000F01D064
:10876000C9F80080F80702D55B4261EB4101BA0706
:108770008ED5044A222406F03FF85B465146145039
:1087800086E700BF0C000000242AF0B5044601D89B
:10879000012A40D12E4B162206F02EF81A5001B1B4
:1087A0000C600020F0BD2F463D4615F8010B202837
:1087B000F9D0A0F109060346042EF4D92B282CD0B9
:1087C0002D282CD10126BD1C7B78302B2DD128786B
:1087D00040F02000782824D132F0100021D16B78AD
:1087E0002C46102202350020392B82BF03F1FF33C3
:1087F00043F02003263B303B9A421AD9A0FB0204E7
:108800000CB9C01801D346F002062F462C4617F8C3
:10881000013B3D46E8E70746C6E70026D3E70026CA
:10882000D3E7002A08BF0822DDE7002A08BF0A2292
:10883000D9E701B10C60F20748BF4042B307B1D598
:10884000034B222205F0D8FF1A504FF0FF30A9E762
:108850000C000000242AF0B505460E4601D8012A76
:108860000AD13E4B162205F0C7FF1A5006B13560FB
:1088700000200146F0BD2046044614F8011B2029C3
:10888000F9D0A1F109070B46042FF4D92B2939D0CF
:108890002D293AD14FF0010C841C4378302B3BD169
:1088A000217841F02001782932D132F010012FD106
:1088B000637825461022023400200146392B82BFFE
:1088C00003F1FF3343F02003263B303B9A4232D979
:1088D000002729BBA0FB02E517F0010770462946D7
:1088E00008D11EEB030E55F10005704628BF012785
:1088F00029460FB14CF0020C2746254617F8013BDC
:108900003C46DBE74FF0000CC6E74FF0000CC5E734
:10891000002A08BF0822CFE7002A08BF0A22CBE7B7
:10892000A2FB0151A0FB02E02D1841F1000100293A
:1089300018BF0127D0E706B135601CF0010F02D047
:10894000404261EB41011CF0020F93D0034B222205
:1089500005F052FF1A504FF0FF308AE70C0000007C
:108960002DE9F04101260746B24201DCBDE8F08165
:108970003B461F4613F8014B002CF7D0252CF8D1AD
:108980001C780237252CF3D00023DFF804819C46A5
:108990001D461F2D18D8A4F1200EBEF1100F09D9C5
:1089A000A4F1300EBEF1090F1ED80A24202504FBC5
:1089B00003E304E028FA0EFE1EF0010F06D017F8BC
:1089C000014B002CE5D128E07F2D1CD8A4F1300EFE
:1089D000BEF1090FE9D9242C10D1BCF1000F46D00B
:1089E000B34246D00023EAE724F0040EBEF12A0F7A
:1089F000F8D06C2C09D145F08005E0E724F0040E96
:108A0000BEF12A0FEED06C2C22D06C2C1BD8682C17
:108A100023D06A2C28D04C2C26D0BCF1000FA5D036
:108A2000B445A1D144F020070B68A7F1650CBCF157
:108A3000020F01D9612F1ED1073323F0070308333A
:108A400001360B608FE7742CB9D07A2CB7D0E4E7ED
:108A50002C0648BF45F40075CDE7EC0548BF45F44A
:108A6000007545F48075AAE745F42075A7E79C4694
:108A7000B8E76324D6E7692C02D007D8632C03D06B
:108A80002F0601D5AC05D7D40433D9E7732CF6E70C
:108A9000892801002DE9F04F436895B08046039383
:108AA00083789807CDE9081216D50B4600250D925C
:108AB0001F789FB1252F15D00133079341463846C3
:108AC000039B01359847002880F22C8498F80230E7
:108AD00043F0040388F802304FF0FF35284615B004
:108AE000BDE8F08F5F789A1C252F0792E6D000240E
:108AF0002646A246A346BBF11F0F32D8A7F120039A
:108B0000102B0AD8DFE803F02409092A0909091BF8
:108B100009090922092709091900A7F13003092BBE
:108B20002DD92A2F39D154B90D9B1BF0400F53F882
:108B3000042B0D9329D0164601E04BF0010B079B47
:108B400013F8017B0793002FD5D15BE04BF0020BAC
:108B50004BF0040BF3E74BF0080BF0E74BF0100B76
:108B6000EDE7BBF17F0F3FD8A7F13003092BD8D831
:108B70001BF0400F03D00A2202FB0636DFE70A2271
:108B800002FB0A3A4BF0200BD9E7B2F1000AF9DAFE
:108B9000CAF1000A4BF0280BD1E72E2F05D11BF0AC
:108BA000400F9BD14BF0400BC9E7242F1CD1002C68
:108BB00000F03F81099B1BF0400F0D930AD15246F4
:108BC0000DA90898FFF7CCFE0D9B1A1DD3F800A045
:108BD0000D92B4E732460DA90898FFF7C1FE0D9B30
:108BE0001A1D1E680D92AAE76C2F00F00F8100F28B
:108BF0000681682F00F012816A2F00F017814C2F38
:108C000000F0148134B1099B22460DA908980D93F8
:108C1000FFF7A6FE002E47F02009B8BF2BF0400B4F
:108C2000A9F16503BCBF00261FFA8BFB022B40F2A3
:108C30000581B9F1610F40F05B82FF431BF0400FEB
:108C40004BF4C05407F0200308BF4FF0FF360693E3
:108C50000D9B073323F0070303F10802D3E900015A
:108C6000069B0D920EAA0093334605F0E1FC0130FD
:108C7000C3B2B342049301DB049B5E1E01230E9F2B
:108C8000A3464FF07009059307F10903122B0DD984
:108C900007F16303C62B40F20C8107F2E73340F281
:108CA000CE72934294BF0323042305939DF83C2086
:108CB00002F00C0312F0010240F016811BF0020FCB
:108CC00040F00F811BF0040400F0F580002B40F011
:108CD0000E8120231BF4405F20D1049A002E02F164
:108CE000500208BF01266A44133A049921B112F8D0
:108CF000011D302900F030811BF0100F049A18BFBD
:108D00003246391DC0F22D81B74280F22A81BA4223
:108D10004BF4005B40F327817E1C961B1BF4005232
:108D20000A9200F0228127EAE774013403B101348A
:108D3000002E00F02281721C1444A245CCBFAAEB85
:108D4000040400241BF0090F04D12C44A54240F078
:108D5000198100243BB118464146039B01359847D1
:108D60000028FFF6B3AE1BF4006F12D0414630204E
:108D7000039B98470028FFF6A9AE069B41460235A3
:108D8000C3F17800039B00F0F80098470028FFF635
:108D90009DAE1BF0080F05D12C44AC4240F0FE8084
:108DA000254600240A9B002B00F0178127EAE77A6A
:108DB0007642A7EB0A07049B0AF1FF3A05F1010985
:108DC0004146BB4289BF0EAB3020FB18587956454F
:108DD000039B00F3EC809847002807F10107FFF69A
:108DE00075AEBAF1FF3F08D141462E20039B98474C
:108DF0000028FFF66BAE05F102094D46DBE7742F44
:108E00003FF49DAE7A2F3FF49AAEFBE61BF0800F45
:108E100018BF4BF4007B4BF0800B90E61BF4807F77
:108E200018BF4BF4007B4BF4807B88E64BF4207B2F
:108E300085E626465446B346B24680E6FF431BF01D
:108E4000400F07F0200308BF0626B9F1650F06930F
:108E50000D9B03F1070323F0070303F10802D3E995
:108E600000010D9213D1731C00224BF4805BDBB226
:108E70001446112BCDE9002428BF11230EAA01F0BE
:108E800073F80E9FC3B2049302230593FCE6B9F175
:108E9000660F05D14BF4005B344601221123E8E74D
:108EA000F3B200224FF06509012B144638BF0123AD
:108EB000DFE70223F9E6002B3FF40CAFBAF1030F12
:108EC00039DC9DF83C30A14E13F0080FA04B08BFD1
:108ED0001E463746B94617F8010BA0BBAE1BB1447E
:108EE00078E023BB2B23F5E61BBB2D23F2E62022E3
:108EF000BAF1040F12DD1BF0080FAAF104040ED121
:108F00002C4441462020039B0135049298470028B9
:108F1000FFF6DCADA542049AF3D192B1002441469C
:108F20001046039B013598470028CADACEE52B226C
:108F3000DEE72D22DCE71BF0080FAAF10304C0D105
:108F4000DEE71446BDE7069B4146C01A039BC0B24C
:108F500098470028BEDAB9E504990139C9B20491ED
:108F6000C3E6561EDAE60026D8E61BF4006F059A23
:108F70000CBF032405241444D8E61BF0100F18BFBF
:108F80000134DAE60B934146039B202098470028E2
:108F900005F101050B9BBFF6D9AE97E541463020A0
:108FA000039B013598470028BFF6F7AE8EE598473A
:108FB0000028FFF68BAD1BF0100F0BD0BAF1FF3F6E
:108FC00008D105F1020941462E20039B984700284D
:108FD000FFF67CAD4D464C442BE241469DF83D00EA
:108FE000039B98470028FFF671AD002E65DD4146D2
:108FF0002E20039B98470028FFF668AD4FF0010A2A
:10900000049B4146D3469A45B7BF0EAB302053442C
:109010005879039B98470028FFF658AD0AF1010ADA
:109020005645EDDA02355D44069B4146A9EB030047
:10903000039BC0B298470028FFF648AD002F414679
:10904000039BB6BF2D202B207F4298470028FFF6B8
:109050003DAD059B042B3DD14FF47A794146039BEE
:109060000335B7FBF9F606F13000C0B29847002887
:10907000FFF62CAD09FB16774FF064094146039BC0
:109080000135B7FBF9F606F13000C0B29847002869
:10909000FFF61CAD09FB16774FF00A094146039B0A
:1090A0000135B7FBF9F606F13000C0B29847002849
:1090B000FFF60CAD09FB167713E01BF0100F01D182
:1090C0000135B1E741462E20039B02359847002821
:1090D000AADAFBE4059B0235032BCDD0059B012BBF
:1090E000DAD107F1300005F101094146C0B26CE761
:1090F000A7F16303122B00F2FE80DFE813F01300E8
:109100005600FC00FC00FC00FC005600FC00FC00CB
:10911000FC00FC00FC001601F700FC00FC002B002A
:10912000FC00B8000D9B01240EAF1A1D1B680D92A8
:109130008DF838301BF0080F2DD03E19B946B145D7
:109140002BD1EF1BB944AAEB040443E7A63103007B
:10915000A23103000D9B1A1D0D921F68AB4B002F0F
:1091600008BF1F461BF0400F384614BF31464FF072
:10917000FF3104F0D5FF0446DCE741462020039B85
:1091800098470028FFF6A2AC013EB442F5D35544FF
:10919000B246AD1BD1E75646F7E7414619F8010B39
:1091A000039B98470028CADA90E41BF0800F0D9BC0
:1091B00035D01BF4007F2DD0073323F0070303F1D4
:1091C0000802D3E900010D922BF0100900291FFAC3
:1091D00089F936DA404249F4806961EB41010DF1C9
:1091E000380B0A235A4604F0D3FF19F0400FA0EBC6
:1091F0000B0B65D029F001025E4592B240F3B280BC
:10920000002F00F0A98019F010033446914626D0B3
:1092100002345CE01A1D18680D92C117D4E71A1DBC
:109220001BF4807F19680D9201D10846F5E71BF405
:10923000007F19BF48B241F3C01108B241F3C031F9
:10924000C2E750EA0103CAD11BF0400FC7D0002E7D
:10925000C5D12BF0110B34461FFA8BF9B34640F2FF
:10926000064319EA03031CBF013400232FE02BF04F
:10927000100B0A231FFA8BFB1BF080040D9A57D0AA
:109280001BF4007115BF0732101D22F007020D906C
:109290000FBF106802F108010D91D2E9000150EAF8
:1092A000010252D12BF016091BF0400F1FFA89F969
:1092B0004FD0002E4DD12BF0170B1FFA8BF9B34670
:1092C00019F0100352D0002F4ED10BF1010419F008
:1092D000080F5ED119F0010F06D0A2456EDDAAEB92
:1092E000040404EB0B06544622464DE04BF0100BF1
:1092F00010237827C0E7B9F1780F04D1C7F17803BC
:1093000043F01003B8E741462520039B9847002807
:10931000FFF6DCAB41463846039B98470028FFF632
:10932000D5AB0235079BFFF7C3BB08230027A3E794
:10933000111D10680D911BF48071B0D01BF40071E9
:109340001ABFC0B2214680B2A9E72BF0060B1FFA64
:109350008BF90DF1380B45E729F0110934461FFA56
:1093600089F97CE79146ABE75C4651E75C4676E7D6
:10937000CDE9042341462020039B98470028FFF6AF
:10938000A5AB049A059B01329245F1DC2C1BA51874
:109390001446F3B141463020039B98470028FFF65E
:1093A00095AB6FB90135A9462E44A6EB09035B4581
:1093B00021DC5D460EAE5DBBD944C4E65E4693E754
:1093C000023541463846039B98470028EBDAFFF701
:1093D0007DBB40F2064319EA030FE4D019F0020FF7
:1093E00005F10105414614BF2B20202019F4806FA0
:1093F00018BF2D20E7E741463020039B09F1010902
:1094000098470028D1DAFFF761BB00BFAA310300FB
:10941000013D4146039B705D98470028CBDAFFF77A
:1094200055BB41462020039B013598470028FFF695
:109430004DAB631B002BF4DC74E700BF2DE9F04F4C
:10944000002391B0029007920E920F9306930D465F
:1094500015F8016BAEB1202E17D0A6F10903042B2D
:1094600013D9252E17D00FA9029804F0B8FE031EB9
:10947000C0F2F380DBB2B3420BD00FAA029904F022
:10948000B8FE069811B0BDE8F08F0FA9029804F05D
:10949000B8FE2946DBE74E788D1C252EE3D02A2E18
:1094A00003BFCD1C8E78012400240027A6F13003D1
:1094B000DBB2092B19D9A20723D5242E23D1079B70
:1094C00024F0020400220E93A4B201239F4215DC73
:1094D00042B17B1E002F0E9A4FEA8303D8BF0023B0
:1094E0001A440E9215F8016BDFE744F002040A22D9
:1094F00015F8016BA4B202FB0737D7E7013301224D
:10950000E4E74FF0FF376C2E35D007D8682E24D013
:109510006A2E3FD04C2E37D026B9B2E7742E36D003
:109520007A2E34D03146894804F0AEFD0028A8D008
:1095300014F001030C9311BF4FF0000A0E9B1A1D8B
:109540000E9208BFD3F800A06E2E26D10F9A0023EA
:109550005046009404F06AFE9BE72E78682E04D0F3
:1095600044F02004A4B20135D6E744F030046E780C
:10957000A4B20235D0E72E786C2E02D044F0040459
:10958000F0E744F00C04F2E744F00C04A4B215F840
:10959000016BC1E744F00804F8E7632E1FD114F013
:1095A000020F04F0040408BF01270FA9029804F079
:1095B00016FE002851DBBAF1000F02D064B14AF860
:1095C000040B013FF1D10C9B002B7FF462AF069B93
:1095D0000133DBB206935CE70AF8010BF1E75B2E7F
:1095E0005DD12B7800265E2B06BF01354FF00109B7
:1095F0004FF000090FA9029804F0F1FD0022A846DF
:1096000005F1010E9446114618F8013BFBB1F045F7
:1096100008D05D2B12D02D2B04D132B90B4601227C
:109620001946F1E7002A08BF194688424FF00002A8
:10963000F6DB9842D8BF4FF0010CF1E7002805DBBC
:10964000E14511D10FAA029904F0D3FDCEB9029BD6
:109650009B7813F00C0F3FF414AF069B002B14BF44
:1096600018464FF0FF300DE7BAF1000F05D0630741
:109670004CBF4AF8040B0AF8010B013F4FF00106FA
:10968000B8D1BAF1000F01D145469CE714F00404AB
:1096900016BF00238AF80040CAF80030F4E70FA98B
:1096A000029804F0AEFD0028D7DB582E7BD0643E34
:1096B000F3B2142B00F2BD80142E00F2BA80DFE862
:1096C00006F00BB8B8B8B841B8B8B8B8B86F72B847
:1096D000B852B80BB8B872004FF00A080FA9029838
:1096E00004F07DFD2B2804D02D280AD144F040043D
:1096F000A4B2013FABD00FA9029804F070FD00287E
:10970000A5DB302877D1B7F1010918D00FA902984D
:1097100004F065FD002812DB40F0200344F08004D3
:10972000782BA4B242D138F0100344D1B7F102092A
:1097300005D00FA9029804F052FD002862DA002635
:1097400037464CE04FF00008C8E700BFB1310300D6
:10975000BAF1000F05D066074CBF4AF8040B0AF8AF
:10976000010B013F0FD00FA9029804F038FD00282B
:1097700009DB202803D0A0F10903042BE8D80FAAA5
:10978000029904F036FDBAF1000F3FF41CAF14F05B
:10979000040416BF00238AF80040CAF8003012E71C
:1097A0004FF008089AE74FF0100897E7B8F1000F5C
:1097B00008BF4FF00808002637463928034682BF05
:1097C00000F1FF3343F02003263B303B98451CD883
:1097D0000FAA029904F00DFD20067FF538AF61064F
:1097E00002D5764267EB470732463B465046009427
:1097F00004F01CFDE7E6B946B8F1000FDBD14FF0ED
:109800000A08D8E74FF01008D5E7A8FB066244F035
:1098100080049E1908FB0722A4B242F10007B9F1A7
:109820000109DCD00FA9029804F0D9FC0028C4DAA1
:10983000D5E70FA9029804F0D2FC03909DF80C30F4
:109840002B2B04D02D2B0DD144F04004A4B2013FAA
:109850003FF4FDAE0FA9029804F0C1FC031E039370
:10986000FFF6F5AE039B43F02003692B69D06E2B06
:1098700000F099804FF000080A234646C146CDE922
:109880000488220540F1BE80039A42F02002D2B241
:10989000A2F16101052900F2B580573AD2B2934294
:1098A00040F3008144F0800BE1051FFA8BFB40F18F
:1098B000CC801BF4807F0BF4007100F0D7800598FA
:1098C000002A18BF40F00100059009B908F101080D
:1098D000013F0D9300F0FB800FA9029804F07FFC7C
:1098E000031E5C4603930D9BCBDA21067FF5AFAEDA
:1098F0002205039A4CBF7023652342F0200248BF23
:109900004FEA88089A4240F02A81B7F1010B00F033
:1099100028810FA9029804F062FC0346C2B22B2AE8
:1099200005D02D2A40F0F18044F48064A4B2B7F150
:10993000020B40F0CE800FAA0299184604F059FCA1
:109940000FE1734E4FF00008DFF8C89116F801BB25
:10995000BBF1000F13D0013F0DD00FA9029804F006
:109960003EFC031E07DB43F020035B45EED00FAA4D
:10997000029904F03EFC684B9E427FF468AE42467A
:109980004B4640464946EFF7B7F838BB013F25D074
:109990000FA9029804F023FC282816D00FAA0299D8
:1099A00004F027FC1AE05D4E4FF00008DFF87091DC
:1099B000CCE720F02003413B192B06D9A0F130035E
:1099C000092B02D95F287FF442AE013F3FF43FAE3E
:1099D0000FA9029804F003FC2928EAD1630606D5F2
:1099E00009F10043CDF828800B93DDE90A89BAF12B
:1099F000000F3FF4E8AD14F00C0F00F06D81CAE9E0
:109A00000089E0E5039A303AD2B29A4240DA44F053
:109A1000800BE1051FFA8BFB3FF54BAF0A2B14D1EE
:109A200014F00C0F1FD1049908297FF742AF44F4BA
:109A3000C07B042A1FFA8BFB7FF63BAF052A4FF051
:109A4000020108BF0022059133E714F00C0F0499BE
:109A500007D107297FF72DAF44F4C07B1FFA8BFB9A
:109A600027E70F29F6E704991029DEE709B108F185
:109A7000FF38A3FB0661961903FB091141F10009A8
:109A800056EA09023FF424AF049A013204921FE718
:109A9000FE2A07D1A2053FF528AF44F4007B1FFA48
:109AA0008BFB15E7039A04F0800342F02002782A2A
:109AB0007FF41BAF002B3FF418AF56EA09037FF485
:109AC00014AF44F4006B10231FFA8BFB00E75C46D5
:109AD0000BE70FA902980D9304F081FB0D9B1F4625
:109AE0000346A3F13002092A1CD918460FAA02998D
:109AF00004F07FFB7B1C04D00FAA0299384604F0C7
:109B000078FB0FAADDE9021018E74FF0FF37E8E70E
:109B1000C83103000000F07FCB310300C5310300E2
:109B20000000F87F00270A2240F2D3418F42DCBFB9
:109B3000A3F1300102FB0717BBF1010B09D00FA9FC
:109B4000029804F04CFBA0F1300103460A220929D7
:109B5000EAD96005039348BF7F42B8445F46002FAF
:109B6000CFD156EA090300F0B280210504F00C02BF
:109B700040F18A80002A4FF001005F4912BF35236F
:109B800018236FF07D015F1CA3F11F02C7F1200CA9
:109B900000FA02F2B84420FA0CFCB84042EA0C0287
:109BA000864279EB020751D30127A3F11E02C3F1CC
:109BB0001E0C981C07FA02F227FA0CFC07FA00F0B8
:109BC00042EA0C02864279EB020745D2884543DB24
:109BD000059A324316464A4606F00300032803D08E
:109BE00006F0060006280BD1043649F10002B2F552
:109BF000000F21BF760808F1010846EAC276520834
:109C0000B608C3F13500C3F11507153B46EA827665
:109C1000920806FA07F726FA03F3824006FA00F0E4
:109C20003A431A43344B994225D1B8F5806F5DDA37
:109C3000B2F5801F25D308F2FF3822F4801242EAE1
:109C4000085308900993DDE90889C7E6B61908F1B9
:109C5000FF3849EB0909A3E7770806F0010608F188
:109C6000010847EAC9774FEA59093E43AAE70018B5
:109C700008F1FF385241B2F5801F34D218F57F7FCA
:109C8000F5DA4FF00008DAE7059B06F0010018430B
:109C9000049B013043448008301849F100015AB157
:109CA00013F5A27F13DDB3F59B7F1FDA424600F068
:109CB00069F88046894691E613F12D0F07DB272BC3
:109CC00014DC414604F0F8FAEEF756FCF1E74FF0E9
:109CD00000084FF0000981E640464946EEF73EFF96
:109CE000CAF800006FE4B8F5806FA4DB4FF00008FD
:109CF000DFF8089072E600BF02FCFFFF0000F07F73
:109D0000F0B589B005460C46164600211C2201A874
:109D10001F4604F09DF90223204605958DF8063074
:109D20000A4B02932CB1B4F1004F28BF4FF0004012
:109D3000013805443A46314601A80695FEF7AAFEC9
:109D400014B1059B00221A7009B0F0BDB7E70200FC
:109D500070B588B006460C46154600211C2201A8A5
:109D600004F076F901232A4621468DF8063001A831
:109D7000034B05960393FFF761FB08B070BD00BF6E
:109D8000A3E702002DE9FF47804616460F4600294B
:109D900000F09E80B1FA81F4341B002E04F10A0415
:109DA000C0F29E80304600F03FFB0444304600F095
:109DB00041FBA4EB060905466946304600F062FB0C
:109DC000A9EB05036A4640467D33394604F044FA60
:109DD000A64282460D467FDCB9F13F0F7EDC4FF094
:109DE000FF33A9F12000C9F1200103FA00F003FAC2
:109DF00009F223FA01F103FA09F3024328EA030303
:109E00000A4327EA020213430CBF01200020002D61
:109E100000F08880B5FA85F3E31A40F2FE7203F28F
:109E20003E43934200F38780002B23EAE376D4BFBE
:109E300001223246121BA2F23341A2F23447A2F2AF
:109E40005344C1F1200C2AFA01F325FA04F4C7F1B6
:109E5000200E05FA0CFC25FA01F105FA0EFE43EA84
:109E60000C03A2F2544CA2F2544223432AFA07F400
:109E700025FA0CFC44EA0E0444EA0C04C7F1200C59
:109E800014F0010F52D0A8B14FF0FF3000FA02F2E7
:109E900000FA07F4144320FA0CF2B840144303F01C
:109EA00001022AEA000A25EA04054AEA020A5AEAF5
:109EB000050A3BD0013341F10002C2F3130253EA19
:109EC000020136D0184642EA065104B0BDE8F087D8
:109ED000B0FA80F420345FE7012098E7002096E78D
:109EE000C6F10009484600F0A5FA241A484600F0D9
:109EF000A1FAA61B0546694648462E4400F034FBED
:109F00006A46404606F17C03394604F0A5F98246CC
:109F10000D464046394600F09DFA81458CBF002031
:109F2000012074E7BAFA8AF3203375E7C1F313020C
:109F3000C8E70136C6E700200049C6E70000F07F09
:109F40001FB502AB074A00934FF0CC3304F036FB49
:109F5000DDE90201C00840EA4170C90805B05DF8BA
:109F600004FB00BFCDCCCCCC2DE9F04F9BB0044618
:109F700005920A460A93C2F30A559DF89030D20F13
:109F80000B93C1F313030992090D7DB950EA030243
:109F90001CD1059A302301265371099B156043F0AB
:109FA0000203137130461BB0BDE8F08F40F2FF7220
:109FB00095424BD10343099B059A4FF0000614BF0D
:109FC00043F0080343F004031371EBE700F00102D0
:109FD0004FEA830887009A460892012248EA90785F
:109FE000AA4D1646C5F1000B0692584600F016FA27
:109FF000B5F1FF3FACBF8146A0F10109ABEB090B06
:10A0000009EB05035846049300F01CFA16A9A0F1C9
:10A010007D05584600F036FA12AB069AA9EB050505
:10A02000019310AB20460292009316AA2B4651468C
:10A0300004F0D0F9B9F1010F04460D4600F2D280C8
:10A04000089B002B40F0C58001276BE043F4801A89
:10A0500000F001020343A5F235454FEA8A08089251
:10A060004FEA800748EA907849D140F2FE731942DE
:10A070000CBF01260026002D3246B3DB284600F037
:10A08000C7F9032DC8BF0138049000F0DBF9049B29
:10A090007C3016A95D1B0544184600F065FA12AB2A
:10A0A000204616AA019310AB5146029600932B4608
:10A0B00004F090F9049B04460D46152B00F28680AF
:10A0C00014AB734A3846414600934FF0CC3304F04A
:10A0D00075FA149B159A9B0843EA827303EB83037A
:10A0E000BB42DDE9109A0CD13846414600F0B2F986
:10A0F000049B83428CBF00270127002612E0012623
:10A10000B9E7089B002B51D1013F48F1FF31B81B43
:10A1100061F1000100F09EF9049B089F83428CBF0F
:10A12000002601260B9B002B40F09180DDF828B023
:10A130004FF000084FF00A0ACDE90688DDE910016A
:10A14000FFF7FEFE129BCDE90C01184613990E9302
:10A15000FFF7F6FE0C9B81460D9A98420B460F9135
:10A16000934180F08E8020462946FFF7E9FE0AFBE6
:10A1700009F30E9AB8F1000F14BF002707F001078A
:10A180000AFB10480D46934214BF002606F0010654
:10A190000C9B5FFA88F8044610930D9BCDE91139AA
:10A1A0000F9B1393079B01330793C7E7B81C48F134
:10A1B000000100F04FF9049B83428CBF0020012076
:10A1C000B9EB00006AF10002CDE9100200273E461B
:10A1D000A8E7109B0127119A013B42F1FF32CDE91C
:10A1E00010328AE7B9F13E0FF0D84FF0FF33A9F1F2
:10A1F0002000C9F1200103FA09F203FA00F023FA62
:10A2000001F103FA09F3024327EA03070A4328EAA4
:10A21000020857EA08070CBF012700276DE700FB7B
:10A2200002FC0133A1FB001262448C4275EB020C6C
:10A23000F5D2049ADDF828B01344259A1344D20FBE
:10A240009342B8BF13469B45A8BF9B4670E70A21BF
:10A25000002201230846E8E70AFB03F00131A2FBD4
:10A260000A230344944275EB0300F5D2594511DDEE
:10A27000BBF1000F02D154EA05030BD00123069372
:10A2800071E70A2200230121ECE700BFCCFBFFFFAE
:10A29000CDCCCCCC002E2FD04FF00A0A129B1399B4
:10A2A00018460D93FFF74CFE0D9B0AFB00F281460A
:10A2B0000C919A4220D1B8F1000F14BF002707F08B
:10A2C0000107DDE91001FFF73BFE0E900D912046DE
:10A2D0002946FFF735FE0D9B0AFB10480E9A0446EF
:10A2E0000D465FFA88F81092CDE911390C9B139353
:10A2F000079B01330793D1E7DDF81090079B994442
:10A30000002F5DD0B8F1050F5AD114F001034DD1E3
:10A31000069A32B9DDE912239D4208BF944262D009
:10A32000069B18194FF00A044FF000024FF0010687
:10A3300045F100012546A04271EB020756D2F3B168
:10A34000B3451CDA0B9B6BB106EB0903259ADDF8CC
:10A3500028B01344012BB8BF01239B45A8BF9B46DF
:10A360005E450CDD053009F1010906F1FF364FF0BD
:10A370000A024FF0000341F10001EEF74DFD5E458A
:10A380000FFA89F9059BA8BF5E4636B2B14406F1C3
:10A39000050809F1FF3798444FF00009B1452CDB5F
:10A3A000059B1A461F60099B1371FBE5069B2BB9A1
:10A3B000DDE912239D4208BF944209D00123B0E792
:10A3C000069B53B9DDE912239D4208BF944204D194
:10A3D000089B002BF2D1002EF0D0B8F1040F94BFEF
:10A3E000002301239DE74FF00408F1E705FB02F786
:10A3F0000136A4FB05423A449DE70A220023EEF70A
:10A400000BFD303209F1010908F8012DC6E700BF44
:10A41000014B5843800C704741340100014B5843B5
:10A42000000D7047FB2E0B00014B5843C00C7047CA
:10A430004F931200024B5843C00C0130704700BFCD
:10A440004F931200024B5843C00C0130704700BFBD
:10A450004F93120070B50346094A00204FF0CC36E6
:10A460004FF0333506FB03F402FB0144A3FB02313A
:10A4700021449D4275EB010401D30130F2E770BD28
:10A48000CDCCCCCC1A232DE9F04FB0FBF3FA334EF0
:10A4900003FB1A0389B004460D4606EB0A1653B9AE
:10A4A000D6E90023C1E90023D6E90201C5E902018A
:10A4B00009B0BDE8F08F2A4A02EBC303D3E9008953
:10A4C00004AB404649460093D6E9022304F076F8EF
:10A4D00006AB83460F46404649460093D6E9002323
:10A4E00004F06CF800238146DDE9066216EB0B06EA
:10A4F00052EB070828BF012333B1049B059A0133AF
:10A5000042F10002CDE9043220460391FFF79AFFA1
:10A5100007461A2000FB0AF0FFF794FF3F1A324665
:10A52000434648460399009704F063F80D4A4FEA02
:10A53000141C640004F01E0352F82C40DC4004F0AC
:10A5400003042418304641F10001DDE90423C5E984
:10A5500000414146009704F04CF8A7E7B8ED02002F
:10A56000E8EC02007CF802002DE9F04F1A2700F118
:10A570001905DFF8E0A089B004460E46B5FBF7F5F3
:10A580006F434FEA051B0AEB05153A1A0AD1D5E9C4
:10A590000023C1E90023D5E90201C6E9020109B09F
:10A5A000BDE8F08F2C4B03EBC203D3E9008904AB69
:10A5B000404649460093D5E9022303F0FFFF5AF8CD
:10A5C0000B206B68013ACDE9020106A963F1000393
:10A5D00040460091494603F0F1FF8A460299002364
:10A5E0008146DDE906526D18039952EB010828BF38
:10A5F000012333B1049B059A013342F10002CDE9F6
:10A6000004323846FFF71EFF07462046FFF71AFFC1
:10A610003F1A2A46434648465146009703F0E9FF51
:10A620000E4A4FEA141C640004F01E0352F82C403A
:10A63000DC4004F0030401342418284641F10001F1
:10A64000DDE90423C6E900414146009703F0D1FF4C
:10A65000A3E700BF88EE0200E8EC0200D0F8020099
:10A660007047034610B590B3D0E90220824231D042
:10A670001878012810D0022823D008B1112010BD6D
:10A68000C029FCD0DB2902D101221A70F6E75868F4
:10A69000541C9C608154F1E7DC2906D0DD290BD0E5
:10A6A00002226FF00A001A70E9E7501C9860C0207F
:10A6B000596888540022E8E7501C98605968DB20EC
:10A6C000F7E7C029DAD100221A709A60D6E76FF056
:10A6D0000D00D4E76FF00300D1E7EFF73FBB8368CD
:10A6E00000EBC101B3F5004F2CBF51F8220031F847
:10A6F0001200704700EBC1018068B0F5004F2CBF1D
:10A7000041F8223021F812307047012208B5FFF7D6
:10A71000E6FFD04008BD836800EBC101B3F5004FF0
:10A7200008D34B681AB143F001034B60704723F024
:10A730000103FAE74B881AB143F001034B807047DD
:10A7400023F00103FAE753000122FFF7D3BF836828
:10A75000B3F5004F34BF04230823C91A081AC008F0
:10A760007047B0F5004F34BF042308230731C818E1
:10A77000C00870470A4608B50121FFF7F2FF013211
:10A78000121AB2FA82F0C0F11F0008BD2DE9F041A3
:10A79000174603220E460446FFF7A1FF86420546F0
:10A7A00007F104080AD10122E368BA4023EA020350
:10A7B000E360002344F82830BDE8F08131460222EE
:10A7C0002046FFF78CFF06462B4601460322204613
:10A7D00044F82850FFF78EFF334629462046BDE84F
:10A7E000F0410222FFF786BF70B50D468668044629
:10A7F000FFF78BFFB6F5004F014601D3012809D0C2
:10A800003046FFF7B7FF294602462046BDE87040B4
:10A81000FFF7BCBF70BD2DE9F0470546806888464C
:10A82000FFF7A8FF05EB800ADAF810900646B9F1A9
:10A83000000F1BD00327DAF8104028462146FFF707
:10A8400064FF404507D3324621462846FFF79EFF66
:10A850002046BDE8F087032221462846FFF73FFF48
:10A86000013FCAF8100001D08145E4D14FF0FF3418
:10A87000EB680136B4401C40EAD094FAA4F2B2FA74
:10A8800082F2131D55F82340DEE72DE9F04114460E
:10A890000E460546FFF739FFA4EB0608371B0744B1
:10A8A000424631462846FFF74EFF3A4621462846A3
:10A8B000FFF749FF4346002221462846FFF71AFFCB
:10A8C00021462846FFF721FF3B4621180022284653
:10A8D000BDE8F041FFF70EBF2DE9F04116460446F2
:10A8E0000F46FFF712FF314605462046FFF70DFFE2
:10A8F00005442A4639462046FFF725FF31462046C3
:10A90000FFF703FF2B46311800222046BDE8F04137
:10A91000FFF7F0BE2DE9F0410D4686680446FFF7CB
:10A92000F4FEB6F5004F014601D3012832D030467F
:10A93000FFF720FF04EB80010E6996B90122E3685E
:10A9400082401343E36002220D612B4629462046D4
:10A95000FFF7D0FE032229462046BDE8F041FFF76D
:10A96000C9BE022231462046FFF7B9FE074603461C
:10A9700029462046FFF7BEFE0322334629462046DD
:10A98000FFF7B8FE39462B462046FFF7B3FE0222FA
:10A990003146E1E7BDE8F081F8B50C460546FFF722
:10A9A000B4FE2618012231462846FFF798FEC30759
:10A9B0000CD431462846FFF717FF21462846FFF7FB
:10A9C000A4FE214622182846FFF786FF00222146D2
:10A9D0002846FFF784FE271A012239462846FFF74A
:10A9E0007EFE10EA020613D139462846FFF7FCFE28
:10A9F000214632462846FFF772FE2246211A284693
:10AA0000FFF76AFF214632462846FFF768FE241A00
:10AA100021462846BDE8F840FFF77CBF70B50668C0
:10AA200009B9002070BDB068B0EBD10FF9D9FFF7BC
:10AA300098FE014605463046FFF7EDFE0446002825
:10AA4000EFD001463046FFF760FEA84209D9254401
:10AA5000214630462A46FFF718FF29463046FFF7C1
:10AA600059FF304601222146FFF755FEB368B3F582
:10AA7000004F34BF0423082303EBC4031844D1E779
:10AA8000002070470FB407B504A951F8040B0191D9
:10AA9000EFF700FB03B05DF804EB04B07047002053
:10AAA00070470CB4034607B504AA084652F8041BC5
:10AAB000DB680192984703B05DF804EB02B0704781
:10AAC00000207047FAF78EBFFBF742B8EFF73ABBAA
:10AAD000002383F31188BFF36F8F0423184602DF2E
:10AAE00070470FB407B504A951F8040B0191EFF7B3
:10AAF000D1FA03B05DF804EB04B07047838B13F018
:10AB0000070305D10368002B0CBF0020032070470A
:10AB1000022B05D1C08BB0FA80F04009800070474D
:10AB2000012B05D10368002B0CBF002005207047C6
:10AB30000020704710B50C4600B111B96FF0150038
:10AB400010BD081D00F02FF80028F9D1A368032BD1
:10AB5000F6D9F3E72DE9F0410D4607461946281DC1
:10AB600090461E46EFF702FE044638B13346424691
:10AB700029463846A446BDE8F0416047BDE8F0816B
:10AB800038B50C46054658B151B10B6843B14B6816
:10AB900033B12022002103F05BFA00202C6138BD84
:10ABA0006FF01500FBE7034640B1426802F0030274
:10ABB000022A06D0032A04D0012A05D06FF015001E
:10ABC00070471A68002AF9D0002098607047F0B5E5
:10ABD0000446944686690569A368C069AF1B5A1B81
:10ABE000B8429CBF36183F1A624528BF6246C01B58
:10ABF000904228BF10462368AD1B2B440B6023698D
:10AC000003442361F0BDD0E90423D21A8A420CD355
:10AC10001944C0E90411D0E90632C91A8A4201D99F
:10AC20000020704713448361FAE76FF01500704706
:10AC300070470FB407B504A951F8040B0191EFF761
:10AC400029FA03B05DF804EB04B07047704700299F
:10AC500030B4044618460BDBA5680844A84207D860
:10AC6000E0686468214484682468A44630BC604776
:10AC70006FF0150030BC7047002930B40446184608
:10AC80000BDBA5680844A84207D8E0686468214443
:10AC900084686468A44630BC60476FF0150030BC1F
:10ACA00070470029034610B410460BDB9C6808442B
:10ACB000A04207D8D8685B68194483689B682BB1A9
:10ACC00010BC18476FF0150010BC70476FF05700AC
:10ACD000FAE70029034610B4104609DB9C680844D3
:10ACE000A04205D8D8685B68194410BC00F0BFB812
:10ACF0006FF0150010BC704708B5C0688368DB684A
:10AD00009847006808BDC068704708B5C068836888
:10AD1000DB689847407908BD2DE9F047894616461B
:10AD20009846044698B382680369134482693344A1
:10AD3000934230D80025D4E90170A6EB050A3F1AEA
:10AD4000BA4515D2B54209D223685246184409EBD8
:10AD5000050103F056F9A3685344A360B8F1000F4E
:10AD60001CD0A068A8B12046BDE8F047EFF798BD19
:10AD700023683A46184409EB050103F042F9636879
:10AD80002046A360EFF78CFD18B93D44D3E76FF080
:10AD90000D00BDE8F0876FF00B00FAE74046F8E7DA
:10ADA000006970472DE9F04300F50179054685B04B
:10ADB00048460F4690461E46FFF7F2FF78B13346ED
:10ADC000424639464846FFF7A7FF04463EB3D5F84A
:10ADD0000002FFF73BFF0023C5F800321FE0D5F863
:10ADE0000032986800F023F90446D5F80002FFF716
:10ADF0008AFF8368DB689847D5F80002FFF783FF76
:10AE0000214601AA00F086FB044640B9DDE90112A3
:10AE1000D5F80002FFF75DFF04460028CFD020469A
:10AE200005B0BDE8F08330B5054685B0084605F5A8
:10AE30000071EFF7CBFC044698B9D5F80002FFF794
:10AE400062FFD5F8003202949A68014601925B686D
:10AE50002A46009305F501704FF40073EFF788FD63
:10AE60000446204605B030BD0921FFF7DCBF2DE9BF
:10AE7000F04187680446FB680D4616469847BB6854
:10AE80002BB1324629462046BDE8F04118476FF005
:10AE90005700BDE8F08101460068EFF7CDBD08B569
:10AEA000EFF702FEBDE80840EFF722BE704770479B
:10AEB00000210120EFF7C0BD436E83F30B8870477C
:10AEC00061B662B680F31188BFF36F8F704772B6B8
:10AED000002383F31188BFF36F8FBFF34F8F30BF11
:10AEE00062B6BFF36F8F704772B6002383F3118889
:10AEF000BFF36F8FBFF34F8F20BF80F31188BFF375
:10AF00006F8F62B6704740E800F313F4803FD8B209
:10AF100008BF6FF01500704730B50C684B6885B0FE
:10AF20000A894D890094013B24F01F04234402F058
:10AF30001F0242EA451223F01F0369468DF80820DC
:10AF40000393F0F755FA05B030BD08B5F0F762FC91
:10AF5000002008BDEFF786B900F082B800F06BB8AA
:10AF6000F0F718BD00F065B8F0F768BD13B5002420
:10AF7000CDE90044F0F7C4FD02B010BD13B50024C4
:10AF8000CDE90044F0F786FD02B010BD10B4019C7D
:10AF9000019410BCF0F7EABEF0F708BD07B501ABAD
:10AFA00001F085FB02280AD003280BD068B901986C
:10AFB000003818BF0120404203B05DF804FB6FF079
:10AFC0001500F9E76FF08500F6E74FF0FF30F3E783
:10AFD00008B501F064FB002818BF6FF00D0008BD34
:10AFE00013B5032001A9EFF7F1FB58B9012201982D
:10AFF000114601F019FB04460198FFF727FE204691
:10B0000002B010BD6FF00404F9E713B501A9EFF722
:10B01000DDFB044640B9019821468268FFF759FEDE
:10B0200004460198FFF712FE204602B010BD2038FA
:10B030007047F0F7EDBEF0F70BBF0CB4034607B551
:10B0400004AA084652F8041BDB680192984703B033
:10B050005DF804EB02B07047FAF7C4BCFAF778BDAC
:10B060002DE9F041141E05460E4613DB4FF4004750
:10B0700040F2E73000214FF47A720023C4FB07014D
:10B08000EDF7CAFE02460B4631462846BDE8F041C0
:10B09000F0F76CBD4FF0FF321346F5E708B5F0F757
:10B0A0006DFCF1F70BF9F1F78DF9002008BD10B137
:10B0B000006800B14068704710B50346FFF7F7FF1E
:10B0C00028B1C2681AB1BDE81040184610470020E8
:10B0D00010BDFAF787BCFAF73BBD10B50446F0F790
:10B0E000FDFE48B12046F0F739FF8368986818B133
:10B0F0008047C31E5842584110BDF8B5069F0469E9
:10B10000C9B2EFF31186202585F31288BFF36F8F44
:10B110000C2569430C44A56C05F0070CBCF1010F2C
:10B120000BD1A76486F31188BFF36F8FC4E9102396
:10B1300043685B5898470020F8BD05F0C005AF4252
:10B1400086F31188BFF36F8F0CBF6FF077004FF05D
:10B15000FF30F1E713B580240094FFF7CEFF02B073
:10B1600010BD0069CBB200EB431000211047002056
:10B17000F6F7F6BD0020F6F767BE1046FAF73EBEBA
:10B180008022F1F77BB9084608B51146F6F796FC20
:10B19000002818BF6FF0040008BD08B501F085FA5B
:10B1A000002818BF6FF0040008BD43681C330B6013
:10B1B000012313607047FAF721BE4FF0FF324FF0C2
:10B1C000FF33FAF755BEF0B54468076900208BB02D
:10B1D00000908DF804000120119D0790109802F056
:10B1E0008006CDE90805D007CDF818D08DF80010FD
:10B1F00012D53A7F1BBAD107049357BFBDF811305F
:10B20000CDF80130ADF801309DF813304EBF052365
:10B210008DF8033004230793002D0CBF0122022276
:10B2200006ABCDE90323029302232146059351F88F
:10B23000040B36B183681C68002302AAA0470BB038
:10B24000F0BD83681C6804ABF7E7002373B50D1EDF
:10B25000466814BF04210621CDE90033802204464C
:10B26000FFF7B1FF96F83030DB0609D540B93DB99C
:10B270000346CDE90000802298212046FFF7A3FF76
:10B2800002B070BD1FB5012301930DF10F030093B0
:10B29000002305211A46FFF796FF08B99DF80F0015
:10B2A00005B05DF804FB2DE9FF41064615461C4636
:10B2B00001270DF10F08002305211A463046CDE97C
:10B2C0000087FFF780FF40B99DF80F30DB0704D5FA
:10B2D00028462146FCF754F8EDE704B0BDE8F081BC
:10B2E0002DE9F3471F4643680D1E064690469B69AD
:10B2F0005CDBEA199A4259D80069FFF75EFF00212A
:10B300003046FFF7A2FF0446002844D181462FB9FA
:10B3100001213046FFF799FF044640E0B7F5807FF2
:10B32000BA4628BF4FF4807A2A4605EB0A03002D5F
:10B3300003F1FF334FEA1323B8BF05F1FF02B3EB6C
:10B34000222F08D06B42DBB25FFA85FA58BFC3F1F7
:10B35000000ACAF5807A0023802206213046CDE912
:10B360000099FFF730FF0446A8B92B46812202213D
:10B370003046CDE9008AFFF726FF044658B901227E
:10B3800000233046FFF78FFFA7EB0A070446D0449F
:10B3900055440028BBD001213046FFF756FF3069E5
:10B3A000FFF709FF204602B0BDE8F0876FF01504F3
:10B3B000F8E7F7B51E4643680D1E044617469B691D
:10B3C00014DBAA199A4211D80069FFF7F6FE2B4642
:10B3D000012203212046CDE90076FFF7F4FE054661
:10B3E0002069FFF7E8FE284603B0F0BD6FF01505B1
:10B3F000F9E7F7B54468054694F83030DA0744D5E4
:10B40000076902F003FD4FF47A76A0FB063206FBD3
:10B410000122DB0B43EA4243BA699B1A13D4628DC3
:10B42000A68D9B1AB3420EDA4FF4004740F2E73084
:10B430000021F61A4FF47A720023E6FB0701EDF7BC
:10B44000EBFCFBF79DFF94F8303013F002031CD1A6
:10B450008022AB212846CDE90033FFF7B4FEA8B91E
:10B4600094F83030DB0710D540F2E7314FF4004557
:10B470000E460146E48D4FF47A72E5FB0461002329
:10B480003046EDF7C9FCFBF77BFF002003B0F0BDB1
:10B4900038B505460C4601F0EFF9002D07DBA84250
:10B4A00005D9401B84428CBF0020012038BD0020FC
:10B4B000FCE7F7B51C460023164682682360A360AC
:10B4C0000D461369694601AA9847019B5A1E0192CD
:10B4D0001BB96FF0150003B0F0BD0098A268476873
:10B4E0002168676085B9B31AD0F800C0634528BFEA
:10B4F000634603FB07111A442160A26002689A4266
:10B5000006D808300090E0E76B1AB3FBF7F3EBE7DF
:10B510000020E0E713460022FFF7CBBF2DE9F047FC
:10B520000024836886B0884691461B6902AA01A957
:10B530009847A2462546029BAB4202D806B0BDE81A
:10B54000F0870026019F07EBC5077B6804933A68E4
:10B550000AEB0603B24202D89A460135EBE74946A8
:10B560000394059303A8C0470028E7D0049B013645
:10B570001C44ECE7436800205B681B690B60704764
:10B58000436802EA01005B6821EA0201986000203A
:10B59000D9607047436800205B68996070474368D2
:10B5A00000205B68D960704743685A68536821EA95
:10B5B00003000B4090600020D360704730B54368B3
:10B5C0001360057A446804EBC504A34202D36FF00C
:10B5D000010030BD5C798C4201D00833F0E70020D7
:10B5E000F7E70B46026992E8030083E803000020B6
:10B5F000704743681B68D3F88004C3F88004704721
:10B6000003699A6813680BB152681847704770B5A0
:10B6100086B0066904460D461422002101A802F0F6
:10B6200017FD02238DF80430B36820461A6C9B6C1A
:10B6300001A9CDE903350292FFF7E2FF06B070BD24
:10B6400030B587B004460D461422002101A802F04F
:10B65000FFFC042320460DEB03018DF80430029516
:10B66000FFF7CEFF07B030BD10B586B004461422F8
:10B67000002101A802F0ECFC0523204601A98DF869
:10B680000430FFF7BDFF06B010BD30B503699C68FC
:10B6900043681B68EFF31185202080F31288BFF305
:10B6A0006F8F206CB0B1E06CB8B9042AC4E91312F2
:10B6B000C3F83415C3F8382505D8002085F3118860
:10B6C000BFF36F8F30BDD3F8002242F02002C3F8E1
:10B6D0000022F2E76FF00C00F0E76FF00F00EDE7EB
:10B6E0000369986820B101609B6800205A60704728
:10B6F0006FF08500704710B5426800691368806874
:10B7000060B9D3F8104164B1926A12780A70C3F834
:10B710001001D3F8102101221A6010BD6FF08500CE
:10B72000FBE74FF0FF30F8E738B503699D684368E1
:10B730001C682B6C1BB305F1080002F0BAFBEFF399
:10B740001182202383F31288BFF36F8FEB6C53B108
:10B75000D4F8003223F02003C4F800320023C4F8E8
:10B760004C31D4F84C310123002085F8610085F874
:10B770006230636082F31188BFF36F8F38BD6FF062
:10B780000D00FBE710B503699968D1F8A420D1F842
:10B79000B040121B13D0082A28BF08224068C1F805
:10B7A000AC209968C069C1F8A8009B68D3F8A010C4
:10B7B000D3F8B030194402F024FC012010BD10462B
:10B7C000FCE702680346D2F8580140B95B68DB0722
:10B7D00006D4D2F82001003818BF0120704701209C
:10B7E000704710B544682368C3F84415C3F848256A
:10B7F0000022C3F82021D3F82011C3F85821D3F830
:10B800005821626851070BD501690A6942F00104A9
:10B8100092070C6101BF082142681268C2F8001546
:10B8200001229A6010BD4FF4800210B543680446AF
:10B830001B68C3F804234068FFF7C3FF8B6818B97F
:10B84000012283F8B82010BD002283F8B8204FF001
:10B85000FF328B682046C3F8B4208B68BDE81040E7
:10B86000D3E92A12FFF7BDBF37B5426B536812699F
:10B870001B689068D3F808217AB10022C3F8082128
:10B88000D3F808314265D0E916230024002508309A
:10B89000CDE90045FCF70EFA06E0426D0132042ABC
:10B8A0004265F0D101225A6003B030BD2DE9F04F5E
:10B8B000436807691D680446D5F80463D5F8083164
:10B8C000D7F8088089B0DBB1710719D50022C5F817
:10B8D00008214168D5F808310369D1F800909968CA
:10B8E0004A659868D0E916234FF0000A4FF0000B24
:10B8F0000830CDE900ABFCF7DDF90423C9F80833C3
:10B90000D5F824315BB3B20529D50021C5F824113F
:10B91000D5F8243163681422D3F800A003A8DAF81C
:10B92000809402F095FB062319F0010F8DF80C307E
:10B9300040F05E8119F0020F40F05C8119F0040FB5
:10B9400040F05A8109F0080320468DF8103003A911
:10B95000CAF88094FFF754FE2046FFF7E5FED5F8BD
:10B960001031002B55D0F30653D54FF0000BC5F81E
:10B9700010B1D5F81031C5F810B1D5F810312369E0
:10B98000D3F808906368D3F800A009F1080002F02A
:10B9900090FA99F86010D9F84830DAF83C25C91ABD
:10B9A0001144594589F860B002DD2046FFF72FFEAB
:10B9B0002046D9F84010FFF743FED9F84C30C9F8BB
:10B9C0004030D9F85030C9F844300023C9E9133366
:10B9D000C9F8483099F86130DBB1EFF311822023C8
:10B9E00083F31288BFF36F8FD9F84030002B00F03B
:10B9F0000581DAF84C3113B90123CAF80030DAF8BE
:10BA0000003223F02003CAF8003282F31188BFF31A
:10BA10006F8F30031FD5D5F84C31E3B1D5F8101135
:10BA2000C9B9C5F84C11142203A8D5F84C3102F05D
:10BA30000FFB03238DF80C30236920469A6803A975
:10BA4000D2E9163213431FBF042263681B68C3F890
:10BA50000423FFF7D5FDB10348D5D5F84431002BB9
:10BA600044D0D5F810A1BAF1000F3FD1C5F844A1D8
:10BA7000D5F844312369D4F804B0D3F80890D9F844
:10BA8000401021B12046FFF7DBFDC9F840A000239C
:10BA900089F8613099F86220002A00F0B38089F8B3
:10BAA0006230002263681B68C3F80821D3F80831AC
:10BAB000DBF804305B0716D5EFF31181202383F305
:10BAC0001288BFF36F8F2269136923F0020010619F
:10BAD00013F0010302BF62681268C2F8003581F3F7
:10BAE0001188BFF36F8F2046FFF7BEFDF00519D513
:10BAF000D5F82031B3B163681B68EFF311822021C0
:10BB000081F31288BFF36F8FD3F8201131B1002178
:10BB1000C3F82011D3F820110121D96082F31188D4
:10BB2000BFF36F8F710245D5D5F85831002B41D046
:10BB300063682569D3F80090EFF31181202282F326
:10BB40001288BFF36F8FAA685B68D2F8B400002830
:10BB5000ACBFD2F8B460D9F84C655A070FD54FF492
:10BB60008003C9F808332269136923F001001061CA
:10BB700013F0020302BF62681268C2F8003581F355
:10BB80001188BFF36F8FAB68D3F8A02092B193F800
:10BB9000B81000295AD0EFF31186202383F31288BE
:10BBA000BFF36F8F29462046FFF73DFE86F31188CD
:10BBB000BFF36F8F1037D7E8EF3F23F00402C7E8D9
:10BBC000E12F0029F7D15B077DD52046D8F8441036
:10BBD000FFF71DFD2046D8F84010FFF731FD002388
:10BBE0002046C8E9103309B0BDE8F04FFFF73CBD6F
:10BBF0000123A9E60223A7E60423A5E60123CAF848
:10BC0000043002E7DBF804305A077FF54AAF626878
:10BC10001368126AC3F834250522C3F838250122B7
:10BC2000DA62D3F81021002AFBD00021C3F81011EA
:10BC3000D3F81021D3F84C212AB1C3F84C11D3F812
:10BC40004C21D3F83C2589F860202AE7D3F8A810C6
:10BC50008A4210D0D3F8AC10D3F8B020B1423244AD
:10BC60002FD12046C3F8B020FFF78CFD002892D1D9
:10BC7000AB68D3F8B060A868683002F01AF91422F3
:10BC8000002103A802F0E4F9AB682046D3F8A03005
:10BC900003A9CDE90436AB68D3F8A4309E421CBF9B
:10BCA00001238DF80C304FF48003C9F808330023CA
:10BCB000AA68C2F8A030AA68C2F8A430FFF7A0FCB6
:10BCC00078E71646D7E709B0BDE8F08F38B5426887
:10BCD000036915689A68D2F8A01051B1002482F85F
:10BCE000B8409868683002F0E4F801232046EB6021
:10BCF00038BD6FF00D00FBE7406BFFF7E7BF002298
:10BD000001210B20EFF794BA10B50B6813B9184650
:10BD1000136005E003685C681CB114600368186870
:10BD200010BD083303600B68013B0B60EDE713B5F2
:10BD300001AA0446FFF742FC002805DB019B2268AC
:10BD400019791868F1F732FA02B010BD10B503681E
:10BD50000446DBB19868C8B149B1197B0122F1F7FB
:10BD6000DBFD23681869BDE8104001F030BF12B94F
:10BD70009A88D2040AD4186901F029FF23680022A6
:10BD8000BDE81040197B9868F1F7C6BD10BD10B52D
:10BD9000012200210446FFF7D9FFA36933B963608C
:10BDA00004F11000BDE81040FAF728B810BD10B536
:10BDB000006903688B4206D190F86C4034B9FFF7F4
:10BDC000E6FF204610BD6FF01500FBE76FF00F0097
:10BDD000F8E738B505690446296405F12800FAF743
:10BDE0000DF8002285F86C2020691146BDE8384026
:10BDF000FFF7ACBF08B5F2F785F908BD01F0E7BE63
:10BE000038B5431E033304460FD84FF4004540F2C3
:10BE1000E73000214FF47A720023E4FB0501ECF7D0
:10BE2000FBFFBDE83840FBF7ABBA6FF0150038BD3B
:10BE300001F081BF00207047006801F0A1B938B55A
:10BE4000044604B938BDE069256802F0CFF8204601
:10BE500002F0CCF82C46F4E7F9F7C4BDF9F778BE48
:10BE6000002307B5CDE90033F2F7C6FF03B05DF854
:10BE700004FB2DE9F04F064640688BB00C46DDE927
:10BE800014579046994608B1FFF7E8FFD6F800A08E
:10BE900005B1AFB900232146CDE9003342464B46F8
:10BEA000504601F074FB0446706828B14FF0FF3231
:10BEB0004FF0FF33FFF7D0FF20460BB0BDE8F08F07
:10BEC0004FF0160B04AB5A460021184602F0C0F89A
:10BED00003AACDE9000221464B4642465046CDF822
:10BEE0000CB001F054FB041EDEDBBDF81020012A6B
:10BEF0000AD1039B082BD7D1BDF812102A80059ACE
:10BF000069806A603B60CFE7022ACDD1039B162B84
:10BF1000CAD1BDF812300DF1140C6B802B460DF117
:10BF2000240E23F8042B624603CA72451860596038
:10BF3000944603F10803F6D19DF824302B7518239D
:10BF4000E0E7002307B5CDE90033FFF792FF03B028
:10BF50005DF804FB38B505460068F8F7DFFB0446DA
:10BF600010B92846F3F74EF8204638BD2DE9F04FBA
:10BF700014460E4600218BB00546202202A81F461B
:10BF8000019102F065F85CB163680293E368049381
:10BF9000A368039323690593236A03B1089302AC52
:10BFA00031462246284601ABF8F7FEF8064648B966
:10BFB000804681464FF0180A019D386035B90198D6
:10BFC00000F07FFF30460BB0BDE8F08F542002F048
:10BFD00014F8044600284FD0C0F80090C0F8209014
:10BFE0002B684360AB68C3606B688360EB68036178
:10BFF000D5F804B0BBF1010F15D1082001F0FDFF09
:10C00000E061002835D00823A3616B695A88A0F845
:10C0100000B042805B684360B8F1000F2FD13C60F4
:10C02000A046ED69CAE7BBF1020F09D001F0DEFFBF
:10C030006FF005063868FFF702FF00233B60BEE79C
:10C04000182001F0DAFFE06198B1C4F818A06A691D
:10C050005388111D4380034602F1140C23F804BBDE
:10C0600051F804EB614543F804EBF9D1137D0375F6
:10C07000D2E7204601F0BAFF6FF00906DAE7C8F808
:10C080000040CDE7F0B5056808880B46012887B069
:10C090000DD14A884B68ADF802200822ADF80000A7
:10C0A00001936946284600F083FF07B0F0BD0228DF
:10C0B00015D14A88ADF80000ADF8022001AE0A1D86
:10C0C00001F11407344610685168083203C4BA42BB
:10C0D0002646F7D11B7D16228DF81430E1E728465D
:10C0E00007B0BDE8F04000F063BF03780D2B07D127
:10C0F00043780A2B04D18078003818BF012070479C
:10C10000002070472DE9F0431F46002385B0054607
:10C1100089461646CDE901339DF830800393002A05
:10C120003BD0002F39D0F3F7F3F9044688B9AB6858
:10C13000013B99429CBF2B68C5E90130284601A903
:10C14000F3F7FAF9AB680446013B994505D9002895
:10C15000F4D0204605B0BDE8F0830028F9D19DF861
:10C160000C20013AD2B2082A1AD840F26F13D340F9
:10C17000DB0715D5029DB8F1000F03D0019B33609A
:10C180003D60E6E73A686B1C9A420CD32A4630467B
:10C19000019901F036FF7455F2E76FF01504D8E706
:10C1A0006FF05E04D5E76FF00B04D2E77FB5002394
:10C1B00006460D46CDE901330393A1B1F3F7A8F983
:10C1C000044668B9304601A9F3F7B6F90028F9D05A
:10C1D000B3682B60431D03D010F10B0F18BF04464A
:10C1E000204604B070BD6FF01504F9E70223F3F7A1
:10C1F00047BA13B500240094FFF784FF02B010BDC6
:10C200000B7830B5412B22D017D8252B03D003F063
:10C21000F703232B13D14B785A2B15D8402B02D878
:10C22000303B092B0BD84B1C5C785D1C3A2C37D06B
:10C230002DD8303C092C2ED901E0612B07D00023EA
:10C24000C0E90033836030BD613B192BEAE74B78CE
:10C2500003F0DF03542BF2D18B788D1C233BDBB230
:10C26000082B0DD840F2051424FA03F3DB0707D599
:10C27000CB785A2B1CD8402B1FD8303B092B1CD90C
:10C2800002B115606D1A016045600323DAE75A2C8C
:10C2900003D8402CD3D92B46C6E7613C192CCAE7FA
:10C2A000023342B95B1A013B436001600423C9E7D2
:10C2B000613B192BE3E71360F4E7CB1C5C785D1C52
:10C2C0003F2C1CD012D8392C03D82F2CD8D92B4670
:10C2D000F4E73D2CD4D19C783F2C18D1033302BB1A
:10C2E0005B1A023B436001600123ABE75A2C02D882
:10C2F000402CC5D0EBE7613C192CE8D9C0E70233EC
:10C300006AB95B1A013B4360016002239AE702337A
:10C3100002B113605B1A013B01604360B5E7136033
:10C32000EFE71360DCE730B50B78203B192B47D8DB
:10C33000DFE803F00D462046464646464146464B5A
:10C340006B4B4646768787878787878787874C78B2
:10C350004B1C223C172C33D8DFE804F04532323234
:10C3600032324832325158513232637575757575B3
:10C37000757575754B1C497811B3222965D01C461B
:10C3800014F8011FE1B12229FAD1194623465C783D
:10C390002C2C14BF5D1C9D1C15F8014C02B11560BE
:10C3A0005B1A43600623016003722C2C14BF002328
:10C3B0000123437208E04B7813B1283B012B46D888
:10C3C0000023C0E90033836030BD4B78313B082B3C
:10C3D000F6D80B46013111F8014F2C2C4ED0303CD1
:10C3E000092CF8D921E08B1C8978C5E78D78292D97
:10C3F000E6D0282D01F10204E2D055BBE0E78C78AD
:10C40000313C082CDCD80231E5E70B460AB1591C57
:10C4100011600360002343604FF484730381D3E70A
:10C420000B465C78591C2C2C28D00C4611F8015C6A
:10C4300002B11160E41A03600523446003722C2DDD
:10C44000B4E70B46C7E71946C5E719469FE70B4611
:10C450004C1C6578282DB3D0292D01D00134CCE7B0
:10C46000A578A11C2C2D0CD00C4614F8015C02B14F
:10C470001460C91A036041600723DFE70C460131ED
:10C48000D4E70334F1E708B5F3F73CFB002008BD1F
:10C490000120F3F701BD08B50420F3F793FD002850
:10C4A00018BF6FF00D0008BDF3F7F6BFF4F728B81A
:10C4B000F4F762B8F3F75CBFF3F762BEF3F7BABC08
:10C4C000F9F790BAF9F744BB00B589B006AB02930F
:10C4D0000823039301AB049304230791CDE90530AE
:10C4E00004AA184602A9F5F7C3FA0228019B09D04D
:10C4F00003280AD060B9181E18BF0120404209B0B5
:10C500005DF804FB6FF01500F9E76FF08500F6E7C2
:10C510004FF0FF30F3E78068183820F0070010383C
:10C52000704738B515460C4661B15AB1FEF7EDFBC0
:10C530002146254411F8013B834203D1A942F9D198
:10C54000012038BD0020FCE738B50C460123114618
:10C5500022460546FEF77BFB00280FDB0122214621
:10C560002846FFF7DEFF38B92378012B14BF0223DA
:10C5700001230020237038BD0323FAE70120FAE7E6
:10C580002DE9F7431D4606460F469046FEF7B4FBDD
:10C590006C1E044440420440082C1AD83046FEF772
:10C5A000B4FB81462A464146684601F02AFD4946C9
:10C5B000621B0DEB050001F04BFD23466A46394630
:10C5C0003046FEF759FB003818BF012003B0BDE824
:10C5D000F0834FF0FF30F9E707B501238DF8042011
:10C5E00001AAFFF7CDFF03B05DF804FB81680122CB
:10C5F000183921F00701FFF7EFBF8268183A22F0DF
:10C600000702FFF7A1BF13B541EA021104468DF8F6
:10C610000710FFF780FF012301460DF107022046B6
:10C62000FFF7AEFF02B010BDF7B50D1E69460CBF97
:10C6300017462F460446F5F775F978B99DF800605E
:10C64000022E22D0032E0BD0012E24D135B19DF81D
:10C650000330032B02D12046FFF7C8FF03B0F0BD23
:10C66000002DFBD12046F5F73BF90028F6D157B154
:10C670002046FFF7BBFF0028F0D1002231462046BC
:10C68000FFF7C1FFEAE70226F7E735B9294620465A
:10C69000A268FEF706FB0320E0E70420DEE7014680
:10C6A0000020F5F795B9002070470020704710B5BD
:10C6B00088B01C4605AB01930C2302930423CDE9FB
:10C6C0000612CDE904300DEB030103AA0020CDF8DA
:10C6D0000CD0F5F7CDF9009B236008B010BD704772
:10C6E000004701F074BA38B504461546F5F766FA06
:10C6F00029462046BDE83840F5F774BA430903BF20
:10C700004FF0FF3323FA00F000F0010000207047E3
:10C7100070B501F1080330F813301646DA05044607
:10C720000D4609D5C3F3432300EBC302314650F84D
:10C730003330526828469847A3682BB131462846C3
:10C74000E268BDE87040184770BD2DE9F341174617
:10C75000DDE90858019001A80C461E46F5F710FCCB
:10C76000019B391E18BF012100EB8300231E18BF57
:10C770000123002E43EA410314BF0C210021002DA8
:10C7800043EA010314BF4FF4E0610021B8F1000F48
:10C7900043EA010314BF4FF440310021D0F80022D6
:10C7A0000B4322EA030304B124780FB13F787F00E2
:10C7B0001C430EB13678B6003C438DB1297809028E
:10C7C0003443B8F1000F03D098F800804FEA0848CE
:10C7D000214341EA0801C0F8001202B0BDE8F0812F
:10C7E0002946EDE71FB50DF10F03019300238DF8E6
:10C7F0000F101A4619460093FFF7A7FF05B05DF822
:10C8000004FB10B504790A462046F5F703FC18B17D
:10C8100011462046F5F71CFC00F0010010BD38B5AC
:10C820000579044628460A46F5F712FCC0B11146C0
:10C830002846F5F7EFFB98B911462846F5F7DEFBD9
:10C84000012322688340C2F80833226803B202EB56
:10C850008303D3F8102522F00302C3F8102538BD56
:10C860000021BDE838401046FFF7BCBFF5F730BDEA
:10C87000FFF7D5BFF5F7FABB4FF4801070474FF4C0
:10C88000805070474FF48070704770B50126A2F554
:10C890008074A40806FA04F4054614EA010008D0DE
:10C8A000A85830B100213046A950AA581A6822432E
:10C8B0001A6070BD00232DE9F34104460D46019333
:10C8C000904601AB4FF4A672FFF7DFFF4FF4827280
:10C8D00029462046FFF7D9FF4FF48C7207462946B8
:10C8E0002046FFF7D2FF064630B1B8F1000F1DD049
:10C8F00017B13E46D4F83C354FF48872294620469D
:10C9000001ABFFF7C2FF30B1B8F1000F03D016B989
:10C910000FB1D4F83C354FF490722946204601AB54
:10C92000FFF7B3FF019802B0BDE8F0814646E3E7A8
:10C93000012370B504460D4664264361002202219E
:10C940002046FFF7B7FF20B90120FFF7CAFE013EDE
:10C95000F4D100236B77C4F8003570BD07B50190A2
:10C9600001A8F6F729F90123019A9340836003B0E7
:10C970005DF804FB07B5019001A8F6F71DF9012346
:10C98000019A9340C36003B05DF804FB0020704738
:10C99000002070470020704700207047002070473B
:10C9A000F6F734BDF5F7F8BF022904D0042906D004
:10C9B000012900D17047806808B1F2F77FB870474D
:10C9C000F6F750BD08B5F6F729FD08B9F6F768FD8A
:10C9D000BDE80840F6F76ABD002210B5046894422D
:10C9E00000D110BD00EBC2014B68013223F0FF0300
:10C9F00043F003034B60F2E70420F6F70FB804207E
:10CA0000F6F728B808B5F5F7C7FFBDE80840F8F70E
:10CA100095BA38B504460025031D2268AA4201D8FC
:10CA2000002319E04FF00002D3E8CF0F032804D110
:10CA3000C3E8CC2FBCF1000FF6D102D0083301358A
:10CA4000EBE701EB851318464022002101F000FBC3
:10CA5000034604EBC504A060184638BD0830704793
:10CA600070B506460D4621B9F6F702FD90B90020D3
:10CA700070BD0846F2F71AF804460028F7D0304691
:10CA8000F6F7F6FC38B92046F2F718F80120F1F76E
:10CA9000E3FFECE72C460661C56040F8084FE7E786
:10CAA00040EA0141104640F8081DF6F7F3BCF6F7DE
:10CAB000EBBCF6F7E3BCF1F7F9BF08B5F1F7FEFF01
:10CAC000BDE808400120F1F7C7BF0429F8B50546C5
:10CAD000174603D0102910D000240CE00820F1F7ED
:10CAE000D7FF04460028F7D0002343600123478086
:10CAF00003802B6843602046F8BD1620F1F7C8FF7D
:10CB000004460028E8D0061D12220021304601F01C
:10CB10009FFA022323802B46678005F1100253F809
:10CB2000041B934246F8041BF9D1E4E7134609B904
:10CB3000116070470A88012A02D0022A07D0704784
:10CB40001A68082A28BF08221A6001F05ABA1A681F
:10CB5000162A28BF1622F7E708B5F7F785FA40B17D
:10CB600000F11C03D3E8EF1F0131C3E8E21F002AE4
:10CB7000F8D108BD006808B1F7F706BA704737B5B5
:10CB80000025036804460093838F6846ADF806507D
:10CB9000ADF8043000F0DBFD38B1A36B6846984770
:10CBA00094F83E300BB1A563E56303B030BD406837
:10CBB000003818BF0120704700230B60836813B949
:10CBC000C0E90111704719608160704738B50546AA
:10CBD0000C46F6F771FCAA68236894426B6008BFA4
:10CBE000AB6000232046236000F04DF9BDE83840DB
:10CBF000F6F768BC406870470069431E58425841C8
:10CC000070470069831E5842584170470069C31E2F
:10CC10005842584170474069B0F5817F05D040F2D5
:10CC20001113C31A5842584170470120704790F8B9
:10CC30002000C0F34000704790F82000C0F380004F
:10CC4000704790F82000C0F3C0007047006C00F0FF
:10CC50000100704790F8200000F001007047036960
:10CC6000012B05D18069A0F18003584258417047DB
:10CC70000020704790F82000C0097047836933F0A6
:10CC8000800314BF01200020704790F82000C0F3FB
:10CC900040107047806B003818BF0120704790F833
:10CCA0003400431E58425841704708B590F8203070
:10CCB000014613F001020BD1FFF7E0FF28B9084647
:10CCC000FFF7CDFF80F00100C2B202F0010008BD05
:10CCD0000022FAE770B504460D4616462046FFF7D7
:10CCE000E4FF70B155B1284600F0BCF848B93146B0
:10CCF0000220F1F7CFFC0028F0D070BD6368002B54
:10CD0000F5D00020F9E74068003818BF01207047CF
:10CD100090F82200003818BF0120704710B5044673
:10CD2000FFF7ACFF94F82010C1F3401340EA030270
:10CD3000236982F00102012B14BF0123C1F3800398
:10CD4000D2B220461A40FFF766FF48B1C1F3001186
:10CD50002046FFF784FF0A4080F00100104010BD1C
:10CD60000121F5E710B50C46F7F77EF928B190F8E8
:10CD7000203064F3861380F8203010BD10B50C46C7
:10CD8000F7F772F928B190F8213064F3000380F8C6
:10CD9000213010BDD0E9092353EA020109D04FF434
:10CDA0007A71B3FBF1F001FB02000128B8BF01204A
:10CDB00070474FF0FF307047D0E90B2353EA020170
:10CDC00009D04FF47A71B3FBF1F001FB02000128A6
:10CDD000B8BF012070474FF0FF307047013802287C
:10CDE0008CBF002001207047013802288CBF002032
:10CDF000012070470388012B03D0022B06D00120AD
:10CE00007047082914BF0020012070471629F9E750
:10CE1000032915D011280CD004DC88B106280AD0CB
:10CE200000207047B0F5817F05D040F21113984281
:10CE3000F6D1022900E0012914BF0020012070472B
:10CE400001207047C368012B03D0022B07D00120BB
:10CE500070470888012814BF002001207047088807
:10CE60000228F8E700B10068003818BF01207047B9
:10CE700000B10068704743894068184470470289D0
:10CE80004089101A704710B504464068FFF70FFE3E
:10CE9000E06808B1F1F704FE2046BDE81040F1F764
:10CEA000FFBD10B50446206800B910BD6268036874
:10CEB0009042236008BF6360FFF7E5FFF3E700F0EF
:10CEC000F0BC10B5044660B1406908B1F1F7E8FD67
:10CED000A06908B1F1F7E4FD2046BDE81040F1F784
:10CEE000DFBD10BD10B5044600F0D9FC23684360D7
:10CEF000A36983602046BDE8104000F0D2BC2DE954
:10CF0000FF4180460F461646FFF768FF38B96A2092
:10CF1000F1F788FC4FF0FF3004B0BDE8F0813046F7
:10CF2000F7F708F908B97B20F2E73846FFF75CFF0E
:10CF300008B96B20ECE739463046FFF769FF002857
:10CF4000F7D0F7F75DF8054608B91720E0E70021AC
:10CF50001420FFF785FD044620B92846F7F796F818
:10CF60006920D5E74FF0FF33037443748374C374AF
:10CF70004046F7F789FE6061384600F052FC0146F2
:10CF8000A061304600F04EFC2146E06101AA47F264
:10CF900001000295F7F7A4FE044620B12846F7F7F2
:10CFA00075F82046B4E7C5E9038728686E61B3E7E2
:10CFB00073B506460C461546FFF7CEFD019050B9F5
:10CFC0000920F1F72FFC4FF0FF3401A8FFF7D2FD45
:10CFD000204602B070BDFFF751FE10B1019B986969
:10CFE000EFE70198FFF728FE08B17F20E9E70198F5
:10CFF000FFF71DFE08B17820E3E70CB90E20E0E74B
:10D0000021460198FFF71EFF08B96A20D9E7294693
:10D010002046FFF7EFFE08B91620D2E70198FFF788
:10D0200015FE054620B1019B5D69113D18BF012524
:10D0300000211C20FFF714FD024608B96920C0E753
:10D0400006612388012B11D0022B18D001990420EE
:10D0500091F8203043F0020381F8203047F20201BA
:10D06000D560FFF71DFDDDB17720AAE763888382D5
:10D07000042383750023C37563688361E6E76388CF
:10D0800000F118018382102383750023C375231DCB
:10D09000143453F8040BA34241F8040BF9D1D5E73B
:10D0A0000198FFF789FE00900198FFF7C0FD20B9B5
:10D0B0000198846984B1204683E769460220F1F72C
:10D0C000E9FA10F10B0F05D00028EDD00028B8BF09
:10D0D000404276E7742074E7FFF79DFD00283FF497
:10D0E00074AFDDE90010F7F74BFD04466DE730B58E
:10D0F00085B005460C46F6F7B7FF38B90920F1F7B9
:10D1000091FB4FF0FF33184605B030BD0CB90E202F
:10D11000F5E72146FFF796FE08B96A20EFE7002100
:10D120001C20FFF79DFC014608B96920E7E705616F
:10D130002388012B0AD0022B11D047F2050001AA47
:10D14000F7F7CEFD03460028DDD0D8E76388838259
:10D15000042383750023C37563688361EDE76388E7
:10D1600000F118028382102383750023C375231DE9
:10D17000143453F8040BA34242F8040BF9D1DCE752
:10D1800030B585B005460C46F6F76EFF38B9092074
:10D19000F1F748FB4FF0FF33184605B030BDFFF7FD
:10D1A0002BFD08B95F20F3E700210C20FFF758FCA6
:10D1B000014608B96920EBE724EAE474056144619B
:10D1C00001AA47F20800F7F78BFD03460028E3D0D9
:10D1D000DEE7F0B595B007460D461446FFF7BCFCF8
:10D1E000019050B90920F1F71DFB4FF0FF3401A861
:10D1F000FFF7C0FC204615B0F0BD15B11CB90E20DC
:10D20000F1E7002CFBD1FFF7F7FC08B95F20EAE754
:10D210000198FFF71BFD28B10198FFF779FD08B9C8
:10D220000B20E0E70198FFF7B5FD00900198FFF7AC
:10D2300011FD50B10198FFF76BFD0028D2D0F6F731
:10D24000DFFE064680B91720CDE70198FFF760FDA5
:10D250000028EFD169460220F1F71CFA0028E5D03A
:10D260000028B8BF4042BEE700210820FFF7F8FBC6
:10D27000014620B93046F6F709FF6920B3E7076198
:10D28000039675B17CB10BAB47F20C0002AA049374
:10D29000F7F726FD074640B13046F6F7F7FE384669
:10D2A000A1E72B46F0E72346EEE73DB134B1BDF8E8
:10D2B0003E30042B04D0102B15D02760346896E73D
:10D2C00001232768ADF81430082F28BF0827BDF8C0
:10D2D0003C30ADF81630109B06933A46284605A917
:10D2E00000F08FFEE9E70223ADF81430BDF83C30C2
:10D2F00006AFADF8163014ABADF8280013E90F00F7
:10D3000087E80F002768162F28BF1627E5E72DE9C5
:10D31000F04F89B016461D46129F0390019103F00D
:10D32000400803F4007BF6F79FFE044638B9092055
:10D33000F1F778FA4FF0FF3009B0BDE8F08F35F41F
:10D34000107305D1B8F1000F11D0BBF1000F01D05F
:10D350005F20EDE7FFF730FD04902046FFF776FCF5
:10D36000A8B9B8F1000818BF4FF0010805E0FFF7B1
:10D3700023FD0490BBF1000FEFD02046FFF78FFC98
:10D3800040B12046FFF77AFC68B1A069D0E74FF0C2
:10D390000108F2E72046FFF771FC0028F5D120468E
:10D3A000FFF75DFCF0E72046FFF72BFC00284CD090
:10D3B0002046FFF741FC002847D10FB97920B7E795
:10D3C0002046FFF71EFC00284AD12046FFF71EFC2E
:10D3D000002845D147F206092046FFF70DFC40B171
:10D3E0002046FFF718FC20B1B6F5006F28BF4FF4B8
:10D3F0000066FFF75EFBB04207D22046FFF7FCFB5A
:10D40000002844D0FFF755FB064647F2060399452E
:10D410000CBF0E232223002502932046FFF735FC84
:10D4200018B12046FFF741FC98BB31460298FFF740
:10D4300017FB824600283BD1012004A9F1F72AF905
:10D4400090BBB8F1000FF0D026E02046FFF7D9FBE3
:10D4500020B92046FFF7DAFB0028BBD0002FB9D057
:10D4600039462046FFF7EEFC08B96A2060E73846E7
:10D470001399FFF7BFFC08B9162059E72046FFF7BC
:10D48000CAFB08B17F2053E747F20709A4E77A20D7
:10D490004EE7B8F1000F01D00B2049E7022004A9A4
:10D4A000F1F7F8F80028B8D00028B8BF40423FE7AD
:10D4B000039B0361019B23B132461946006800F0CB
:10D4C000A0FD94F8340020B1F7F7FEFB002284F8A9
:10D4D0003420BBF1000F0ED0049D40F040006B1CC7
:10D4E0001FD04FF47A7295FBF2F5ADB2B5F5167F09
:10D4F00028BF4FF4167547F207029145CAF8140089
:10D5000034D1AAF82C503A88012A0DD0022A18D01A
:10D510005146484605AAF7F7E3FB034648BB069881
:10D520000AE74FF41675E6E77A88AAF8182004226D
:10D530008AF81A2000228AF81B207A68CAF81C2070
:10D54000E6E77A880AF11C01AAF8182010228AF866
:10D550001A20002207F114008AF81B203A1D52F805
:10D5600004CB824241F804CBF9D1D1E7AAF8185094
:10D57000CEE70C2806DC0A2807DDB8F1000F3FF4DF
:10D580004CAF89E78C283FF4D3AE1846D0E62DE99E
:10D59000F74F8946DDE90C7A15461E4603F480787C
:10D5A000FFF7DAFA019058B90920F1F73BF94FF08B
:10D5B000FF3701A8FFF7DEFA384603B0BDE8F08F69
:10D5C00036F4A17301D05F20EFE727B1BAF1000F65
:10D5D00004D10E20E9E7BAF1000FFAD1FFF70CFBF6
:10D5E00028B10198FFF728FB08B98020DDE70198F2
:10D5F000B8F1000F16D1FFF729FB08B9730611D552
:10D600000198FFF7D4FA68B90198FFF737FB48B9DA
:10D610000198FFF724FB28B90198FFF71BFB08B915
:10D620000B20C2E70198FFF7B5FB6A460090002186
:10D630000198FFF74FFB18B10028B8BF4042B4E78C
:10D640000198FFF7B4FA88B90198FFF708FB0028A2
:10D6500076D10198FFF7FEFA0028A5D10198FFF7CF
:10D660000DFB0028A3D0019B98699EE70198FFF766
:10D67000C1FA044627B1C16852463846FFF756FA48
:10D68000002706F0020A2046FFF7F9FBA8421DD842
:10D690002046FFF7F4FB0646002E8AD02046FFF70F
:10D6A000EAFB09EB070B01463246584600F0A9FC9D
:10D6B00001983744FFF7A5FA50B1BAF1000F7FF493
:10D6C00078AF21460198FFF781FA72E72E46E3E72B
:10D6D0000198FFF79BFA0028EFD1BAF1000F14D0A0
:10D6E000B5423FF466AFB8F1000F04D06A46214658
:10D6F0000198FFF7EFFA2046AD1BFFF7B9FB044690
:10D700000028C0D1002F9FD053E7638920463344BF
:10D710006381FFF7B4FB18B921460198FFF756FA69
:10D72000B5423FF446AFAD1BB8F1000F04D06A46D6
:10D7300000210198FFF7CEFA0198FFF75BFADEE7C8
:10D74000002736E708B5F6F7B9FC002008BD38B564
:10D7500004460068F6F788FC054628B90120E388EE
:10D7600043F02003E38038BDFFF774FA0028F5D1B9
:10D770002846FFF783FAF8B1E38843F00803E38013
:10D78000A388DA0707D52846FFF7BDFAE8B1E38892
:10D7900043F00103E380A3885B0707D52846FFF722
:10D7A000BDFA18B1E38843F00403E380B4F906003E
:10D7B000003818BF0120D6E72846FFF750FA0028A6
:10D7C000DED0E38843F01003D9E72846FFF7A0FA3C
:10D7D0000028DCD12846FFF742FA0028D7D1DAE743
:10D7E00038B50D461446F6F73FFC28B90920F1F785
:10D7F00019F84FF0FF3006E0032D03D0042D03D0BD
:10D800001620F4E7006C38BD012CF9D80464002020
:10D81000F9E7431F002B03D8DFE803F001000320E2
:10D8200070477047292815D005DC062814D0112828
:10D8300014D048B17047B0F5817F0DD040F211137C
:10D8400098420BD0FF280CD1012909D0022908BF2A
:10D850000220704706207047012070470220704761
:10D8600008467047292811D00ADC012810D0062864
:10D8700010D0002808BF042018BF4FF0FF307047B9
:10D88000B0F58D7F08D0B0F5007FF5E70620704732
:10D8900008207047012070474FF480707047C068BF
:10D8A00070474269C3681A60704708B50346243060
:10D8B0001AB95A624260002008BD082A28BF08220F
:10D8C00000F09FFBF7E708B503462C301AB9DA627F
:10D8D0004260002008BD082A28BF082200F091FB02
:10D8E000F7E738B504460D4639B1082A0BD01620A3
:10D8F000F0F798FF4FF0FF3038BD002AF7D1826370
:10D90000C2630020F8E7F5F7D7FD95E8030004F1BE
:10D91000380383E803002046FFF731F9F5F7D2FD1D
:10D92000EFE773B5044608680D461646F7F7CCF9DD
:10D93000002801DB042E06D01620F0F773FF4FF00D
:10D94000FF3002B070BD2B68204684F83430FFF7FA
:10D95000A6F900230028F4D0CDE900331A46194671
:10D960002068FFF7D4FCECE708B509B1042A05D01C
:10D970001620F0F757FF4FF0FF3006E00B782BB181
:10D98000012BF5D180F84830002008BD0223F9E7CB
:10D9900010B5541E1B2C02D812F0030405D016201B
:10D9A000F0F740FF4FF0FF3010BD930880F84B3088
:10D9B0004C3000F026FB2046F6E708B509B1042AF2
:10D9C00005D01620F0F72EFF4FF0FF3008BD0B7882
:10D9D000003B18BF012380F849300020F6E708B566
:10D9E00009B1042A05D01620F0F71CFF4FF0FF30D4
:10D9F00008BD0B6880F84A300020F9E770B505468D
:10DA000014460E4631B992B11620F0F70BFF4FF0D5
:10DA1000FF3070BD002AF7D0406C08B1F1F740F834
:10DA2000601CF1F735F8686438B96920EDE7406C9F
:10DA300008B1F1F735F80020EBE72246314600F057
:10DA4000E0FA00226B6C1A55F5E710B51346126820
:10DA50000446042A28BF042208461A6004F118016B
:10DA600000F0CFFA0020A06110BD10B51346126877
:10DA70000446082A28BF082208461A6004F1240137
:10DA800000F0BFFA002010BD10B51346126804461E
:10DA9000082A28BF082208461A6004F12C0100F069
:10DAA000B0FA002010BD13B50446134694F8482080
:10DAB000084601921A6801A9042A28BF04221A60A4
:10DAC00000F09FFA002002B010BD13B504461346C3
:10DAD00094F84920084601921A6801A9042A28BF2F
:10DAE00004221A6000F08DFA002002B010BD13B5B8
:10DAF0000446134694F84A20084601921A6801A980
:10DB0000042A28BF04221A6000F07BFA002002B029
:10DB100010BD10B504460846114694F84B309A00E3
:10DB20000B689A4228BF1A460A6004F14C0100F0C3
:10DB300068FA002010BDF8B5456C0E46144617680B
:10DB400075B12846EBF794F90130B842024628BF78
:10DB50003A4629463046226000F053FA0020F8BDCC
:10DB60003A462946304600F073FA2560F6E770B56C
:10DB700004460E4600F025F80546206808B1FEF779
:10DB800096FF48F202039E4218D048F209039E42D3
:10DB900014D048F201039E420BD16B684BB104F1E3
:10DBA000140204F1380152F8040B8A4243F8040BC2
:10DBB000F9D12046BDE8704000F005B863696B609C
:10DBC000F7E7C06870470269C3681A60704708B118
:10DBD000EDF7CABE704740B1C368587810F0010035
:10DBE0001EBF1878B0FA80F04009704710B5D0E930
:10DBF000003433B90020E268537843F001035370D6
:10DC000010BD204698470028F4D00028B8BF4042F5
:10DC1000FF28A8BFFF20E3681870ECE700F018BAEF
:10DC200000F0EFB9704710B400F10C04C0E90344F0
:10DC300010BCECF79DB907B5CDE900230A460421D5
:10DC4000F7F7B4FB03B05DF804FB8169C36843EAEE
:10DC5000010212F003020FD102614269013A01FB95
:10DC60000233C2689A4201D90020704702691A60E3
:10DC7000826903619B1AF4E76FF01500704790F911
:10DC80000E308B4201D0F9F7BBB800207047034635
:10DC90000020C3E90033C3E90200704710B5044611
:10DCA00030B10268930703D0446809B100F09EF9CF
:10DCB000204610BD012307B5009300230A461946EC
:10DCC000F7F7B8FF03B05DF804FB5AB18A4209D3F5
:10DCD00000F11003C0E90212C0E90000C0E90433FA
:10DCE000002070476FF015007047012302688B40D9
:10DCF00022EA0303036022FA01F000F001007047FA
:10DD000020B10022A0301146F9F7C2BB704710B510
:10DD1000F8F706FB041E08DDEFF31180202383F3E0
:10DD20001288BFF36F8FF9F75FF9204610BDC0E985
:10DD3000000000207047EFF30580003818BF012075
:10DD400070476FF05700704700207047F9F70CB923
:10DD5000D0E9003213605A600023C0E900337047F5
:10DD600038B504460D46F8F7E9FC637B43F002033F
:10DD70006373E5B1A5602B689D4209D16B68C4E966
:10DD800000531C606C6012E06A689A42F6D01B680F
:10DD9000002BF3D094F90E2093F90E108A42F3D0A1
:10DDA0009142F1DD5A68C4E9003214605C6038BD0C
:10DDB00090F90E3091F90E00834214BFC01A002072
:10DDC000704701211838F8F7EFBE10B50446F8F790
:10DDD000B5FE04F11800BDE81040F9F7B1BD38B543
:10DDE000054604680020AC4200D138BD002CFCD0B0
:10DDF0002046FFF7EAFF2046F8F72EFE2C680120A8
:10DE0000A542F1E708B5F9F773FE08BDF9F770BE52
:10DE1000B3F1FF3F08BFB2F1FF3F70B504461D46A6
:10DE2000164613D01A4315D06FF001024FF0FF339E
:10DE3000921B63EB0501002904DAF9F759FE8219F8
:10DE400041EB0501C4E90021204670BD4FF0FF32CF
:10DE50001146F7E70022FBE7B3F1FF3F08BFB2F13D
:10DE6000FF3FF8B5074616461C4610D054EA020399
:10DE700011D0F9F73DFEB0420A46A14103460AD24D
:10DE8000F31A64EB0204C7E900343846F8BD4FF0DA
:10DE9000FF331C46F7E70023FBE70023C0E9081225
:10DEA00000F11802C0E90622C0E9003303634363AE
:10DEB000704710B50446F9F743FDA8B9636A0BB182
:10DEC0002046984704F11800F8F71EFF60B1F8F7F4
:10DED000C3FDEFF31180202383F31288BFF36F8F0C
:10DEE000BDE81040F9F780B810BDF8B50D46D0E98F
:10DEF00000138842044605D16368C5E900431D60EC
:10DF000065601DE0002BF7D0986800B16038A2F181
:10DF100060073946FFF74CFF0028EDDC2668B44265
:10DF2000EAD0002EE8D0B16801B160393846FFF779
:10DF30003FFF002805DD7368C5E900631D6075605B
:10DF4000F8BD63689E42D7D03668EAE72DE9F04114
:10DF5000846805460E46ECB16378012B25D114F890
:10DF6000533C9A0714D5A4F160073846FFF72DFFFC
:10DF7000082E0CBF6FF003030023236314F8533CF7
:10DF8000DB0605D154F8483C13B93846F8F764FD70
:10DF9000002323700020EB68A860C3F38632164389
:10DFA00066F39433EB60BDE8F081022BF0D1237867
:10DFB000002BEDD054F8048CB8F1000FE8D004F138
:10DFC0001400F9F7BDFC0023A4F1140739464046BC
:10DFD000E362F8F7A5F9DBE70023C0E900008360FE
:10DFE000704783680B60C3681360704720B1011FDE
:10DFF00050F8040CF7F75EBA704701460420FAF7B0
:10E0000005BA0A44431E914200D1704710B511F879
:10E01000014B914203F8014FF9D110BD884210B570
:10E0200001EB020402D98442234607D8431EA142D1
:10E0300008D011F8012B03F8012FF8E7024401463C
:10E040008A4200D110BD13F8014D02F8014DF7E7E7
:10E0500002440346934200D1704703F8011BF9E7DD
:10E060000A220021FAF78ABA0139024410B5904217
:10E0700001D1002005E0037811F8014FA34201D03F
:10E08000181B10BD0130F2E7C9B20346184613F859
:10E09000012B12B18A42F9D17047002918BF002024
:10E0A000704730B50A440546914201D100200FE087
:10E0B00015F8013B11F8014BA3F141001928A4F117
:10E0C000410098BF2033192803D82034181BEBD007
:10E0D00030BD181BFCD1002CE6D1F9E710B56AB1B0
:10E0E0000139841810F8012B11F8013F9A4203D12D
:10E0F000A04201D0002AF5D1D01A10BD1046FCE78D
:10E1000010B50139044632B111F8013F013A00F867
:10E11000013B002BF7D10021FFF79AFF204610BDED
:10E120000246014410B58A42134603D01C780132DE
:10E13000002CF8D1181A10BD38B511F0FF040346B1
:10E140000ED12146BDE83840FFF79EBF431C05466F
:10E1500021461846FFF798FF0028F7D1284638BD1A
:10E160000025F5E70A7870B56AB970BD9A4209D101
:10E170000C46054614F8013F002BF6D015F8016F48
:10E180009E42F7D001300378002BEFD11846ECE720
:10E190002DE9F047C3F137090746884603F01F050C
:10E1A0005FFA89F916464FF0000A384641462A467A
:10E1B0005346EAF731FE4346D4B23A46884607460C
:10E1C000092C84BF4C44E4B2AA4204F1300473EB3E
:10E1D0000A0306F8014BE8D23046BDE8F08710B5D7
:10E1E0000C4600F0BBFA0028A2BF2368013323606D
:10E1F00010BD0028A2BF136803F1FF33136000F0C5
:10E20000E2BA70B505460E4631462846FFF7E7FFED
:10E21000041E09DB202CF7D0A4F10903042BF3D949
:10E2200032462946FFF7E5FF204670BDBDF80010D5
:10E2300068B111F0100F01D00270704711F0080F93
:10E2400002D0C0E9002370474B0701D50260704738
:10E250008B06FBD5028070472DE9F04387B01C4642
:10E260001746814602AB88460093D2E9022300F0AC
:10E27000A5F904AB06460D46009348464146D7E94A
:10E28000002300F09BF90027DDE90423901953EBEC
:10E29000050128BF012737B1029B039A013342F1E0
:10E2A0000002CDE90232403CDDE90223009400F097
:10E2B000A0F907B0BDE8F0832DE9F843B0FA80F685
:10E2C000002980460F46A1EB060606F1070625DB6E
:10E2D0000846FCF7A9F806443846F41BFCF7AAF8F0
:10E2E0003946221A40463D3200F058F9B74213DC55
:10E2F0001F2C68DC4FF0FF33A34038EA03030CBF48
:10E3000001240024B0FA80F33546F31A9E33FE2B25
:10E3100027DD4FF0FF4044E00124F3E74C42204664
:10E32000FCF788F8351A2046A5EB0709FCF782F8B8
:10E3300021462E4609EB000240463C3200F01BF914
:10E34000AF4230DCB9F11F0F3DDC4FF0FF3303FA71
:10E3500009F338EA030327D0B0FA80F30024EB1A5C
:10E360009E33002B23EAE372D4BF012313465B1BC9
:10E37000A3F19705963B20FA05F120FA03F3C907AC
:10E3800023D544B14FF0FF31A94020EA010003F04A
:10E390000101084319D0581CC0F31600C0B140EA6F
:10E3A000C250BDE8F88300230521B8FBF1F202EB6F
:10E3B0008205A84502D101339046F6E79C428CBF06
:10E3C000002401249EE700249CE7C3F31600E6E73F
:10E3D0000132E4E72DE9F04F061887B0994615465B
:10E3E00041EB010402AB3046DDF844B02146009316
:10E3F000A9F1410AD2E9002300F0E0F804AB074696
:10E400008846304621460093D5E9022300F0D6F82D
:10E410000022DDE90263841951EB0306049B28BF47
:10E420000122D5E90001D218059B43F100033818F9
:10E4300048EB0101B84271EB0801D5E902C134BFD4
:10E440000120002014EB0C0CCDF800A046EB0101DC
:10E4500010EB0C0041F10001A04271EB060C34BF3F
:10E460004FF0010C4FF0000CCDE904231CEB02022D
:10E4700043F1000300F0BDF8109BC3E90001129BBB
:10E48000012BDDE9042329D1D5E90201D5E900C535
:10E49000201ACDF800A066EB0101674578EB050571
:10E4A00034BF01250025401B61F10001844276EB59
:10E4B000010534BF01250025521B63F1000300F064
:10E4C00098F8DDE90423CBE9000120463146CDF878
:10E4D00000A000F08EF807B0BDE8F08F17EB070E34
:10E4E00048EB080C201946EB0601BE457CEB0808FA
:10E4F00034BF01270027C71941F10008D5E9000101
:10E5000086457CEB010C34BF01200020D5E90215C3
:10E51000381A68F1000C401A6CEB050192185B4147
:10E52000A74278EB060534BF01250025521943F1B7
:10E530000003874278EB010834BF01250025521BF8
:10E54000A9F140050095B8E710B5A3FB0043029977
:10E55000A2FB0020001943F100033F29DBBFA1F11A
:10E560002002C1F1400140398B40D6BFD04023FA90
:10E5700001F0184310BD30B587B004460846154673
:10E5800002A9FBF7F1FF049B204600955A1C059B4E
:10E5900043F10003FFF7D8FF07B030BD30B587B0B7
:10E5A00015460446084602A9FBF76CFF2046009575
:10E5B000DDE90423FFF7C8FF07B030BDF0B50F4613
:10E5C0000446A0FB0201059EA7FB02524919A3FBCA
:10E5D0000445A7FB037342F10002611845F10004F2
:10E5E000D21943F10003121943F10003C6E90023D5
:10E5F000F0BDF0B5059CC4F14007C4F12006A4F1BC
:10E600002005E04002FA06F6BB4022FA05F5BA40C2
:10E610003343C4F120062B4301FA06F6A4F120058A
:10E62000304321FA05F5E140284319431043F0BD7A
:10E630002DE9F0410446CD0FC1F30A50C1F3130197
:10E6400040F2FF76157154EA010707D0B0420CD1B1
:10E6500045F0080500201571BDE8F081002864D060
:10E66000B0425FD145F00405F4E700285AD10120FB
:10E67000A0F2FF30002B10605ADB0C2B5ADCC3F1E8
:10E680000D050120AD0005F1FF3CA5F12107C5F105
:10E69000210600FA07F720FA06F600FA0CF03743D5
:10E6A000061847EB0708D6F1000E68EB480C013E50
:10E6B00048F1FF38264008EA0108B04277EB080825
:10E6C00010DBC5F12008B5F1200624FA05F501FAA2
:10E6D00008F858BF41FA06F645EA080558BF354321
:10E6E000ED0703D52018044641EB070104EA0E04A8
:10E6F00001EA0C019DF81860123218460D25C6F18A
:10E7000027064FF0300E04F00F03240905F1FF3CFB
:10E71000571E44EA01740911B3B9A8420CDA6546E0
:10E720003A46F0E741F48011A2E704460146A1E72A
:10E730000023DFE70D23DDE782F800E01CF1010391
:10E7400065463A46DFD187E7092BC8BF9B19A84227
:10E7500003F13003B8BF28461370EFE710B5837894
:10E760000446DA0705D443F004034FF0FF30A370EA
:10E7700010BD4FF00002D4E85F3FC4E8512F0029DC
:10E78000F9D19BB213B1581EC0B2F1E7A368984704
:10E790000028F9DA0130A37814BF082204221343B9
:10E7A000E3E702690346107810B101321A6170473D
:10E7B0006FF001007047D1E9043293421EBF5A1C2A
:10E7C0000A61187070478B78DA0702D44FF0FF3077
:10E7D0007047431CFAD0C0B2431CD1E8DF2F002A97
:10E7E00004D1C1E8DC3FBCF1000FF6D1EED18B784B
:10E7F00023F008038B7070470148006870470000E1
:10E8000058D7002048A6FE7F0100000061B8010033
:10E8100000000000B1B8010000000000E9B80100EC
:10E820000000000025B901000000000059B90100F6
:10E8300000000000551602000000000019C501008C
:10E84000E8E802006D5302000000000039550200A4
:10E850000000000029CE0100FCE802009BB102008C
:10E8600010E9020081D4010024E9020029C8010056
:10E870000000000051E301000000000075E6010007
:10E880000000000039EC0100D4E802003DB80100AE
:10E8900000000000A7C60200000000009D5F02000B
:10E8A0000000000079CC010038E9020065D90100C0
:10E8B0004CE9020099C9010060E902009DB0020024
:10E8C00000000000A9F301000000000087C402005E
:10E8D00000000000F31503000000000070C90020D4
:10E8E0005ECB0020DCDA00209E0E030010F2020056
:10E8F00028F2020050CB0020E0D800201E110300B7
:10E90000B8F20200D0F2020058CB00207CD90020DF
:10E91000C30E03000000000044F2020052CB0020AE
:10E92000000000008A110300F4F2020044F3020028
:10E930005ACB0020E0C80020621003000000000055
:10E940009CF2020056CB002000000000CD13030013
:10E9500070F30200E4F302005CCB0020F8C8002052
:10E96000D90F03004CF2020080F2020054CB0020C9
:10E970003CD9002000000000B1AE02000000000001
:10E98000B1AE020000000000B1AE020000000000C5
:10E99000B1AE020000000000B1AE02007D1E020018
:10E9A000E1C6020000000000B1AE0200000000005D
:10E9B000B1AE020024E90200ADB802000000000080
:10E9C000B1AE020000000000B1AE020055310200FD
:10E9D000E1C6020000000000B1AE0200000000002D
:10E9E000B1AE020000000000B1AE02000000000065
:10E9F000B1AE020000000000B1AE02000000000055
:10EA0000B1AE020000000000B1AE02000000000044
:10EA1000B1AE020000000000B1AE02000000000034
:10EA200049E1010000000000B1AE0200000000005A
:10EA3000B1AE020000000000B1AE02000000000014
:10EA4000B1AE020000000000B1AE02000000000004
:10EA5000B1AE020000000000B1AE020000000000F4
:10EA6000B1AE020000000000B1AE020000000000E4
:10EA7000B1AE020000000000B1AE020000000000D4
:10EA8000B1AE020000000000B1AE020000000000C4
:10EA9000B1AE020000000000B1AE020000000000B4
:10EAA000B1AE020000000000B1AE020000000000A4
:10EAB000B1AE020000000000B1AE02000000000094
:10EAC000B1AE02008D2A0200E1C602000000000083
:10EAD000B1AE020000000000B1AE02000000000074
:10EAE000B1AE020000000000B1AE02000000000064
:10EAF000B1AE020000000000B1AE0200CD2802005D
:10EB0000E1C6020000000000B1AE020000000000FB
:10EB1000B1AE020000000000B1AE02000000000033
:10EB2000B1AE020000000000B1AE02000000000023
:10EB3000B1AE020000000000B1AE02000000000013
:10EB4000B1AE020000000000B1AE02000000000003
:10EB5000B1AE020000000000B1AE020000000000F3
:10EB6000B1AE020000000000B1AE020000000000E3
:10EB7000B1AE020000000000B1AE020000000000D3
:10EB80000100000091ED01009DF101005E05030010
:10EB900003000000BD160300030000005B03030038
:10EBA00003000000B50E030003000000FF25030072
:10EBB0000300000079FA020003000000791003004E
:10EBC00003000000A30C030003000000AD290300B4
:10EBD000040000000817030003000000EE2B0300F0
:10EBE000030000004E26030003000000EF0A0300AC
:10EBF00003000000880C030003000000900C0300D9
:10EC000003000000250303000400000071FA020065
:10EC100004000000BA150300030000007C2F03006D
:10EC200003000000E525030003000000DB0B0300E8
:10EC300003000000E50B030003000000800C03004C
:10EC4000030000002C0C030003000000390C03003B
:10EC500003000000720C030003000000F10B03002E
:10EC6000030000009F0C030003000000E90F0300F5
:10EC700003000000D613030003000000A5FD0200FE
:10EC8000040000009CFF0200040000009411030037
:10EC900003000000FFFFFFFFFFFFFFFFFFFFFFFF7D
:10ECA000FFFFFFFFFFFFFFFF493F0200F14A0200A5
:10ECB000594E020095C902009DC902008DC902008B
:10ECC00045D702009D4E020099C9020091C9020079
:10ECD0004B300300000100000000000000000000B5
:10ECE0000338FDD87047000001000000000000005C
:10ECF00005000000000000001900000000000000F6
:10ED00007D00000000000000710200000000000013
:10ED1000350C000000000000093D0000000000006C
:10ED20002D31010000000000E1F5050000000000A9
:10ED300065CD1D0000000000F902950000000000F4
:10ED4000DD0EE90200000000514A8D0E00000000B7
:10ED50009573C24800000000E941CC6B010000003F
:10ED60008D49FD1A07000000C16FF28623000000E4
:10ED7000C52EBCA2B1000000D9E9AC2D780300007B
:10ED80003D9160E45811000031D6E275BC56000098
:10ED9000F52E6E4DAEB10100C9EA268367780800F2
:10EDA000ED95C28F055A2A00A1EDCCCE1BC2D3002F
:10EDB00025A4000A8BCA2204000000000000000005
:10EDC0000000000000000010000000000000000033
:10EDD000B9340332B7F4AD1410DB1AB30892540EF1
:10EDE0000D307D951447BA1A66088F4D26ADC66D55
:10EDF000F598BF85E2B74511CA96853D92BD1DEBDA
:10EE0000FCA11860DCEF52163C92AE220BB8C1B4E4
:10EE1000839D2D5B0562DA1C304C7E8F4E8BB25B7E
:10EE200016F4529F8B56A512FBD4827643ED8AF0DE
:10EE30008FE7F9311565191850F19BD94A13EEB4D3
:10EE4000284CF0A686C1251F035FC270CB9E4916D1
:10EE5000E642889C44EB2014B0650836AD6EA5856B
:10EE600085F0CA14E2FD031A0B899979D5B13D09E1
:10EE7000D8DA973A35EBCF10AC363F5E73BB38CF5C
:10EE80003E6752FA44AFBA150100000000000000CE
:10EE90000000000000000020345065C05FC9A65289
:10EEA000BB13CBAEC440C21806C8DF7100D5A87C26
:10EEB000F56F0FDA58FC27136E4756357D24206511
:10EEC00002C7E768E48CA41DE9E60268D7CD396182
:10EED0007977FCC2405BEF16798CDE43FFA751F9CE
:10EEE00091F3B278F5BDBE11E857E9D6E8BEE87BEC
:10EEF000B054AC8F848D751BEA23A499E9F9D38BA8
:10EF0000B7A3714061DA3E15CEE33ECB73F94808F2
:10EF10008C97B427D51B7010A2BFEFB9EB853215C3
:10EF20004DB44DB49BBB6F1996B6076CF8E7EEADC8
:10EF300036D9B4F59135AE13222218AF4E6A684D1A
:10EF400091DAAA3D4F40741E9FBD9EE006A1C09875
:10EF500057C2A7FDA40E90170E7D497173E3208F51
:10EF6000B220D87605143B12853D7434811343B02A
:10EF7000AD297A5F27F4351C9FAA0200C1AA0200BE
:10EF800000000000F9A001000A00000000000000DD
:10EF90000000000000C0000038E90200010000008D
:10EFA00000C000000040000038E90200020000003C
:10EFB000000001000002000038E902000300000028
:10EFC0000000010000000A0038E90200040000000F
:10EFD000000001000080000038E902000500000088
:10EFE0000002010000FE090038E9020006000000EE
:10EFF00000020100007E000038E902000700000066
:10F00000008001000080090038E9020008000000CB
:10F01000008001000080090038E9020009000000BA
:10F0200000000B000000050038E9020080C5002048
:10F0300000000000060001000200000040F0020095
:10F04000000000009D0B030002000000E0FF0F0025
:10F0500068C50020A50B030021000000E0FF03208D
:10F06000B90C0300AD0C0300C80C0300D40C030062
:10F07000E40C0300F10C0300AD0C0300AD0C030025
:10F08000AD0C0300AD0C0300AD0C0300AD0C030090
:10F09000AD0C0300AD0C0300AD0C0300AD0C030080
:10F0A000AD0C0300AD0C0300AD0C0300AD0C030070
:10F0B000AD0C0300AD0C0300AD0C0300AD0C030060
:10F0C000AD0C0300AD0C0300AD0C0300AD0C030050
:10F0D000AD0C0300AD0C0300AD0C0300AD0C030040
:10F0E000AD0C0300AD0C0300AD0C0300AD0C030030
:10F0F000AD0C0300AD0C0300AD0C0300AD0C030020
:10F10000AD0C0300AD0C0300AD0C0300AD0C03000F
:10F11000AD0C0300AD0C0300AD0C0300AD0C0300FF
:10F12000AD0C0300AD0C0300AD0C0300AD0C0300EF
:10F13000AD0C0300AD0C0300AD0C0300AD0C0300DF
:10F14000AD0C0300AD0C0300AD0C0300AD0C0300CF
:10F15000AD0C0300AD0C0300AD0C0300AD0C0300BF
:10F16000AD0C0300AD0C0300AD0C0300AD0C0300AF
:10F17000AD0C0300AD0C0300AD0C0300AD0C03009F
:10F18000AD0C0300AD0C0300AD0C0300AD0C03008F
:10F19000AD0C0300AD0C0300AD0C0300AD0C03007F
:10F1A000AD0C0300AD0C0300AD0C0300AD0C03006F
:10F1B000AD0C0300AD0C0300AD0C0300AD0C03005F
:10F1C000AD0C0300AD0C0300AD0C0300AD0C03004F
:10F1D000AD0C0300000D03000D0D0300180D03001E
:10F1E000230D0300320D03003E0D03004B0D030001
:10F1F000560D0300610D03006A0D0300740D03003A
:10F200007F0D03000DC40100F1C4010000000000E7
:10F2100081C60100ADC50100A90E03006FB1020057
:10F2200075B10200AF0E030071C5010081B102008B
:10F2300055B102000000000049C4010000000000B8
:10F240000000000087B10200000000004CE902004D
:10F2500000127A0000010100FCE802001400010025
:10F260000000000000000002000200000000010099
:10F27000C865190000000100000001000100000045
:10F28000B3B30200E1B2020081C8010079C80100F5
:10F29000ABB102000100000000FF000031CC010012
:10F2A00025CD0100A1CC010029CC010019CC010021
:10F2B0000400000000FF0000FFFFFFFF0025844066
:10F2C00000000000000000000010034001000000EA
:10F2D000E5CF010075B5020081B5020095B50200C9
:10F2E0009FB50200A9B50200A9CE0100A9CD010079
:10F2F0000000000000800040050000000000000049
:10F3000020F30200000000000000000000000000E8
:10F3100001E40020FCE30020FBE30020FAE30020EE
:10F32000008000402CF302000100000034F30200D2
:10F33000040000001B0000000E0000021A0600017D
:10F340000F060003E1B6020091D60100CDBC020019
:10F3500045D701008BB6020029B70200F7B60200BC
:10F36000C1D50100F3B502000DD30100E3B50200E1
:10F3700000B000400000000000127A000000000011
:10F380000000000000000000FFFFFFFF0000FF0082
:10F39000000000000000000101000000FFBC0200AE
:10F3A000FF1F0000B4F30200FFFFFFFF000000009A
:10F3B0000000000000B00040C0F3020001000000A7
:10F3C000C8F30200030000000D1800040C1800062A
:10F3D0000B180005FCE802000A000100FCE802002E
:10F3E000140001003DDC0100AFBD020000800020E0
:10F3F000E8040000E88400200020000068A5002048
:10F4000000200000000000000000000001000000DB
:10F4100099F3010061E401006DBF02003FBE0200EC
:10F4200043BF020061BE020055BF020089F0010027
:10F430000000000029F3010085C0020039BE02006F
:10F440003DF20100F9ED010073BE0200EDEC010098
:10F450005DEC0100A9EE01000000000000000000CA
:10F4600000000000C8160300CD160300D5160300E7
:10F47000E1160300301E0300421E0300541E030069
:10F48000611E0300721E0300821E03008C1E030017
:10F490009F1E0300B21E0300C51E030000000000F3
:10F4A000751F03007B1F0300811F0300871F0300DC
:10F4B0008D1F0300931F0300991F0300020000002B
:10F4C0003C000000680100003C0000003C0000001F
:10F4D0003C0000003C0000000000000002000000B2
:10F4E0003C000000680100003C0000003C000000FF
:10F4F0003C0000003C00000000000000580200003A
:10F50000100E0000A08C0000020000001E00000091
:10F510003C00000000941100000000009225030050
:10F52000010000009D25030002000000AA25030041
:10F5300002000000B725030005000000C1250300FC
:10F5400005000000CB25030004000000F92403009F
:10F55000030000000300000009000000C13E02009B
:10F5600045440200000000006FDB0200214D020054
:10F57000D94E0200C8160300CD160300D5160300AD
:10F58000E11603000000000200000001000000047A
:10F590000000000800000010000000000C00000047
:10F5A000690000000B0000007200000080000000F5
:10F5B0001600000070000000780000007F000000CE
:10F5C00080000000710000006800000016000000CC
:10F5D0007400000073000000730000007100000060
:10F5E0008C0000007A0000000D0000000B000000FD
:10F5F0000B000000760000000B0000000900000076
:10F60000ADBAADBAADBAADBAADBAADBAADBAADBAC2
:10F61000ADBAADBAADBAADBAADBAADBAADBAADBAB2
:10F62000ADBAADBAADBAADBAADBAADBAADBAADBAA2
:10F63000ADBAADBAADBAADBAADBAADBAADBAADBA92
:10F64000ADBAADBAADBAADBAADBAADBAADBAADBA82
:10F65000ADBAADBAADBAADBAADBAADBAADBAADBA72
:10F66000ADBAADBAADBAADBAADBAADBAADBAADBA62
:10F67000ADBAADBAADBAADBAADBAADBAADBAADBA52
:10F68000ADBAADBAADBAADBAADBAADBAADBAADBA42
:10F69000ADBAADBAADBAADBAADBAADBAADBAADBA32
:10F6A000ADBAADBAADBAADBAADBAADBAADBAADBA22
:10F6B000ADBAADBAADBAADBAADBAADBAADBAADBA12
:10F6C000ADBAADBAADBAADBAADBAADBAADBAADBA02
:10F6D000ADBAADBAADBAADBAADBAADBAADBAADBAF2
:10F6E000ADBAADBAADBAADBAADBAADBAADBAADBAE2
:10F6F000ADBAADBAADBAADBAADBAADBAADBAADBAD2
:10F70000ADBAADBAADBAADBAADBAADBAADBAADBAC1
:10F71000ADBAADBAADBAADBAADBAADBAADBAADBAB1
:10F72000ADBAADBAADBAADBA6F0000006F0000005F
:10F730006F0000006F0000006F0000006F0000000D
:10F740006F0000000B0000007A000000470000007E
:10F750000B0000000B0000005F0000000410000020
:10F760000170000004700000FFFFFFFFFFFFFFFFBC
:10F77000FFFFFFFFFFFFFFFFFFFFFFFFFFFFFFFF99
:10F78000FFFFFFFFFFFFFFFF03700000027000009C
:10F79000057000000670000008700000097000008D
:10F7A0000A700000FFFFFFFFFFFFFFFFFFFFFFFFEB
:10F7B000FFFFFFFFFFFFFFFFFFFFFFFFFFFFFFFF59
:10F7C000FFFFFFFFFFFFFFFFFFFFFFFF01800000C4
:10F7D00010400000106000001130000012300000E6
:10F7E000FFFFFFFFFFFFFFFFFFFFFFFFFFFFFFFF29
:10F7F000FFFFFFFF10300000FFFFFFFFFFFFFFFFD5
:10F80000FFFFFFFFFFFFFFFFFFFFFFFFFFFFFFFF08
:10F81000FFFFFFFFFFFFFFFFFFFFFFFFFFFFFFFFF8
:10F82000FFFFFFFFFFFFFFFFFFFFFFFFFFFFFFFFE8
:10F8300006500000FFFFFFFFFFFFFFFFFFFFFFFF7E
:10F84000FFFFFFFFFFFFFFFFFFFFFFFF2060000044
:10F850000C2F03001A2F03002E2F03003D2F03004F
:10F86000492F03000CE802000CE8020074E80200D3
:10F870007CE80200C4E80200D4E8020000000000B6
:10F880000000000000000000000000000000004038
:10F8900095596959555554551555555604051541F1
:10F8A00010545540455155444045504450555545D8
:10F8B0000040004040044496655556554540455427
:10F8C0005141154055915555555540510501000080
:10F8D00054455454455505040010041014044000C8
:10F8E000000001405555154154040000440001003A
:10F8F000000000404100004450444550540055551C
:10F900005455655100400040010000010005010010
:10F9100011545151545555050000000000000000DD
:10F9200000000000020002000200040002000800C3
:10F9300002000200020010002000400080000001D0
:10F94000000200040000010002000400060008009C
:10F950000A000C000E001000200040008000000192
:10F960000001000177C295F360D2EF7F3552500F4E
:10F970002CB67980EAFF7AFFF4FF434D414B455F97
:10F98000534F555243455F4449522F7372632F645E
:10F9900066755F6C69622F6E72665F6466755F661E
:10F9A0006C6173682E6300415353455254494F4E66
:10F9B000204641494C20402025733A25640A002501
:10F9C000633A2044465520616C7265616479207306
:10F9D00074617274656420627920616E6F74686509
:10F9E00072206D6F64756C650A0025633A20666C41
:10F9F0006173685F696D675F696E697420657272B3
:10FA00002025640A0025633A2065726173652053DE
:10FA100065636F6E6461727920736C6F74206661C8
:10FA2000696C6564210A0025633A2043616E6E6F3C
:10FA30007420726571756573742074686520696DD2
:10FA400061676520757067726164652028657272F0
:10FA50003A2564290A0025633A20696D61676520AB
:10FA6000747261696C6572207772697474656E0A6C
:10FA7000006E72665F6466755F666C6173680043F2
:10FA80006F6E6E6563746564202D20686F6D650010
:10FA9000436F6E6E6563746564202D20726F616DB7
:10FAA000696E6700436F6E6E6563746564004964D8
:10FAB0006C650A004E6574776F726B2072656769BA
:10FAC0007374726174696F6E207374617475733AC4
:10FAD0002025730A0050534D20706172616D65746A
:10FAE0006572207570646174653A205441553A20FE
:10FAF000256420732C204163746976652074696DD8
:10FB0000653A20256420730A0065445258207061CC
:10FB100072616D65746572207570646174653A20F8
:10FB2000654452583A20252E326620732C205054BA
:10FB3000573A20252E326620730A00525243206D18
:10FB40006F64653A2025730A004C54452063656C48
:10FB50006C206368616E6765643A2043656C6C2055
:10FB600049443A2025642C20547261636B696E67A6
:10FB700020617265613A2025640A00524149206380
:10FB80006F6E66696775726174696F6E20757064F7
:10FB90006174653A2043656C6C2049443A202564C1
:10FBA0002C204D43433A2025642C204D4E433A20CF
:10FBB00025642C2041532D5241493A2025642C20A4
:10FBC00043502D5241493A2025640A00312E302EEF
:10FBD00030000A5443502073616D706C6520686179
:10FBE0007320737461727465642C20766572736916
:10FBF0006F6E2069732025732E0A0A004661696CB6
:10FC0000656420746F20696E697469616C697A65D6
:10FC1000206D6F64656D206C6962726172792C2051
:10FC20006572726F723A2025640A004661696C65DC
:10FC30006420746F20636F6E6E65637420746F2030
:10FC40004C5445206E6574776F726B2C2065727210
:10FC50006F723A2025640A004C544520636F6E6E23
:10FC6000656374696F6E206572726F722E205468BE
:10FC7000652073616D706C652077696C6C2074729F
:10FC80007920746F2072652D65737461626C69737D
:10FC900068206E6574776F726B20636F6E6E65633C
:10FCA00074696F6E2E0A004661696C656420746F1A
:10FCB00020707574204C5445206C696E6B20696E01
:10FCC000206F66666C696E652073746174652028A8
:10FCD0002564290A000A436F6E6E656374696E6756
:10FCE00020746F206E6574776F726B2E5468697321
:10FCF000206D61792074616B652073657665726132
:10FD00006C206D696E757465732E0A004661696CAE
:10FD1000656420746F2065737461626C6973682018
:10FD20004C544520636F6E6E656374696F6E202856
:10FD30002564292E0057696C6C20726574727920D5
:10FD4000696E2061206D696E7574652E00436F6E5B
:10FD50006E656374656420746F204E422D496F5444
:10FD6000206E6574776F726B2E0A00436F6E6E653E
:10FD70006374656420746F204C5445206E657477FD
:10FD80006F726B2E0A00436F6E6E6563746564203C
:10FD9000746F20756E6B6E6F776E206E6574776F03
:10FDA000726B2E0A007463705F73616D706C650016
:10FDB00025633A2055415254205458206572726F81
:10FDC000723A2025640A0025633A20554152542096
:10FDD0005258206661696C656420746F20616C6C98
:10FDE0006F63617465206275666665720A002563DB
:10FDF0003A205541525420525820656E61626C651C
:10FE0000206661696C65643A2025640A0041424FAE
:10FE1000525445440025633A20554152545F54588A
:10FE20005F2573206661696C7572653A2025640AE6
:10FE30000025633A20554152545F52585F5244594D
:10FE4000206661696C7572653A2025642C206472A5
:10FE50006F707065643A2025640A0025633A204477
:10FE6000697361626C696E67205541525420525823
:10FE70003A204E6F2066726565206275666665720F
:10FE8000732E0A0025633A2044697361626C696EBF
:10FE90006720554152542052583A2025640A006484
:10FEA0006F776E6C6F6164007472616E73666572F9
:10FEB000007265626F6F740025633A20446F776E3D
:10FEC0006C6F616420636F6D706C65746564210A8A
:10FED0000A0025633A205561727420726563656972
:10FEE0007665643A5B25645D3A25730A0A002563EA
:10FEF0003A205541525420646576696365206E6FDF
:10FF0000742072656164790A0025633A2075617214
:10FF1000745F636F6E6669675F6765743A20256416
:10FF20000A0025633A205541525420626175643AB3
:10FF300020256420642F702F732D626974733A201A
:10FF400025642F25642F256420485746433A2025F1
:10FF5000640A0025633A2055415254206368656362
:10FF60006B206661696C65643A2025640A0025632C
:10FF70003A2043616E6E6F74207365742063616C08
:10FF80006C6261636B3A2025640A0025633A205550
:10FF900041525420696E6974210A0A0075617274B5
:10FFA0005F68616E646C657200252A5B5E28295D5E
:10FFB000282564206279746573290025633A2046F8
:10FFC000657463682066696C65206C656E6774682B
:10FFD0003A2025640A0A0025633A2043616E206EA8
:10FFE0006F742066657463682066696C65206C6553
:10FFF0006E6774680A0A0025633A20446973636F68
:020000040003F7
:100000006E6E65637465642062792072656D6F74CD
:100010006520736572766572210D0A0A0025633AC0
:1000200020436F6E6E656374696F6E2061626F72DC
:10003000746564210D0A0A0025633A20536F636BCF
:10004000657420706F6C6C206572726F72210D0A7E
:100050000A0025633A20556E65787065637465649F
:1000600020706F6C6C206576656E7421220D0A0A13
:100070000025633A204E6574776F726B20646F774A
:100080006E210D0A0A0025633A20556E6578706569
:1000900063746564206572726F72210D0A0A00250F
:1000A000633A204E6F7720656E74657220277472F4
:1000B000616E73706172656E74206D6F6465272068
:1000C000746F2072656365697665206E657720615F
:1000D00070706C69636174696F6E206669726D77A8
:1000E000617265207468726F7567682075617274DB
:1000F000210A0A0025633A204E6F772073746172DB
:100100007420746F20646F776E6C6F6164206E650D
:1001100077206170706C69636174696F6E206669C5
:10012000726D776172650A0A0025633A2066696C10
:100130006520646F776E6C6F6164207375636373A1
:1001400065652C206E6F7720656E746572206D6317
:1001500075626F6F74210A0A003131332E38372EE1
:1001600039302E323439006E6F7264696300323870
:100170003035383838380025633A204661696C6577
:100180006420746F20696E697420666C6173683ACC
:100190002025640A00616E6F6E796D6F7573006162
:1001A0006E6F6E796D6F7573406578616D706C659B
:1001B0002E636F6D0025633A204661696C6564208B
:1001C000746F206F70656E2046545020636F6E6EA2
:1001D000656374696F6E0A0A0025633A2046616997
:1001E0006C656420746F20676574204654502073DA
:1001F00074617475730A0A0025633A204661696C5C
:10020000656420746F207365742062696E61727911
:10021000206D6F64650A0A007369676E65645F70BC
:10022000617463682E62696E0025633A20466169D5
:100230006C656420746F20646F776E6C6F616420EE
:1002400066696C650A0A0025633A2046696C652078
:10025000646F776E6C6F616465642073756363654A
:10026000737366756C6C790A0A0025633A20446FD3
:10027000776E6C6F6164206661696C65642C2065C3
:1002800072722025640A0A0025633A2046545020E1
:1002900072656365697665645F6C656E6774683DF9
:1002A00025640966696C655F6C656E6774683D25D9
:1002B000640A0A0025633A2046696C652069732048
:1002C000636F727275707465642C2064726F702035
:1002D0006974210A0A0025633A20526563656976CC
:1002E000656420696D6167653A20646174615F6C63
:1002F000656E6774683D256409746F74616C5F6C2A
:10030000656E6774683D25640A0A0025633A2066B5
:100310006C61736820696D67207772697465206607
:1003200061696C0A006E65745F73616D706C6573F2
:100330005F636F6D6D6F6E00574553545F544F5040
:100340004449522F7A65706879722F6C69622F6800
:100350006561702F686561702E63006362707269F9
:100360006E74665F7061636B616765004661696C9E
:10037000656420746F207265626F6F743A207370C9
:10038000696E6E696E6720656E646C6573736C79F7
:100390002E2E2E0A00574553545F544F5044495255
:1003A0002F7A65706879722F6C69622F7574696C29
:1003B000732F6F6E6F66662E6300574553545F54FC
:1003C0004F504449522F7A65706879722F696E6375
:1003D0006C7564652F7A65706879722F7370696EB9
:1003E0006C6F636B2E6800574553545F544F5044F5
:1003F00049522F7A65706879722F6C69622F757413
:10040000696C732F6E6F746966792E630025633A89
:10041000204275666665722073697A65206973206B
:10042000626967676572207468616E2070616765D4
:100430000A0025633A204572726F72202564207786
:1004400068696C652067657474696E6720706167A0
:100450006520696E666F0A0025633A204572726FE7
:1004600072202564207768696C6520657261736904
:100470006E6720706167650A0025633A20737472A5
:1004800065616D5F666C6173685F65726173655FFE
:100490007061676520657272202564206F666673DF
:1004A00065743D30782530387A780A0025633A2023
:1004B000666C6173685F7772697465206572726FCC
:1004C00072202564206F66667365743D3078253030
:1004D000387A780A0025633A20666C617368207266
:1004E000656164206661696C65643A2025640A0070
:1004F00025633A2063616C6C6261636B206661699D
:100500006C65643A2025640A0025633A20427566CA
:100510006665722073697A65206973206E6F742036
:10052000616C69676E656420746F206D696E696DBA
:10053000616C2077726974652D626C6F636B2D73CB
:10054000697A650A0025633A20496E636F727265A5
:10055000637420706172616D657465720A00535432
:100560005245414D5F464C415348002A2A2A2042B9
:100570006F6F74696E67206E524620436F6E6E65B2
:1005800063742053444B2076322E392E302D37376A
:1005900038376232363439383430202A2A2A0A0071
:1005A0002A2A2A205573696E67205A657068797205
:1005B000204F532076332E372E39392D3166386649
:1005C0003364633239313432202A2A2A0A002563FF
:1005D0003A2072302F61313A202030782530387837
:1005E000202072312F61323A20203078253038783F
:1005F000202072322F61333A20203078253038782D
:100600000A0025633A2072332F61343A2020307873
:1006100025303878207231322F69703A20203078B6
:1006200025303878207231342F6C723A202030789F
:10063000253038780A0025633A2020787073723AA2
:1006400020203078253038780A0025633A2046612A
:10065000756C74696E6720696E7374727563746902
:100660006F6E206164647265737320287231352F58
:100670007063293A203078253038780A0025633AAB
:1006800020556E68616E646C6564204952516E3A03
:100690002025640A0025633A202A2A2A2A2A20557E
:1006A00053414745204641554C54202A2A2A2A2A9C
:1006B0000A0025633A2020204469766973696F6EC9
:1006C000206279207A65726F0A0025633A20202023
:1006D000556E616C69676E6564206D656D6F7279CA
:1006E000206163636573730A0025633A20202053F9
:1006F0007461636B206F766572666C6F7720286318
:100700006F6E746578742061726561206E6F7420FD
:1007100076616C6964290A0025633A2020204E6FB7
:1007200020636F70726F636573736F7220696E738D
:100730007472756374696F6E730A0025633A2020C2
:1007400020496C6C6567616C206C6F6164206F661A
:10075000204558435F52455455524E20696E746F80
:100760002050430A0025633A202020496C6C6567BD
:10077000616C20757365206F662074686520455034
:1007800053520A0025633A202020417474656D702D
:100790007420746F206578656375746520756E6468
:1007A0006566696E656420696E73747275637469D9
:1007B0006F6E0A0025633A202A2A2A2A2A204255E7
:1007C00053204641554C54202A2A2A2A2A0A002519
:1007D000633A202020537461636B696E67206572F1
:1007E000726F720A0025633A202020556E7374617F
:1007F000636B696E67206572726F720A0025633AD7
:1008000020202050726563697365206461746120E3
:10081000627573206572726F720A0025633A202038
:10082000204246415220416464726573733A20301D
:100830007825780A0025633A202020496D7072657A
:1008400063697365206461746120627573206572E9
:10085000726F720A0025633A202020496E73747209
:10086000756374696F6E20627573206572726F7242
:100870000A0025633A202020466C6F6174696E6718
:100880002D706F696E74206C617A79207374617455
:100890006520707265736572766174696F6E20652C
:1008A00072726F720A0025633A202A2A2A2A2A20A5
:1008B0004D5055204641554C54202A2A2A2A2A0AAE
:1008C0000025633A202020537461636B696E6720B2
:1008D0006572726F722028636F6E74657874206120
:1008E000726561206D69676874206265206E6F743F
:1008F0002076616C6964290A0025633A202020442F
:10090000617461204163636573732056696F6C6124
:1009100074696F6E0A0025633A2020204D4D4641D0
:100920005220416464726573733A20307825780AE6
:100930000025633A202020496E73747275637469D0
:100940006F6E204163636573732056696F6C6174C9
:10095000696F6E0A00574553545F544F50444952D3
:100960002F7A65706879722F617263682F61726D7A
:100970002F636F72652F636F727465785F6D2F667A
:1009800061756C742E6300526573657276656420C0
:10099000457863657074696F6E20280053707572B6
:1009A000696F757320696E74657272757074202832
:1009B000495251200025633A204578636570746977
:1009C0006F6E206F6363757272656420696E205369
:1009D00065637572652053746174650A0025633A16
:1009E000202A2A2A2A2A2048415244204641554C8E
:1009F00054202A2A2A2A2A0A0025633A2020204243
:100A00007573206661756C74206F6E2076656374F3
:100A10006F72207461626C6520726561640A0025E2
:100A2000633A2020204465627567206576656E74A0
:100A30000A0025633A2020204661756C7420657396
:100A400063616C6174696F6E2028736565206265EF
:100A50006C6F77290A0025633A20415243485F456D
:100A60005843455054207769746820726561736FEC
:100A70006E2025780A0A0025633A202A2A2A2A2A83
:100A8000204465627567206D6F6E69746F722065B2
:100A90007863657074696F6E202A2A2A2A2A0A00F0
:100AA00025633A202A2A2A2A2A2025732025642908
:100AB000202A2A2A2A2A0A00574553545F544F50A5
:100AC0004449522F7A65706879722F617263682F7A
:100AD00061726D2F636F72652F636F727465785FDB
:100AE0006D2F6972715F6D616E6167652E63006D58
:100AF00070750025633A204661696C656420746FE7
:100B000020616C6C6F63617465206E6577204D5059
:100B10005520726567696F6E2025750A0A00256386
:100B20003A20506172746974696F6E2025753A209D
:100B300073616E69747920636865636B20666169AF
:100B40006C65642E0A0025633A20496E76616C69F3
:100B50006420756E6465726C79696E672072656772
:100B6000696F6E20696E6465782025750A005745A7
:100B700053545F544F504449522F7A6570687972CC
:100B80002F617263682F61726D2F636F72652F6DB5
:100B900070752F61726D5F6D70752E6300464C41EC
:100BA00053485F30005352414D5F30005745535416
:100BB0005F544F504449522F7A65706879722F6C98
:100BC00069622F706F7369782F6F7074696F6E73BD
:100BD0002F626172726965722E6300706F7369783B
:100BE0005F656E7600706F7369785F74696D6572AA
:100BF00000707468726561645F72776C6F636B001C
:100C0000574553545F544F504449522F7A6570688A
:100C100079722F6C69622F706F7369782F6F70749F
:100C2000696F6E732F636F6E642E630070746872E9
:100C30006561645F636F6E6400707468726561649F
:100C40005F6B657900574553545F544F5044495288
:100C50002F7A65706879722F6C69622F706F736973
:100C6000782F6F7074696F6E732F6D757465782E41
:100C70006300707468726561645F6D757465780097
:100C800070746872656164006E65745F6275660099
:100C90006E65745F6275665F73696D706C65007315
:100CA0006F63006673007A65706879720045414928
:100CB0005F554E4B4E4F574E004541495F49444E9C
:100CC0005F454E434F4445004541495F414C4C44CC
:100CD0004F4E45004541495F4E4F5443414E4345B9
:100CE0004C4544004541495F43414E43454C4544D2
:100CF000004541495F494E50524F475245535300BA
:100D00004541495F4F564552464C4F570045414972
:100D10005F53595354454D004541495F4D454D4F33
:100D20005259004541495F4144445246414D494C66
:100D300059004541495F5345525649434500454195
:100D4000495F534F434B54595045004541495F4615
:100D5000414D494C59004541495F4E4F4441544132
:100D6000004541495F4641494C004541495F414783
:100D700041494E004541495F4E4F4E414D4500456A
:100D800041495F424144464C414753005745535403
:100D90005F544F504449522F7A65706879722F73AF
:100DA00075627379732F6E65742F6C69622F736F20
:100DB000636B6574732F736F636B6574732E63005D
:100DC000574553545F544F504449522F7A657068C9
:100DD00079722F7375627379732F6E65742F6C69D6
:100DE000622F736F636B6574732F736F636B6574BE
:100DF0005F6F66666C6F61642E6300574553545F86
:100E0000544F504449522F7A65706879722F696E39
:100E1000636C7564652F7A65706879722F6E65747E
:100E20002F6E65745F69662E6800574553545F5492
:100E30004F504449522F7A65706879722F737562EA
:100E40007379732F6E65742F69702F6E65745F6987
:100E5000662E6300776C616E2564006E6574256490
:100E600000574553545F544F504449522F7A657090
:100E70006879722F647269766572732F636C6F6321
:100E80006B5F636F6E74726F6C2F636C6F636B5FFD
:100E9000636F6E74726F6C5F6E72662E6300636C4C
:100EA0006F636B4035303030006866636C6B006C8C
:100EB00066636C6B00636C6F636B5F636F6E747201
:100EC0006F6C007073612D726E670025633A204667
:100ED00061696C656420746F206578697420445082
:100EE0004420282564290A0025633A205761697443
:100EF000696E6720756E74696C20666C617368201A
:100F000069732072656164790A0025633A2046613D
:100F1000696C656420746F207761697420756E74E4
:100F2000696C20666C617368206973207265616406
:100F30007920282564290A0025633A204A4544453A
:100F4000432049442072656164206661696C656470
:100F50003A2025640A0025633A2044657669636572
:100F600020696420253032782025303278202530E1
:100F7000327820646F6573206E6F74206D617463C6
:100F80006820636F6E6669672025303278202530CF
:100F9000327820253032780A0025633A20425020EA
:100FA000636C656172206661696C65643A202564D2
:100FB0000A0A0025633A20556E61626C6520746FE1
:100FC00020656E74657220342D62797465206D6FB2
:100FD00064653A2025640A0A006764323577623214
:100FE0003536653369724031007370695F6E6F72B8
:100FF00000D810200C0000000025633A20696E76AE
:10100000616C696420616464726573733A2030783E
:101010002530386C783A257A750A0025633A2075B0
:101020006E616C69676E6564206164647265737378
:101030003A2030782530386C783A257A750A0025C0
:10104000633A206E6F7420776F72642D616C6967EC
:101050006E65643A2030782530386C783A257A7598
:101060000A00666C6173682D636F6E74726F6C6CCE
:10107000657240333930303000666C6173685F6E82
:10108000726600574553545F544F504449522F7A6B
:1010900065706879722F696E636C7564652F7A6507
:1010A000706879722F647269766572732F677069E0
:1010B0006F2F6770696F5F7574696C732E68005766
:1010C0004553545F544F504449522F6D6F64756CB3
:1010D00065732F68616C2F6E6F726469632F6E7217
:1010E00066782F68616C2F6E72665F6770696F2E0D
:1010F0006800574553545F544F504449522F7A6506
:10110000706879722F647269766572732F6770697F
:101110006F2F6770696F5F6E7266782E63006770FD
:10112000696F403834323530300000010203040565
:10113000060725633A204661696C656420746F2058
:10114000616C6C6F63617465205050492043686125
:101150006E6E656C0A00574553545F544F504449B6
:10116000522F7A65706879722F647269766572732E
:101170002F73657269616C2F756172745F6E726630
:10118000785F75617274652E6300756172744038A2
:1011900030303000756172745F6E7266785F7561B1
:1011A00072746500574553545F544F504449522F51
:1011B0007A65706879722F696E636C7564652F7AD1
:1011C00065706879722F647269766572732F6770C3
:1011D000696F2E680025633A204661696C6564205A
:1011E000746F20616C6C6F63617465204750494F68
:1011F0005445206368616E6E656C20666F7220577F
:10120000414B450A0025633A204661696C656420BC
:10121000746F20636F6E6669677572652057414B06
:10122000452070696E0A0025633A204353204750D9
:10123000494F20706F72742025732070696E2025CD
:1012400064206973206E6F742072656164790A008E
:1012500025633A205570646174652065786365651F
:1012600064732063757272656E742062756666655C
:10127000720A0025633A2048616C662D6475706CB3
:101280006578206E6F7420737570706F727465640A
:101290000A0025633A20536C617665206D6F6465A2
:1012A000206973206E6F7420737570706F7274652F
:1012B00064206F6E2025730A0025633A204C6F6FFF
:1012C000706261636B206D6F6465206973206E6F5F
:1012D0007420737570706F727465640A0025633AC8
:1012E00020576F72642073697A6573206F74686524
:1012F00072207468616E2038206269747320617294
:1013000065206E6F7420737570706F727465640AF7
:101310000025633A204672657175656E6369657371
:10132000206C6F776572207468616E2031323520D1
:101330006B487A20617265206E6F742073757070CF
:101340006F727465640A0025633A204661696C65B2
:101350006420746F20696E697469616C697A6520B4
:101360006E726678206472697665723A202530382C
:10137000780A0025633A2057616974696E672066B0
:101380006F722057414B452061636B6E6F776C65C0
:1013900064676D656E742074696D6564206F757423
:1013A0000A0025633A2054696D656F757420776172
:1013B0006974696E6720666F72207472616E7366FD
:1013C000657220636F6D706C6574650A0073706977
:1013D0004062303030007370695F6E7266785F73A0
:1013E00070696D00574553545F544F504449522F14
:1013F0006E72662F6C69622F6E72665F6D6F6465C8
:101400006D5F6C69622F6E72665F6D6F64656D5F94
:101410006C69622E630025633A204D6F64656D2010
:101420006C69627261727920696E697469616C6954
:101430007A6174696F6E206661696C65642C2065E1
:1014400072722025640A0041542B43474D520025F7
:10145000633A204D6F64656D204657207665727340
:10146000696F6E3A2025730A0025633A20556E6134
:10147000626C6520746F206F627461696E206D6F9D
:1014800064656D2046572076657273696F6E2028FB
:101490004552523A2025642C20455252205459502E
:1014A000453A202564290A0041542525584D4F44CA
:1014B000454D555549440025633A204D6F64656D8F
:1014C00020465720555549443A2025730A00256384
:1014D0003A20556E61626C6520746F206F62746192
:1014E000696E206D6F64656D2046572055554944DF
:1014F00020284552523A2025642C2045525220542F
:101500005950453A202564290A0A002B4346554E76
:101510003A202568750041542B4346554E3F00251F
:10152000633A204170706C69636174696F6E2073F7
:10153000686F756C6420736574206D696E696D6188
:101540006C2066756E6374696F6E616C206D6F647C
:101550006520284346554E3D3029206265666F72EE
:1015600065207368757474696E6720646F776E2088
:101570006D6F64656D206C6962726172790A0041F9
:10158000542B4346554E3D3000574553545F544FFE
:10159000504449522F6E72662F6C69622F6E7266CC
:1015A0005F6D6F64656D5F6C69622F6E72665F6DF3
:1015B0006F64656D5F6F732E63006E72665F6D6F33
:1015C00064656D00574553545F544F504449522F42
:1015D0006E72662F6C69622F6E72665F6D6F6465E6
:1015E0006D5F6C69622F6366756E5F686F6F6B739A
:1015F0002E63006E726639785F736F636B6574007B
:1016000025633A204D6F64656D20686173206372B5
:1016100061736865642C20726561736F6E20307829
:1016200025782C2050433A20307825780A0025630D
:101630003A204661696C656420746F20686F6F6B37
:1016400020746865206469737061746368206675CE
:101650006E6374696F6E2C206572722025640A00B7
:10166000574553545F544F504449522F6E72662F62
:101670006C69622F61745F6D6F6E69746F722F6138
:10168000745F6D6F6E69746F722E630025633A200C
:101690004E6F206865617020737061636520666FAE
:1016A0007220696E636F6D696E67206E6F74696614
:1016B00069636174696F6E3A2025730A0061745F13
:1016C0006D6F6E69746F72004F4B0D0A0045525278
:1016D0004F520D0A002B434D45204552524F523A6E
:1016E000002B434D53204552524F523A0025633A46
:1016F000204E6F2068616E646C6572207265676948
:101700007374657265640A006C74655F6C630025B0
:10171000633A204D6F64656D206C69627261727905
:1017200020696E6974206572726F723A2025642C8C
:10173000206C74655F6C63206E6F7420696E6974D1
:1017400069616C697A65640A0025633A20466169BB
:101750006C656420746F207365742073797374658D
:101760006D206D6F646520616E64206D6F6465200F
:10177000707265666572656E63652C206572722095
:1017800025640A00303031303030313100303030B3
:1017900030303030310025633A204661696C656431
:1017A00020746F207365742050534D2070617261F6
:1017B0006D732C206572722025640A0025633A201F
:1017C0004661696C656420746F20636F6E6669673B
:1017D0007572652050534D2C206572722025640A65
:1017E0000041542525464541434F4E463D302C335C
:1017F0002C25640025633A204661696C6564207479
:101800006F20636F6E666967757265206544525814
:101810002C206572722025640A00574553545F548A
:101820004F504449522F6E72662F6C69622F6C7450
:10183000655F6C696E6B5F636F6E74726F6C2F6C3B
:1018400074655F6C635F6D6F64656D5F686F6F6B10
:10185000732E6300574553545F544F504449522FE1
:101860006E72662F6C69622F6C74655F6C696E6B4B
:101870005F636F6E74726F6C2F636F6D6D6F6E2F21
:1018800068656C706572732E630025633A20436F40
:10189000756C64206E6F742067657420504C4D4EDB
:1018A0002C206572726F723A2025640A0025633A13
:1018B00020436F756C64206E6F7420676574204DD3
:1018C0004E432C206572726F723A2025640A0025FF
:1018D000633A20436F756C64206E6F742067657483
:1018E000204D43432C206572726F723A2025640AA2
:1018F00000776F726B5F7100574553545F544F50C0
:101900004449522F6E72662F6C69622F6C74655F4A
:101910006C696E6B5F636F6E74726F6C2F6D6F644A
:10192000756C65732F63657265672E630025633A76
:1019300020436F756C64206E6F742067657420722D
:101940006567697374726174696F6E207374617412
:1019500075732C206572726F723A2025640A002517
:10196000633A20436F756C64206E6F7420676574F2
:1019700020434552454720706172616D20636F7549
:101980006E742C20706F74656E7469616C6C792054
:101990006D616C666F726D6564206E6F74696669E7
:1019A000636174696F6E2C206572726F723A2025C4
:1019B000640A0025633A2052656769737472617422
:1019C000696F6E2072656A65637465642C20454D8D
:1019D0004D2063617573653A2025642C2043656C46
:1019E0006C2049443A2025642C20547261636B6951
:1019F0006E6720617265613A2025642C204C544545
:101A0000206D6F64653A2025640A0025633A2046FC
:101A100061696C656420746F207061727365205019
:101A2000534D20636F6E66696775726174696F6E7E
:101A30002C206572726F723A2025640A0025633A81
:101A4000204661696C656420746F207061727365F3
:101A5000206E6F74696669636174696F6E202865B2
:101A600072726F72202564293A2025730A0025635B
:101A70003A20556E6B6E6F776E206E6574776F725D
:101A80006B20726567697374726174696F6E20731D
:101A900074617475733A2025640A0025633A2055F1
:101AA0006E6B6E6F776E204C5445206D6F64653A97
:101AB0002025640A002B43455245473A20252A75C4
:101AC0002C2568752C252A5B5E2C5D2C222578221E
:101AD0002C0041542B43455245473F002B43455270
:101AE00045473A20252A752C252A752C252A5B5E28
:101AF0002C5D2C252A5B5E2C5D2C256875002563EA
:101B00003A20436F756C64206E6F74206765742093
:101B1000746865204C5445206D6F64652C20657297
:101B2000726F723A2025640A0025633A20436F6E73
:101B30006E65637420616C726561647920696E20E2
:101B400070726F67726573730A0025633A2046618D
:101B5000696C656420746F206765742063757272A8
:101B6000656E7420726567697374726174696F6EF3
:101B7000207374617475730A0025633A204E65748E
:101B8000776F726B20636F6E6E656374696F6E2022
:101B9000617474656D70742074696D6564206F750F
:101BA000740A0041542B43455245473D3500256397
:101BB0003A204661696C656420746F2073756273A6
:101BC000637269626520746F204345524547206EF9
:101BD0006F74696669636174696F6E732C206572D6
:101BE000726F723A2025640A002B43455245470024
:101BF00025633A20415420636F6D6D616E642066E9
:101C000061696C65642C206E72665F6D6F64656DD2
:101C10005F61745F7363616E6628292072657475F5
:101C2000726E6564206572726F723A2025640A00D4
:101C300025633A204661696C656420746F20656E87
:101C400061626C65206E6F74696669636174696F47
:101C50006E732C206572726F723A2025640A00251B
:101C6000633A20496E76616C69642066756E6374B0
:101C7000696F6E616C206D6F64653A2025640A009F
:101C800041542B4346554E3D25640025633A20467A
:101C900061696C656420746F207365742066756E6D
:101CA0006374696F6E616C206D6F64652E20506C7B
:101CB0006561736520636865636B2058535953549D
:101CC000454D4D4F44452E0A00574553545F544FE0
:101CD000504449522F6E72662F6C69622F6C746586
:101CE0005F6C696E6B5F636F6E74726F6C2F6D6F7C
:101CF00064756C65732F6373636F6E2E6300256369
:101D00003A20436F756C64206E6F74206765742091
:101D10007369676E616C6C696E67206D6F64652CAA
:101D2000206572726F723A2025640A0025633A209A
:101D3000496E76616C6964207369676E616C6C6969
:101D40006E67206D6F64653A2025640A0025633A4A
:101D50002043616E27742070617273652073696718
:101D60006E616C6C696E67206D6F64652C206572A6
:101D7000726F723A2025640A0025633A2046616931
:101D80006C656420746F20656E61626C65205252D0
:101D900043206E6F74696669636174696F6E732046
:101DA000282B4353434F4E292C206572726F7220AB
:101DB00025640A002B4353434F4E0041542B435399
:101DC000434F4E3D3100574553545F544F504449A3
:101DD000522F6E72662F6C69622F6C74655F6C692E
:101DE0006E6B5F636F6E74726F6C2F6D6F64756C6A
:101DF00065732F6D646D65762E630025633A20430D
:101E0000616E2774207061727365206D6F64656DFB
:101E1000206576656E74206E6F746966696361749F
:101E2000696F6E2C206572726F723A2025640A0009
:101E30005345415243482053544154555320310D8A
:101E40000A005345415243482053544154555320AE
:101E5000320D0A005245534554204C4F4F500D0A45
:101E6000004D452042415454455259204C4F570D86
:101E70000A004D45204F5645524845415445440DB2
:101E80000A004E4F20494D45490D0A00505241432A
:101E9000482043452D4C4556454C20300D0A0050F6
:101EA000524143482043452D4C4556454C20310D69
:101EB0000A0050524143482043452D4C4556454C5D
:101EC00020320D0A0050524143482043452D4C45D5
:101ED00056454C20330D0A00254D444D45560025EE
:101EE000633A20496E76616C696420737973746516
:101EF0006D206D6F646520726571756573746564BE
:101F00003A2025640A0025633A20496E76616C699F
:101F100064204C544520707265666572656E636519
:101F2000207265717565737465643A2025640A00D2
:101F3000415425255853595354454D4D4F44453D23
:101F400025732C25630025633A20436F756C64204C
:101F50006E6F742073656E6420415420636F6D6DE5
:101F6000616E642C206572726F723A2025640A00DB
:101F70003031323334312C302C3000302C312C3095
:101F800000302C302C3100312C302C3100302C31F1
:101F90002C3100312C312C3000312C312C310041CE
:101FA000542525585054573D25642C222573220072
:101FB00025633A204661696C656420746F20726500
:101FC0007175657374205054572C207265706F7250
:101FD000746564206572726F723A2025640A005736
:101FE0004553545F544F504449522F6E72662F6CC4
:101FF00069622F6C74655F6C696E6B5F636F6E7482
:10200000726F6C2F6D6F64756C65732F6564727879
:102010002E630025633A204661696C656420746F05
:1020200020676574204C5445206D6F64652C2065D5
:1020300072726F723A2025640A0025633A20466165
:10204000696C656420746F2067657420654452581C
:1020500020636F6E66696775726174696F6E2C209C
:102060006572726F723A2025640A0025633A204631
:1020700061696C656420746F2067657420505457E3
:1020800020636F6E66696775726174696F6E2C206C
:102090006572726F723A2025640A0025633A204304
:1020A000616E277420706172736520654452582CEC
:1020B000206572726F723A2025640A0041542B43E6
:1020C00045445258533D330025633A204661696CBC
:1020D000656420746F2064697361626C6520654477
:1020E00052582C207265706F72746564206572722C
:1020F0006F723A2025640A0041542B4345445258DC
:10210000533D322C25642C222573220041542B434D
:1021100045445258533D322C25640025633A2046ED
:1021200061696C656420746F20656E61626C652006
:10213000654452582C207265706F72746564206516
:1021400072726F723A2025640A002B43454452583C
:10215000500041542B4350534D533D312C2C2C22D5
:102160002573222C222573220041542B4350534DBA
:10217000533D312C2C2C222573220041542B4350EB
:10218000534D533D312C2C2C2C22257322004154CD
:102190002B4350534D533D310025633A206E7266F8
:1021A0005F6D6F64656D5F61745F7072696E746698
:1021B000206661696C65642C207265706F7274654D
:1021C00064206572726F723A2025640A00415425BA
:1021D00025464541434F4E463D25642C25642C251C
:1021E0007500574553545F544F504449522F6E72F7
:1021F000662F6C69622F6C74655F6C696E6B5F63D0
:102200006F6E74726F6C2F6D6F64756C65732F7069
:10221000736D2E630025633A20457870656374659D
:10222000642076616C6964205433343132207469DF
:102230006D657220756E69740A0041542525584DEC
:102240004F4E49544F520025633A20415420636F4A
:102250006D6D616E64206661696C65642C206572C9
:10226000726F723A2025640A0025633A2041542097
:10227000636F6D6D616E642070617273696E67204B
:102280006661696C65642C206572726F723A2025F4
:10229000640A0025633A204E6F2050534D20706130
:1022A00072616D65746572732062656361757365D3
:1022B00020646576696365206E6F74207265676956
:1022C0007374657265642C207374617475733A203D
:1022D00025640A0025633A204661696C65642074B0
:1022E0006F206765742050534D20696E666F726D64
:1022F0006174696F6E0A0041542B4350534D533D36
:1023000000574553545F544F504449522F6E7266E4
:102310002F6C69622F6C74655F6C696E6B5F636FA5
:102320006E74726F6C2F6D6F64756C65732F726154
:10233000692E630025633A20436F756C64206E6FCD
:10234000742070617273652063656C6C5F69642CC6
:10235000206572726F723A2025640A0025633A2064
:10236000496E76616C69642063656C6C2049443AFF
:102370002025640A0025633A20436F756C64206E43
:102380006F7420676574204153205241492C2065A9
:1023900072726F723A2025640A0025633A20436FF7
:1023A000756C64206E6F74206765742043502052F2
:1023B00041492C206572726F723A2025640A00250B
:1023C000633A2043616E27742070617273652052F6
:1023D0004149206E6F74696669636174696F6E2C20
:1023E000206572726F723A2025640A0041542525D7
:1023F0005241493D25640025633A204661696C6578
:102400006420746F20636F6E666967757265205211
:1024100041492C206572722025640A0025524149E9
:102420000041542525584550434F3D300025633A1F
:10243000204661696C656420746F20736574206C3C
:1024400065676163792050434F206D6F64652C2070
:102450006572722025640A0041542B434E45433D6A
:1024600031360025633A20556E61626C6520746FC9
:102470002073756273637269626520746F202B43E9
:102480004E45433D31362C206572722025640A008A
:1024900041542B4347455245503D310025633A2076
:1024A000556E61626C6520746F2073756273637220
:1024B00069626520746F202B4347455245503D317A
:1024C0002C206572722025640A0041504E524154FE
:1024D000454354524C205354415400574553545F84
:1024E000544F504449522F6E72662F6C69622F70A0
:1024F000646E2F70646E2E6300495056360025635B
:102500003A2057726F6E672066616D696C7920257D
:10251000640A0041542B434744434F4E543D2575B4
:102520002C25732C25732C2C2C2C25752C2C2C2C29
:1025300025752C25750041542B434744434F4E5479
:102540003D25752C25732C25730041542B4347449E
:10255000434F4E543D25752C25730025633A204684
:1025600061696C656420746F20636F6E666967755E
:102570007265204349442025642C206572722C200A
:1025800025640A00495056345636004E6F6E2D4968
:1025900050004D452050444E20414354004D4520AD
:1025A00050444E204445414354004E572050444E21
:1025B000204445414354004D45204445544143483F
:1025C000004E572044455441434800495056362058
:1025D0004641494C002B434E45435F45534D002B2C
:1025E000434745560070646E0025633A2052657378
:1025F000657474696E672073797374656D0A00661B
:102600006174616C5F6572726F720025633A204677
:1026100061696C656420746F2073657420636F6EEC
:1026200066696775726174696F6E20286572723AA7
:10263000202564290A0041542558434F4558303D10
:10264000312C312C313536352C31353836006D6F23
:1026500064656D5F616E74656E6E61003930312046
:10266000446973636F6E6E656374656428256429BD
:102670002E0D0A0039303220436F6E6E6563746927
:102680006F6E2061626F72746564282564292E0D57
:102690000A0039303320506F6C6C206572726F7293
:1026A000282564292E0D0A0039303420556E6578AE
:1026B00070656374656420706F6C6C206576656E00
:1026C00074282564292E0D0A00393035204E657492
:1026D000776F726B20646F776E20282564292E0D2A
:1026E0000A0025633A2025730A0025633A207365A2
:1026F0006E6420636D64206661696C65643A2025B0
:10270000640A0025633A20434D442073656E740AC1
:102710000025633A206461746120706F72743A20FE
:1027200025640A0025633A20736F636B657428641F
:1027300061746129206661696C65643A2025640AC8
:102740000025633A2073657420746167206C697397
:1027500074206661696C65643A2025640A0025630B
:102760003A20636F6E6E656374286461746129201A
:102770006661696C65643A2025640A0025633A2025
:10278000706F6C6C286461746129206661696C6586
:10279000643A20282564290A0025633A204E6F20D8
:1027A0006D6F726520646174610A0025633A20725E
:1027B000656376286461746129206661696C65646B
:1027C0003A20282564290A0025633A2044415441CF
:1027D0002072656365697665642025640A00256357
:1027E0003A20706F6C6C286374726C292066616982
:1027F0006C65643A20282564290A0025633A207014
:102800006F6C6C286374726C292074696D656F75C8
:10281000740A0025633A20504F4C4C4855500A002A
:1028200025633A20504F4C4C4E56414C0A002563CC
:102830003A20504F4C4C203078253038780A00250B
:10284000633A2072656376286374726C292066612E
:10285000696C65643A20282564290A0025633A20BA
:102860006374726C5F6275663A25730A004E4F4F4F
:10287000500D0A0025633A2073656E64206461740C
:1028800061206661696C65643A2025640A002563ED
:102890003A20444154412073656E742025640A0037
:1028A00025633A2046545020616C7265616479203A
:1028B000636F6E6E65637465640A0025633A204633
:1028C00061696C656420746F207265736F6C7665E6
:1028D00020686F73746E616D65202822257322292C
:1028E0003A2025730A0025633A20736F636B657481
:1028F000286374726C29206661696C65643A2025CE
:10290000640A0025633A20636F6E6E656374286302
:1029100074726C29206661696C65643A2025640ACA
:102920000055544638204F4E004F505453202573C5
:102930000D0A0025633A20465450206F70656E657D
:10294000640A00555345522025730D0A0050415327
:10295000532025730D0A00515549540D0A0053594F
:1029600053540D0A00535441540D0A005459504514
:1029700020410D0A005459504520490D0A0050418C
:1029800053560D0A004C4953542025732025730DCE
:102990000A004C4953542025730D0A004E4C5354E1
:1029A0000D0A00524554522025730D0A00667470BA
:1029B0005F636C69656E740025633A2054462D4D43
:1029C000206E6F6E2D7365637572652063616C6C2C
:1029D0006261636B20696E697469616C697A6174A4
:1029E000696F6E206661696C65642C206572726F18
:1029F000723A2025640A0025633A202A2A2A2A2AC4
:102A000020534543555245204641554C54202A2ACF
:102A10002A2A2A0A0025633A20202041646472652C
:102A200073733A20307825780A0025633A202020F5
:102A3000496E76616C696420656E74727920706F7E
:102A4000696E740A0025633A202020496E76616C15
:102A5000696420696E746567726974792073696747
:102A60006E61747572650A0025633A202020496EF4
:102A700076616C696420657863657074696F6E2037
:102A800072657475726E0A0025633A2020204174C5
:102A9000747269627574696F6E20756E69742076E0
:102AA000696F6C6174696F6E0A0025633A2020209B
:102AB000496E76616C6964207472616E73697469C1
:102AC0006F6E0A0025633A2020204C617A792073CA
:102AD0007461746520707265736572766174696F74
:102AE0006E0A0025633A2020204C617A79207374A5
:102AF000617465206572726F720A0025633A202A3C
:102B00002A2A2A2A2053505520494E5445525255BC
:102B10005054202A2A2A2A2A0A0025633A202020F3
:102B200053656375726974792076696F6C61746935
:102B30006F6E20666F722074686520666C617368C2
:102B4000206D656D6F72792073706163650A002571
:102B5000633A202020536563757269747920766921
:102B60006F6C6174696F6E20666F72207468652087
:102B700052414D206D656D6F727920737061636590
:102B80000A0025633A2020205365637572697479C1
:102B90002076696F6C6174696F6E206F6E206F6E46
:102BA00065206F72207365766572616C2070657246
:102BB0006970686572616C732E0A00574553545FE3
:102BC000544F504449522F6E72662F6D6F64756C6E
:102BD00065732F747275737465642D6669726D7791
:102BE0006172652D6D2F6661756C742E63006D6367
:102BF00075626F6F745F7574696C00574553545FED
:102C0000544F504449522F6D6F64756C65732F6833
:102C1000616C2F6E6F726469632F6E7266782F68B5
:102C2000616C2F6E72665F647070692E6800574524
:102C300053545F544F504449522F6D6F64756C6507
:102C4000732F68616C2F6E6F726469632F6E72668A
:102C5000782F68656C706572732F6E7266785F6727
:102C60007070695F647070692E6300574553545FDC
:102C7000544F504449522F6D6F64756C65732F68C3
:102C8000616C2F6E6F726469632F6E7266782F6449
:102C90007269766572732F7372632F6E7266785FD6
:102CA000636C6F636B2E6300574553545F544F50F2
:102CB0004449522F6D6F64756C65732F68616C2F7A
:102CC0006E6F726469632F6E7266782F68616C2F05
:102CD0006E72665F636C6F636B2E6800574553546A
:102CE0005F544F504449522F6D6F64756C65732F5C
:102CF00068616C2F6E6F726469632F6E7266782FD5
:102D000068616C2F6E72665F6770696F74652E689C
:102D100000574553545F544F504449522F6D6F64D0
:102D2000756C65732F68616C2F6E6F726469632FA9
:102D30006E7266782F647269766572732F73726330
:102D40002F6E7266785F6770696F74652E630057C7
:102D50004553545F544F504449522F6D6F64756C06
:102D600065732F68616C2F6E6F726469632F6E726A
:102D700066782F647269766572732F7372632F6E33
:102D80007266785F6970632E6300574553545F54D1
:102D90004F504449522F6D6F64756C65732F686195
:102DA0006C2F6E6F726469632F6E7266782F686124
:102DB0006C2F6E72665F6970632E680057455354BE
:102DC0005F544F504449522F6D6F64756C65732F7B
:102DD00068616C2F6E6F726469632F6E7266782FF4
:102DE000647269766572732F7372632F6E72667880
:102DF0005F6E766D632E6300574553545F544F509A
:102E00004449522F6D6F64756C65732F68616C2F28
:102E10006E6F726469632F6E7266782F6472697662
:102E20006572732F7372632F6E7266785F73706949
:102E30006D2E630041542B4346554E3D0000010268
:102E400005574553545F544F504449522F7A65708B
:102E50006879722F6B65726E656C2F646576696335
:102E6000652E6300556E6B6E6F776E206572726FA4
:102E70007200756E6B6E6F776E0025633A203E3E72
:102E80003E205A455048595220464154414C204515
:102E900052524F522025643A202573206F6E2043F2
:102EA00050552025640A0025633A204661756C74EC
:102EB00020647572696E6720696E746572727570D0
:102EC000742068616E646C696E670A0A0025633A53
:102ED0002043757272656E74207468726561643A1D
:102EE00020257020282573290A00574553545F5424
:102EF0004F504449522F7A65706879722F6B657212
:102F00006E656C2F666174616C2E630043505520B2
:102F1000657863657074696F6E00556E68616E6484
:102F20006C656420696E7465727275707400537498
:102F300061636B206F766572666C6F77004B6572AC
:102F40006E656C206F6F7073004B65726E656C20E0
:102F500070616E696300574553545F544F50444944
:102F6000522F7A65706879722F6B65726E656C2F5F
:102F7000696E69742E63006D61696E006F7300572E
:102F80004553545F544F504449522F7A65706879C5
:102F9000722F6B65726E656C2F6B686561702E6346
:102FA00000574553545F544F504449522F7A65702F
:102FB0006879722F6B65726E656C2F6D656D5F73CE
:102FC0006C61622E6300574553545F544F5044491F
:102FD000522F7A65706879722F6B65726E656C2FEF
:102FE00069646C652E6300574553545F544F5044D9
:102FF00049522F7A65706879722F6B65726E656CB5
:103000002F6D73675F712E6300574553545F544FA4
:10301000504449522F7A65706879722F6B65726ED1
:10302000656C2F6D757465782E6300574553545F3A
:10303000544F504449522F7A65706879722F6B65EE
:10304000726E656C2F73656D2E6300737973776F85
:10305000726B7100574553545F544F504449522F7F
:103060007A65706879722F6B65726E656C2F776FF9
:10307000726B2E6300574553545F544F504449526E
:103080002F7A65706879722F6B65726E656C2F741C
:1030900068726561642E6300574553545F544F5006
:1030A0004449522F7A65706879722F6B65726E652C
:1030B0006C2F696E636C7564652F6B7468726561E3
:1030C000642E6800574553545F544F504449522F63
:1030D0007A65706879722F6B65726E656C2F736399
:1030E0006865642E6300574553545F544F504449FC
:1030F000522F7A65706879722F6B65726E656C2FCE
:10310000696E636C7564652F6B73636865642E68A4
:1031100000574553545F544F504449522F7A6570BD
:103120006879722F6B65726E656C2F74696D65734B
:103130006C6963696E672E6300574553545F544F43
:10314000504449522F7A65706879722F6B65726EA0
:10315000656C2F74696D656F75742E6300574553E8
:10316000545F544F504449522F7A65706879722FDA
:103170006B65726E656C2F706F6C6C2E63005745BB
:1031800053545F544F504449522F7A657068797296
:103190002F6B65726E656C2F6D656D706F6F6C2E29
:1031A0006300696E66006E616E00286E756C6C2936
:1031B000006364696E6F70737578585B61656667EC
:1031C0004145464700616E006E66696E697479001C
:1031D000DDF80100000000003104020000000000E2
:1031E000850A02000000000011EB01000000000051
:1031F000950C02000000000045F8010000000000EE
:10320000F909020000000000FFFFFFFFFFFFFFFFC2
:10321000FFFFFFFFFFFFFFFFFFFFFFFFFFFFFFFFBE
:10322000F086012000000000000000000000000007
:10323000000000000000000000000000000100008D
:1032400000000000B7E100200000000000020000C4
:1032500081AA02000000000078EF020001000000D7
:10326000C0C50020C0C50020000000000000000014
:103270000E000000D4C50020D4C5002000000000CE
:10328000000000000000000078EF020001000000D4
:10329000F0C50020F0C50020000000000000000084
:1032A0000E00000004C6002004C60020000000003C
:1032B000000000000000000078EF020001000000A4
:1032C00020C6002020C600200000000000000000F2
:1032D0000E00000034C6002034C6002000000000AC
:1032E00000000000000000000000000000000000DE
:1032F00000000000000000000000000000000000CE
:1033000000000000000000000000000000000000BD
:1033100000000000000000000000000000000000AD
:10332000000000000000000000000000000000009D
:10333000000000000000000000000000000000008D
:10334000000000000000000000000000000000007D
:10335000000000000000000000000000000000006D
:10336000000000000000000000000000000000005D
:10337000000000000000000000000000000000004D
:10338000000000000000000000000000000000003D
:10339000000000000000000000000000000000002D
:1033A000000000000000000000000000000000001D
:1033B000000000000000000000000000000000000D
:1033C00000000000000000000000000000000000FD
:1033D00000000000000000000000000000000000ED
:1033E00000000000000000000000000000000000DD
:1033F00000000000000000000000000000000000CD
:1034000000000000000000000000000000000000BC
:1034100000000000000000000000000000000000AC
:10342000000000000000000000000000000000009C
:10343000000000000000000000000000000000008C
:10344000000000000000000000000000000000007C
:10345000000000000000000000000000000000006C
:10346000000000000000000000000000000000005C
:10347000000000000000000000000000000000004C
:10348000000000000000000000000000000000003C
:10349000000000000000000000000000000000002C
:1034A000000000000000000000000000000000001C
:1034B000000000000000000000000000000000000C
:1034C00000000000000000000000000000000000FC
:1034D00000000000000000000000000000000000EC
:1034E00000000000000000000000000000000000DC
:1034F00000000000000000000000000000000000CC
:1035000000000000000000000000000000000000BB
:1035100000000000000000000000000000000000AB
:10352000000000000000000000000000000000009B
:10353000000000000000000000000000000000008B
:10354000000000000000000000000000000000007B
:10355000000000008CEF0200000000004BAF0200F2
:103560000000000000000000C8C80020C8C80020FB
:10357000D0C80020D0C80020D8C80020D8C800205B
:1035800000C201000001030110D200200000000071
:10359000000000000000000000000000000000002B
:1035A000D4F302000200000008C9002008C900206E
:1035B000000000000100000018C9002018C9002008
:1035C00020C9002020C900200000000001000000E8
:1035D00030C9002030C900200000000000000000B9
:1035E00000000000000000000000000000000000DB
:1035F0000000000000000000000000004CE9020094
:10360000000000000000000011E4002009E4002098
:1036100031F0010035BE0200000000000000000093
:10362000C9F30100000000000000000000000000DD
:10363000F501020000000000000000000000000092
:10364000310802000000000000000000000000003F
:103650004511020000000000000000000070014061
:1036600000000000FFFF00003F000000FFFF00001F
:103670003F0000000000000000000000000000000B
:10368000000000000000000000000000000000003A
:10369000000000000000000000000000000000002A
:1036A000000000000000000000000000000000001A
:1036B000000000000000000000000000000000000A
:1036C0000000000008000000FF00000000000000F3
:1036D00001000000000000000000000000000000E9
:1036E00000000000000000000000000000000000DA
:1036F00000000000000000000000000000000000CA
:1037000000000000000000000000000000000000B9
:1037100000000000000000000000000000000000A9
:10372000000000000000000008000000FF00000092
:10373000000000000100000000000000D13602007F
:10374000D1340200F5360200DD340200D93902001E
:1037500061370200A139020005CA0200FFC9020058
:10376000F9C90200C4CA0020C4CA0020CCCA002083
:10377000CCCA0020053030303000303130310031DB
:103780003030310030303030303030310030303196
:10379000303030313100FF00000000004A210300CA
:1037A000E502020000000000E91B03003DFB0100F0
:1037B00000000000B41D03004D00020000000000E6
:1037C000D81E030011010200000000001C240300A9
:1037D0007108020000000000DF250300190B020041
:1037E00000000000D525030095090200000000003C
:1037F00000000000000000000000000000000000C9
:103800000000000000000000697B020000000000D2
:10381000000000000000000078CB002078CB0020E2
:103820007111020000000000000000000000000014
:10383000000000000000000098CB002098CB002082
:1038400000000000B0760120000000000800000029
:10385000080200000000000000000000704E01207F
:103860000028000000000000000000000000000030
:103870000000000030EC002000010000000000000B
:103880000000000000000000E8CB0020E8CB002092
:1038900000000000000000000E000000FCCB002033
:1038A000FCCB002000000000000000000E00000023
:1038B00010CC002010CC0020000000000000000010
:1038C0000E00000024CC002024CC002000000000CA
:1038D000000000000E00000038CC002038CC002092
:1038E00000000000000000000E0000004CCC002092
:1038F0004CCC002000000000000000000E00000082
:1039000060CC002060CC002000000000000000001F
:103910000E00000074CC002074CC002000000000D9
:10392000080000000800000070760120B076012039
:103930007076012070760120000000009CCC0020F1
:103940009CCC002000000000A8CC0020A8CC0020C7
:103950000000000001000000B8CC0020B8CC00201E
:10396000C0CC0020C0CC00200000000001000000FE
:10397000D0CC0020D0CC0020D8CC0020D8CC002047
:103980000000000001000000E8CC0020E8CC00208E
:10399000F0CC0020F0CC002000000000010000006E
:1039A00000CD002000CD002008CD002008CD002053
:1039B000000000000100000018CD002018CD0020FC
:1039C00020CD002020CD00200000000001000000DC
:1039D00030CD002030CD00200000000000000000AD
:1039E0000000000044CD002044CD00204CCD00203C
:1039F0004CCD002098CD0020000000000000000009
:103A000000000000000000000000000000000000B6
:103A100000000000000000000000000000000000A6
:103A20000000000000000000000000000000000096
:103A30000000000000000000D4E80200BCCD00201F
:103A40000000000000020000000000000000000074
:103A50000005000000000000000000000000000061
:103A60000000000091BE01000000000015E015E01C
:103A700007699700100020001FDFA0A22F349FC904
:103A80000627967627A6F025DD4FD6B976CD2E0DE2
:103A9000A3B3C68A00B1C59F01002000E30466F607
:103AA000B8470C1F29070B17F1E2D3E94D445E3FDD
:103AB000608087FDC711E4382BB538B62200470077
:103AC000304502204C104A3FF1156B4C5F61449425
:103AD00040840111EC0D83E1091B15A1F2B7F855E3
:103AE000ACDCC6A3022100C8B6345B140D82147589
:103AF000399EEA264EF389C061AE9ED8FBC8576650
:073B0000A55D1B46AF334E2B
:00000001FF
